timestamp,solar_generation_kw,temperature_c,humidity_pct,cloud_cover_pct,wind_speed_ms,irradiance_wm2,load_demand_kw,battery_soc_pct
2024-01-01 00:00:00,0.0,19.940913731044642,89.17310104949834,37.454011884736246,1.6336675839842019,0.0,1.589825752572084,33.26499207818859
2024-01-01 01:00:00,0.0,21.862205706079244,94.00177715165994,95.07143064099162,1.8445905105988336,0.0,1.918758990482655,20.0
2024-01-01 02:00:00,0.0,19.366727295289728,90.7827448934861,73.1993941811405,2.0229394915820365,0.0,2.0165465103892624,20.0
2024-01-01 03:00:00,0.0,18.978344526571473,92.12391543416032,59.86584841970366,3.867070570439779,0.0,1.6038393861109275,20.0
2024-01-01 04:00:00,0.0,19.425386531188945,93.39836300625466,15.601864044243651,0.5115020562039763,0.0,1.7514301521874636,20.0
2024-01-01 05:00:00,0.0,21.05297485284598,90.60127079125672,15.599452033620265,3.977934409290982,0.0,1.827566293922126,20.0
2024-01-01 06:00:00,0.23670189162796765,22.458708638215338,77.71006928832814,5.8083612168199465,5.117074471147008,47.34037832559353,1.6643926843284143,20.0
2024-01-01 07:00:00,0.6200478391910027,23.760907710520772,85.33881316700041,86.61761457749351,4.832942849663252,124.00956783820054,2.2543623784337736,20.0
2024-01-01 08:00:00,1.13098021917772,23.835949367594175,80.53814909274497,60.11150117432088,3.8278410040304056,226.196043835544,3.1124727880515453,20.0
2024-01-01 09:00:00,1.642916998790629,25.40352641492159,82.15561576809304,70.80725777960456,8.391466080707525,328.5833997581258,2.2527402838940103,20.0
2024-01-01 10:00:00,4.322824936391266,26.81346124684623,82.18995778212529,2.0584494295802447,1.453266924205041,864.5649872782532,2.0664436850866266,41.43562188739408
2024-01-01 11:00:00,0.6641084343129168,27.249534199416246,73.02347087857802,96.99098521619943,5.056967437813739,132.82168686258336,2.2322379140922877,24.928995784453328
2024-01-01 12:00:00,2.179326360589664,29.58750012533954,67.67076773458497,83.24426408004217,0.620414169565543,435.8652721179328,1.9372816482446176,27.22842055173127
2024-01-01 13:00:00,4.157114940140363,29.112447230722868,66.60642653574314,21.233911067827616,0.7115567887790974,831.4229880280726,2.006770040717788,47.65669709624573
2024-01-01 14:00:00,3.884460190976239,29.932722535086466,64.76124973266275,18.182496720710063,5.738658496770963,776.8920381952478,1.9807861681797272,65.7416003128126
2024-01-01 15:00:00,3.874254758081335,30.682794437858533,67.19945019532794,18.34045098534338,5.66018424887821,774.850951616267,2.2678609231258555,81.00234174488963
2024-01-01 16:00:00,2.502243374709224,28.900492040394685,65.69346958725392,30.42422429595377,8.78033512844457,500.44867494184484,2.154621193515463,84.30475246623038
2024-01-01 17:00:00,1.8816655050379498,29.500303800235184,74.38866227373478,52.475643163223786,5.5787367566007315,376.33310100758996,1.8572419681701362,84.5367760664746
2024-01-01 18:00:00,0.7428329580428867,25.66148137672793,83.16762386715587,43.194501864211574,9.597910204048501,148.56659160857734,4.950890922220523,52.95782869805355
2024-01-01 19:00:00,0.0,26.996628539446462,70.91205956914384,29.122914019804192,0.4869484839992977,0.0,3.7863389160503895,21.378881329632488
2024-01-01 20:00:00,0.0,24.001905372230965,73.22476499142557,61.18528947223795,0.9800768478074107,0.0,5.161248207277029,20.0
2024-01-01 21:00:00,0.0,24.396830066617404,81.29618740285954,13.949386065204184,0.4406586157038139,0.0,3.1256411815163263,20.0
2024-01-01 22:00:00,0.0,25.166905222320008,80.15196849079122,29.214464853521815,1.8527685033354002,0.0,5.760590958222822,20.0
2024-01-01 23:00:00,0.0,21.561210007006313,83.91047693509776,36.63618432936917,5.412701109416781,0.0,2.353629928527957,20.0
2024-01-02 00:00:00,0.0,21.168756175846017,85.95174439267178,45.606998421703594,6.4557218142742805,0.0,1.5190434092742917,20.0
2024-01-02 01:00:00,0.0,20.400426480100162,89.81650861234237,78.51759613930136,0.455851579486688,0.0,2.1571976616400623,20.0
2024-01-02 02:00:00,0.0,19.421540271123668,90.76944795828773,19.967378215835975,9.459708898455993,0.0,2.4201138133226285,20.0
2024-01-02 03:00:00,0.0,19.690664128996836,90.46740843337922,51.42344384136116,8.42165376650381,0.0,2.189821071328762,20.0
2024-01-02 04:00:00,0.0,19.60384080945013,90.53460733806148,59.24145688620425,2.966124821570931,0.0,1.7142718093102596,20.0
2024-01-02 05:00:00,0.0,21.58277724218393,83.36674106832122,4.645041271999773,0.7718753022646796,0.0,2.122029479252009,20.0
2024-01-02 06:00:00,0.08024939092150579,23.849179048888704,82.42380110311277,60.75448519014384,1.6988707321905727,16.049878184301157,1.5127564797074307,20.0
2024-01-02 07:00:00,1.4810482812455572,24.708140941190322,76.9941936530733,17.052412368729154,1.2694441375497267,296.20965624911145,3.131114966452774,20.0
2024-01-02 08:00:00,2.1485850820414742,23.684558692950155,89.17810312111293,6.505159298527952,1.2328377929894685,429.71701640829485,2.7471325720781614,20.0
2024-01-02 09:00:00,0.76872342371994,25.622374436254525,80.80862099386495,94.88855372533332,5.185616886657339,153.744684743988,2.885828196083927,20.0
2024-01-02 10:00:00,1.4804899556236584,27.477563948019426,74.75511939514756,96.56320330745594,2.458474424934003,296.09799112473166,2.2248708535798807,20.0
2024-01-02 11:00:00,2.310261308283919,29.497879075199307,65.64770021124652,80.83973481164611,3.5813971652914445,462.0522616567838,1.5996639220767759,26.750675168967863
2024-01-02 12:00:00,3.903892941075449,30.099158674364467,67.16473734307297,30.46137691733707,9.895053333843224,780.7785882150898,1.509700354923042,49.49550473741572
2024-01-02 13:00:00,4.414261545258769,30.228392895870154,67.4679912060715,9.767211400638388,6.843142489253448,882.8523090517538,2.0785853485929495,71.684428605741
2024-01-02 14:00:00,2.612754163645836,30.714745649888947,67.40188841096348,68.42330265121569,9.489806670470013,522.5508327291672,2.106719579782232,76.49175715244525
2024-01-02 15:00:00,3.18218653141491,30.60656082380017,76.0819900938591,44.01524937396013,1.425565550331156,636.437306282982,2.128721387025582,86.49967602414387
2024-01-02 16:00:00,3.2505754465580647,29.62150600373814,70.91791342770792,12.203823484477883,3.8213947483256927,650.1150893116129,2.372462815083674,94.84174602315058
2024-01-02 17:00:00,0.8367030023298803,29.26761485736576,82.68437666278373,49.51769101112702,5.547318032823543,167.34060046597605,2.3291817799499177,79.13144310083439
2024-01-02 18:00:00,1.0285796370160036,29.548708257698852,62.77512213360314,3.4388521115218396,0.7675806188873802,205.71592740320074,4.845644689790742,47.552495732413334
2024-01-02 19:00:00,0.0795170407153113,26.326734062203478,75.68610814222207,90.9320402078782,0.04187443627957865,15.903408143062258,4.782995201779787,20.0
2024-01-02 20:00:00,0.0,23.84305860277053,83.92640609590848,25.87799816000169,6.704343337969175,0.0,3.370390721192208,20.0
2024-01-02 21:00:00,0.0,23.649890102653725,83.9652622280815,66.2522284353982,6.418195168014353,0.0,3.682265186170588,20.0
2024-01-02 22:00:00,0.0,23.00091732908586,79.0865439804444,31.171107608941096,4.107888099996117,0.0,4.828335891981837,20.0
2024-01-02 23:00:00,0.0,20.767182413597453,89.68041693346186,52.00680211778108,4.896440760320326,0.0,2.393534583498437,20.0
2024-01-03 00:00:00,0.0,19.098452982739506,87.14123781861106,54.67102793432797,4.154430005920896,0.0,1.9623614472477393,20.0
2024-01-03 01:00:00,0.0,21.174061579666663,86.13445869138297,18.485445552552704,0.24005044844888856,0.0,2.429260975197892,20.0
2024-01-03 02:00:00,0.0,20.7663884765724,86.39774833548091,96.95846277645586,3.353716062174624,0.0,2.281523129533067,20.0
2024-01-03 03:00:00,0.0,18.540637703308462,95.0,77.51328233611146,1.7708225539728983,0.0,2.324094490484374,20.0
2024-01-03 04:00:00,0.0,20.682042663360715,88.1715421663133,93.9498941564189,0.9842418910136874,0.0,1.839203431271918,20.0
2024-01-03 05:00:00,0.0,22.582847376177842,77.99170453401824,89.48273504276489,9.567204338893498,0.0,2.351484449313994,20.0
2024-01-03 06:00:00,0.03574765870230412,23.550049041553425,84.52319309440576,59.78999788110851,5.993597250421656,7.149531740460824,1.950536539067076,20.0
2024-01-03 07:00:00,0.359954669974286,21.97989415582063,86.19018288182461,92.18742350231169,7.286562842366027,71.9909339948572,3.3230486482923496,20.0
2024-01-03 08:00:00,2.001854246586671,26.536061181709528,79.91556616605459,8.84925020519195,3.153637432661175,400.37084931733415,2.2328910481694226,20.0
2024-01-03 09:00:00,3.0272381322229096,26.411219441662453,69.4111448540402,19.59828624191452,3.931471294940152,605.4476264445819,2.1592902580695315,28.245504804457095
2024-01-03 10:00:00,4.286099282897099,29.105619832565118,61.38505770791487,4.522728891053807,2.369239938967235,857.2198565794198,2.143770608101245,48.5976272150177
2024-01-03 11:00:00,3.417491789405935,27.598738670973354,80.68497484622846,32.53303307632643,0.9696567096542474,683.498357881187,2.1486950425330353,60.651196310310254
2024-01-03 12:00:00,3.75277344850344,30.130828966467767,80.03756707575147,38.8677289689482,1.790316374415838,750.554689700688,2.3179847710772052,74.28168874585947
2024-01-03 13:00:00,4.154489967211698,29.67315175532218,63.09476075951096,27.134903177389592,7.975140452964858,830.8979934423396,1.7037173932776666,95.0
2024-01-03 14:00:00,1.997510203602488,29.691039985402092,60.09500603536915,82.87375091519293,6.7754580518377585,399.50204072049763,1.6653704255131858,95.0
2024-01-03 15:00:00,3.1371883491735097,27.943500427494314,82.95968576201449,35.67533266935893,5.469288759854769,627.437669834702,1.936048297972588,95.0
2024-01-03 16:00:00,2.83236841931156,27.869626119503707,80.21705116915174,28.093450968738075,4.75089872866768,566.473683862312,1.9981296741839802,95.0
2024-01-03 17:00:00,1.5958195814858454,26.819500657622047,68.05042511699871,54.26960831582485,9.224342836561245,319.16391629716907,1.8669578318169953,92.14591315440896
2024-01-03 18:00:00,1.1042008927735487,27.279981972340327,74.80300169336955,14.092422497476264,0.727349477786684,220.84017855470972,3.8176732464462013,63.583046273644186
2024-01-03 19:00:00,0.2718633876735407,25.996299069288646,77.7877761966471,80.21969807540397,2.8060081323791595,54.37267753470814,3.916729377983477,32.00409890522313
2024-01-03 20:00:00,0.0,22.632522346626722,86.5038084612035,7.455064367977082,3.4993785357071405,0.0,4.6929031940094905,20.0
2024-01-03 21:00:00,0.0,21.836002091570986,81.74198241619985,98.68869366005173,7.824258122127878,0.0,5.130629544948794,20.0
2024-01-03 22:00:00,0.0,23.561256258512117,80.710539649545,77.22447692966574,9.925146201619713,0.0,4.3628121730812754,20.0
2024-01-03 23:00:00,0.0,20.89654861548131,89.79513461409056,19.87156815341724,2.4067051475715306,0.0,2.3461191855551116,20.0
2024-01-04 00:00:00,0.0,19.829379995571113,93.7774322608342,0.5522117123602399,8.743073341370806,0.0,1.6452860097457866,20.0
2024-01-04 01:00:00,0.0,19.872240289288815,81.99345746993836,81.54614284548342,8.306227604317913,0.0,1.5300202257173363,20.0
2024-01-04 02:00:00,0.0,21.342180131244852,77.64520101021242,70.68573438476172,2.2465739764176664,0.0,2.453124612507965,20.0
2024-01-04 03:00:00,0.0,21.50675267200785,87.33693703202714,72.90071680409874,3.993325801992226,0.0,2.0471276425689005,20.0
2024-01-04 04:00:00,0.0,20.595527651319284,87.8861874864317,77.12703466859458,4.096728692925192,0.0,2.075549507831103,20.0
2024-01-04 05:00:00,0.0,20.74921757524967,85.03068117007389,7.4044651734090365,9.782206685265583,0.0,1.7011729671139006,20.0
2024-01-04 06:00:00,0.0,21.972005978234385,92.82133384436327,35.84657285442726,1.8089190137889832,0.0,1.7533981075593728,20.0
2024-01-04 07:00:00,1.100868432819581,24.10150360925034,79.28964566470694,11.586905952512971,7.99157971104782,220.1736865639162,2.2636207469949183,20.0
2024-01-04 08:00:00,1.0671611014965696,25.309726779136003,81.75930640088566,86.31034258755935,3.341927141731099,213.4322202993139,2.739997771919955,20.0
2024-01-04 09:00:00,2.0443670182091815,23.642267162467654,86.85551770588205,62.329812682755794,7.308703457761604,408.87340364183626,3.5265703804063184,20.0
2024-01-04 10:00:00,3.0654129442558626,26.62330291438071,80.05569393299633,33.08980248526492,4.200110042956629,613.0825888511725,1.8307929914276557,31.728889551867965
2024-01-04 11:00:00,4.757485102276334,26.46415672659458,73.18402092703656,6.355835028602364,5.7835976311654,951.4970204552668,1.638232086785337,60.22888955186796
2024-01-04 12:00:00,4.020058915075425,29.60236374424958,70.50892045739033,31.09823217156622,8.326117733261311,804.0117830150849,1.9329730498397062,80.05620527160728
2024-01-04 13:00:00,3.638324961475555,28.49013976491668,72.90928889520876,32.518332202674706,8.041655649838841,727.664992295111,2.2021643286483124,93.69973128346608
2024-01-04 14:00:00,2.166488857783657,31.08522226366163,68.02233131659833,72.96061783380641,8.664231835397002,433.2977715567314,2.436565611658006,90.85681808478873
2024-01-04 15:00:00,1.8056150627372651,29.5829047073309,76.76649577198982,63.75574713552131,0.5961732534465902,361.123012547453,2.292003126130196,85.73694373328419
2024-01-04 16:00:00,1.1527976110123483,30.51720469766395,64.14164191652367,88.72127425763266,6.920505530397448,230.55952220246968,1.6447106361365198,80.55891188987185
2024-01-04 17:00:00,1.714711135965951,27.81123137172507,71.54071822851432,47.22149251619493,1.3998737672176287,342.9422271931902,2.2174035554052103,75.26741273787965
2024-01-04 18:00:00,0.5800799102367061,27.543030973321283,78.34822760841872,11.959424593830171,4.1581856801841095,116.01598204734123,3.977670430180928,43.688465369458605
2024-01-04 19:00:00,0.0,28.41572653284281,85.30086530734934,71.3244787222995,5.485884150546885,0.0,5.957974716511978,20.0
2024-01-04 20:00:00,0.0,24.918105620427507,85.1197443237783,76.07850486168974,4.027394847468307,0.0,4.972332981532395,20.0
2024-01-04 21:00:00,0.0,23.471907203940834,87.3740423877974,56.127719756949624,5.196116758030075,0.0,5.885287435036407,20.0
2024-01-04 22:00:00,0.0,24.275490849240047,74.05303820973108,77.0967179954561,9.965263087986191,0.0,5.129414139817116,20.0
2024-01-04 23:00:00,0.0,21.605998226216965,95.0,49.379559636439076,1.3521731371285473,0.0,1.768557140620641,20.0
2024-01-05 00:00:00,0.0,20.95110347329641,95.0,52.27328293819941,6.754560453364256,0.0,2.1609738206496756,20.0
2024-01-05 01:00:00,0.0,19.956694099684796,79.98252387770067,42.75410183585496,3.960009663856152,0.0,2.117354250988067,20.0
2024-01-05 02:00:00,0.0,18.709057780506775,90.5470126071196,2.541912674409519,1.3300979890732878,0.0,2.461640492315304,20.0
2024-01-05 03:00:00,0.0,21.91003612052511,86.60634810261598,10.789142699330444,1.5873676337430953,0.0,1.9110471935560582,20.0
2024-01-05 04:00:00,0.0,19.555340666069746,82.1932929069965,3.142918568673425,9.49273106245617,0.0,1.9091966437856498,20.0
2024-01-05 05:00:00,0.0,23.491268463004168,93.31705261606403,63.64104112637804,8.796014967117621,0.0,1.9971538158828717,20.0
2024-01-05 06:00:00,0.0,22.48795644704007,79.42024885243862,31.435598107632668,9.070419604150219,0.0,2.4326457173411677,20.0
2024-01-05 07:00:00,1.0402768193621212,23.655103985867864,90.88631144510974,50.85706911647028,9.915327758273865,208.05536387242427,2.8035873406667275,20.0
2024-01-05 08:00:00,0.6903934131676401,25.24511428437262,83.14374166326378,90.7566473926093,2.0831539000851795,138.07868263352802,3.9200237616382507,20.0
2024-01-05 09:00:00,2.8090865458193934,27.580477362508137,76.43090997255706,24.929222914887493,3.5543933736406172,561.8173091638787,2.3443885348515083,24.41463110419491
2024-01-05 10:00:00,3.1048858203433976,26.56689392281289,71.88155402236357,41.038292303562976,6.692190299248667,620.9771640686795,1.531884795208592,39.358140842975565
2024-01-05 11:00:00,2.1143259351679484,28.09192707572535,72.87563147082403,75.55511385430486,4.838025398606472,422.8651870335897,1.6998729746494436,43.295443967901356
2024-01-05 12:00:00,4.139175745176618,30.029080090639614,66.79665051270273,22.879816549162246,4.183895333783335,827.8351490353236,1.9293227657041951,64.28904727288936
2024-01-05 13:00:00,4.640311678892505,29.844656881732437,65.63625277296829,7.697990982879299,3.5781124933559303,928.062335778501,2.1761417886014573,87.69866123065432
2024-01-05 14:00:00,3.906645278159684,31.05672491128042,72.72058569869188,28.9751452913768,5.937806319434522,781.3290556319367,2.4456296777489968,95.0
2024-01-05 15:00:00,3.3480774663335215,31.649400918757937,77.22700506734623,16.122128725400444,5.75593428640082,669.6154932667043,1.9763382934943663,95.0
2024-01-05 16:00:00,1.2544973236445565,31.313760671358214,67.43188082987254,92.96976523425731,1.6145783406424008,250.89946472891128,2.408917744121454,82.84820610024319
2024-01-05 17:00:00,0.9925425414373646,29.894831505297542,68.58586291620378,80.8120379564417,4.71739837518439,198.50850828747292,1.829416657374443,74.03900487985288
2024-01-05 18:00:00,0.7117848912187611,28.37398975100688,73.64421672840459,63.34037565104234,5.534717762098499,142.35697824375222,4.596353917376348,42.460057511431835
2024-01-05 19:00:00,0.0,25.459823882444642,81.4820274698781,87.14605901877177,5.702869387313905,0.0,5.78209922838466,20.0
2024-01-05 20:00:00,0.0,25.9049620414942,77.06104217163139,80.36720768991145,2.101071929123518,0.0,4.151846682788918,20.0
2024-01-05 21:00:00,0.0,23.531764057357154,91.50738921840738,18.657005888603585,7.422713922522868,0.0,3.367749469521549,20.0
2024-01-05 22:00:00,0.0,22.417407424648708,89.0150288073787,89.25589984899777,0.25199094821069634,0.0,5.20346112096721,20.0
2024-01-05 23:00:00,0.0,21.383442257328465,87.12127117595136,53.93422419156507,3.5483185554316266,0.0,1.6005303586918358,20.0
2024-01-06 00:00:00,0.0,22.63678994358606,84.53069997798617,80.74401551640625,7.802126485356336,0.0,1.834735326579279,20.0
2024-01-06 01:00:00,0.0,21.260157882758826,92.8422878053687,89.60912999234932,5.638929210554023,0.0,2.203935907327831,20.0
2024-01-06 02:00:00,0.0,20.863437280189878,88.19530999526877,31.800347497186387,2.611624325108602,0.0,1.9891965179806155,20.0
2024-01-06 03:00:00,0.0,18.781748854019675,91.2878256344714,11.005192452767677,6.949531193430477,0.0,1.8076550873563364,20.0
2024-01-06 04:00:00,0.0,20.792115985624875,86.32095080114408,22.793516254194166,5.673909441560734,0.0,1.7485357439270928,20.0
2024-01-06 05:00:00,0.0,22.49307640537064,81.29455024364414,42.71077886262563,7.962436094563872,0.0,1.8272211831614538,20.0
2024-01-06 06:00:00,0.0,21.838974945372506,83.74735657708862,81.80147659224932,7.350251861898234,0.0,1.9537537602503536,20.0
2024-01-06 07:00:00,0.49392588891235356,24.044898288296817,91.80663545091367,86.07305832563435,6.1010792203623465,98.78517778247071,3.2665669646659907,20.0
2024-01-06 08:00:00,2.1997446567390644,23.949813462638332,77.23888185104916,0.6952130531190703,4.88177675310814,439.94893134781285,2.6195306282858066,20.0
2024-01-06 09:00:00,2.199933001063533,25.538091206056,89.35569467564477,51.07473025775657,1.331821256675234,439.9866002127066,2.762201027223628,20.0
2024-01-06 10:00:00,3.001425054733056,26.571780032651983,83.07358132521065,41.7411003148779,2.613330178853838,600.2850109466112,1.5237163603057906,34.03823259705902
2024-01-06 11:00:00,3.7549230348444245,26.72626619134448,75.79278453309108,22.210781047073024,4.1909947291708525,750.9846069688849,2.4429127113917564,46.50233066985937
2024-01-06 12:00:00,4.665732793409874,28.87465996267245,73.47546554051512,11.98653673336828,5.992992870063887,933.1465586819747,2.110946525702653,70.77280021307797
2024-01-06 13:00:00,4.094377000510119,30.53722095341996,67.10608914561546,33.7615171403628,5.137078552153048,818.8754001020237,1.7215010508538526,93.3151217348125
2024-01-06 14:00:00,2.1816774287262963,32.94304833526862,67.7363586313714,94.29097039125192,2.881845259595295,436.33548574525923,2.448704918239181,90.50430605572949
2024-01-06 15:00:00,3.0679645424780597,31.225063213644525,66.19284827188847,32.320293202075526,0.06464357789710551,613.5929084956119,1.9950559456545849,95.0
2024-01-06 16:00:00,1.96162693593568,29.34817427139042,77.35702421993014,51.87906217433661,4.962392219008139,392.32538718713596,1.75241381297656,95.0
2024-01-06 17:00:00,1.3086701147739939,28.94748690499455,68.38644576353842,70.30189588951778,2.856259885622431,261.7340229547988,1.8513559346549266,89.28751768546385
2024-01-06 18:00:00,0.6668882966252077,26.677834393310594,70.20630479511351,36.3629602379294,7.346083007105351,133.37765932504152,4.66578996782382,57.708570317042806
2024-01-06 19:00:00,0.0,27.713550906310445,81.82333339825787,97.17820827209607,0.2394626527048349,0.0,5.1761688049854975,26.12962294862175
2024-01-06 20:00:00,0.0,25.306134553102755,78.23243320959,96.24472949421113,5.8482781130579085,0.0,4.848672754820859,20.0
2024-01-06 21:00:00,0.0,22.42764214522982,83.71068866287266,25.178229582536417,9.414742375060655,0.0,5.8269028137036205,20.0
2024-01-06 22:00:00,0.0,21.740326982247446,89.83757777066931,49.72485058923854,1.744092671114995,0.0,4.013132324172673,20.0
2024-01-06 23:00:00,0.0,22.06036355258763,90.59453012785872,30.087830981676966,4.716494907505954,0.0,2.2657842927157246,20.0
2024-01-07 00:00:00,0.0,22.39783681645957,82.8575940349473,28.484049437746762,0.9142199181713817,0.0,1.8864937228639138,20.0
2024-01-07 01:00:00,0.0,20.732609928312925,82.4169442159991,3.6886947354532795,6.256819122613527,0.0,2.476013925598794,20.0
2024-01-07 02:00:00,0.0,19.606562103725448,81.24088849766288,60.956433397989684,5.505316805962256,0.0,2.1740013710698536,20.0
2024-01-07 03:00:00,0.0,21.37548860816911,87.97726839330996,50.26790232288615,4.073655242128323,0.0,2.2617427064695157,20.0
2024-01-07 04:00:00,0.0,21.242318287232912,89.50059677494617,5.147875124998935,5.213770214737412,0.0,2.1511977120953465,20.0
2024-01-07 05:00:00,0.0,22.310317278536267,83.66863262731016,27.864646423661142,8.965746584690102,0.0,1.7016552112668921,20.0
2024-01-07 06:00:00,0.10978753342510439,22.183917038877027,87.2038593379031,90.82658859666537,1.9629430231106704,21.957506685020878,2.020082683216584,20.0
2024-01-07 07:00:00,1.2975669808785169,24.53908420575758,79.44669482791406,23.95618906669724,0.22564511705347234,259.51339617570335,2.3879879124467944,20.0
2024-01-07 08:00:00,2.4351059742455803,25.0440625674066,70.73303108430136,14.48948720912231,8.61664884699101,487.02119484911606,3.5827054473046687,20.0
2024-01-07 09:00:00,2.281580540683482,26.436473138023068,84.1635522566268,48.9452760277563,5.771170823879065,456.31610813669636,2.383546916587342,20.0
2024-01-07 10:00:00,1.0827607585139567,27.390135876898064,74.29929391112428,98.56504541106007,8.906584554618425,216.55215170279132,2.376313969915509,20.0
2024-01-07 11:00:00,3.4541615880353165,30.201137119619265,72.95643817172085,24.20552715115004,5.969452234131726,690.8323176070633,1.8759383754032934,34.99312052000422
2024-01-07 12:00:00,2.571486525182798,30.38233817487925,69.72249420172801,67.21355474058785,8.101610899597025,514.2973050365596,1.9621404732699008,40.78190801317674
2024-01-07 13:00:00,2.334628912900364,30.229629137058907,72.70592535713482,76.16196153287176,4.296733633551479,466.92578258007285,2.4986173191643846,39.05571426302915
2024-01-07 14:00:00,3.892419242085469,30.78202738757413,63.87785871408222,23.763754399239968,7.498599312882687,778.4838484170938,1.9883349130043346,57.14451538929992
2024-01-07 15:00:00,1.5756835793583672,29.58174901236668,73.4046771445924,72.82163486118596,9.13041466889856,315.13671587167346,1.8009190731654188,54.773615454488855
2024-01-07 16:00:00,2.5126104836664354,29.003591166387622,66.13819319818748,36.77831327192532,5.721229637222063,502.52209673328707,1.6988285302864798,62.504544011598426
2024-01-07 17:00:00,1.3026873603810851,26.97858281922626,69.89910808278654,63.23058305935795,1.8078515056237954,260.537472076217,2.170974709485785,53.364677178917375
2024-01-07 18:00:00,0.47279525095896235,27.04900598297069,77.37173497377442,63.35297107608947,2.6879761503019814,94.55905019179247,4.794547336626007,21.785729810496328
2024-01-07 19:00:00,0.0,26.236131225844304,78.53335484181902,53.57746840747585,1.9864457689740578,0.0,4.552383028152874,20.0
2024-01-07 20:00:00,0.0,25.09116814666644,83.75868441065305,9.02897700544083,2.468570275957329,0.0,4.748995439154947,20.0
2024-01-07 21:00:00,0.0,24.272091710908455,80.83585170964524,83.5302495589238,3.0641544935103635,0.0,5.331557728318829,20.0
2024-01-07 22:00:00,0.0,23.276228504724106,81.02787576579563,32.07800649717358,5.551337867531885,0.0,4.29718908055527,20.0
2024-01-07 23:00:00,0.0,21.86528925780255,88.30940712064371,18.651851039985424,5.879916294638328,0.0,1.6888701867628544,20.0
2024-01-08 00:00:00,0.0,19.606518481247488,95.0,4.077514155476392,4.264997472418611,0.0,1.797492669992668,20.0
2024-01-08 01:00:00,0.0,21.21786778343065,82.83565649554635,59.08929431882418,6.154207798208354,0.0,1.7298260417925362,20.0
2024-01-08 02:00:00,0.0,19.383224638480293,84.49357180120357,67.75643618422824,0.8157492561136592,0.0,1.9759063274732007,20.0
2024-01-08 03:00:00,0.0,19.20348934259064,95.0,1.6587828927856152,0.8778823705815997,0.0,1.8186972572853972,20.0
2024-01-08 04:00:00,0.0,22.781169315177394,80.13483435057577,51.2093058299281,1.7182946035765845,0.0,1.6463730665889678,20.0
2024-01-08 05:00:00,0.0,21.804500703273,84.91959553064726,22.649577519793795,5.180774980403448,0.0,1.7562549238890726,20.0
2024-01-08 06:00:00,0.0,23.44814295047205,81.57394194139795,64.51727904094498,2.1399467869831357,0.0,2.183699545724621,20.0
2024-01-08 07:00:00,1.0363751373679488,24.9803450023363,86.86692489735834,17.436642900499145,2.832844034925773,207.27502747358974,3.9092753040129367,20.0
2024-01-08 08:00:00,1.679435723012859,22.754414102434836,85.46818790154693,69.09377381024659,4.0031283617299405,335.88714460257177,3.7679955537423737,20.0
2024-01-08 09:00:00,2.573660729127571,25.940831090074443,76.31695358546624,38.67353463005374,8.118661240103798,514.7321458255142,2.211911822688095,23.43661461117502
2024-01-08 10:00:00,1.7239356310166454,27.162184905808598,72.53852651625093,93.67299887367345,0.13862135912860118,344.7871262033291,2.399250306981565,20.0
2024-01-08 11:00:00,3.6556454540140213,28.996611938229172,72.1193409955303,13.752094414599325,6.493788202366224,731.1290908028043,1.543397178578561,40.06635861663687
2024-01-08 12:00:00,3.6494866333189937,28.270915310549288,70.95686429596805,34.10663510502585,6.688765310406853,729.8973266637987,1.9953176469339087,55.78096398729519
2024-01-08 13:00:00,4.5471827910043485,31.954185361274355,68.87914838262047,11.347352124058908,7.986557803566365,909.4365582008696,1.7147351251215632,82.68921681318166
2024-01-08 14:00:00,1.837323147689337,31.72569379281477,67.15783473503274,92.46936182785628,9.327529390603132,367.4646295378674,1.877968355641284,82.26137251895062
2024-01-08 15:00:00,1.5685788173450967,29.92945544654511,65.78798399128037,87.7339353380981,0.20137848949289827,313.71576346901935,2.1089991110519284,76.57273784835239
2024-01-08 16:00:00,3.1531643604148387,28.529791612756892,70.44548049459065,25.79416277151556,1.5378370551321618,630.6328720829678,1.5758716412240474,91.5570186806649
2024-01-08 17:00:00,1.6200130832989785,30.94037144818671,72.73858218344745,65.99840460341791,8.861712940559931,324.0026166597957,1.689017282746497,90.83065868648048
2024-01-08 18:00:00,0.0,29.282905600065146,70.19748686474392,81.72222002012158,4.585185621870154,0.0,3.967015374242831,59.25171131805944
2024-01-08 19:00:00,0.03839978381354062,26.96414489732813,79.12653192657696,55.52008115994623,5.645906389334635,7.679956762708123,5.0152345214324505,27.67276394963839
2024-01-08 20:00:00,0.0,24.92689269799106,76.19236000859111,52.965057835600646,6.630272037231474,0.0,5.672472394531883,20.0
2024-01-08 21:00:00,0.0,23.5198970801953,85.90532668923798,24.18522909004517,6.790666044956374,0.0,5.534127501227587,20.0
2024-01-08 22:00:00,0.0,21.014813837300068,77.72299989705147,9.310276780589922,9.317404033165083,0.0,4.902729272932628,20.0
2024-01-08 23:00:00,0.0,21.014813837300068,91.42971507088379,89.72157579533267,9.969494174116697,0.0,1.845949517863203,20.0
2024-01-09 00:00:00,0.0,20.23841733651792,78.9227292513633,90.04180571633304,7.201574609309402,0.0,1.8341364118761734,20.0
2024-01-09 01:00:00,0.0,20.13738056572741,87.13842392283401,63.31014572732679,2.872212092051508,0.0,2.4544476948529885,20.0
2024-01-09 02:00:00,0.0,20.79492311387556,95.0,33.90297910487007,8.797524022943437,0.0,2.145277755323563,20.0
2024-01-09 03:00:00,0.0,22.099214832576415,86.0342126645157,34.92095746126609,0.49220914540761607,0.0,2.0868204450735637,20.0
2024-01-09 04:00:00,0.0,21.011979020728226,95.0,72.59556788702393,2.3108085287449622,0.0,1.8791608639799433,20.0
2024-01-09 05:00:00,0.0,22.618602330595287,77.13470569731818,89.71102599525771,8.973857174637148,0.0,2.3909953746442647,20.0
2024-01-09 06:00:00,0.0,23.813782176571806,82.2950774432227,88.70864242651173,2.5619151443935495,0.0,1.5615057364586384,20.0
2024-01-09 07:00:00,0.4120611686483374,23.492311532282354,82.31396176864844,77.98755458576238,2.206510596217485,82.41223372966748,2.674475501671684,20.0
2024-01-09 08:00:00,1.3700824903838014,25.97244399791801,82.41904907651204,64.20316461542878,1.3812529314024724,274.0164980767603,2.2890304478139005,20.0
2024-01-09 09:00:00,3.2424836549267755,24.573017704552132,78.28929158200323,8.413996499504883,8.591117576469165,648.496730985355,2.8131356158109817,24.078806371600038
2024-01-09 10:00:00,3.3779200178953745,28.676533253787767,69.72832282461145,16.162871409461378,5.000582591910867,675.5840035790749,2.238992063156244,34.898621941621776
2024-01-09 11:00:00,1.5725500371051404,28.565330071054163,65.42168309099019,89.85541885270793,6.748932030541548,314.5100074210281,1.8754986220207202,31.7096894688262
2024-01-09 12:00:00,2.7160355604032422,27.177213503164676,75.49164048160357,60.642905965958995,2.390663840750297,543.2071120806485,1.5191729107498984,43.07988464053296
2024-01-09 13:00:00,5.058057684397219,28.400724524933615,70.1442120590971,0.9197051616629648,7.580404210112165,1011.6115368794436,1.5439046136306374,71.57988464053295
2024-01-09 14:00:00,4.335955351067454,31.189226461255785,70.95777281463464,10.147154286603211,7.600055449620985,867.1910702134908,1.7053681846899853,95.0
2024-01-09 15:00:00,2.4681122709064285,31.193955375616206,72.06339190610359,66.35017691080559,3.1259802490830015,493.62245418128566,1.7462707341031733,95.0
2024-01-09 16:00:00,3.0922412622142033,29.726493975389545,71.39575088907422,0.5061583846218687,4.1068263301028285,618.4482524428406,1.9421561381128116,95.0
2024-01-09 17:00:00,1.892778076641501,29.143481472938493,70.84121645286224,16.080805141749867,2.0969027743020083,378.5556153283002,2.2416030197372088,91.32815849372939
2024-01-09 18:00:00,0.9855309584921678,25.927010742927138,72.88324255479517,54.87337893665861,9.765610233229044,197.10619169843355,3.1427495776383374,68.62059408166445
2024-01-09 19:00:00,0.0,26.548826362892815,71.47795339283267,69.18951976926932,6.456025770584116,0.0,5.086062752195609,37.041646713243395
2024-01-09 20:00:00,0.0,25.305665568642596,75.73239601865002,65.19612595026005,9.345438807155155,0.0,3.858542612393722,20.0
2024-01-09 21:00:00,0.0,23.661899229545572,80.97364131735299,22.42693094605598,3.033855436291332,0.0,3.064880977385381,20.0
2024-01-09 22:00:00,0.0,22.735455795111115,66.08726195263554,71.2179221347536,7.8189091299688975,0.0,3.964987414184241,20.0
2024-01-09 23:00:00,0.0,21.14371970543271,82.94027552587082,23.724908749680008,7.65858643884742,0.0,2.172262939932566,20.0
2024-01-10 00:00:00,0.0,21.14371970543271,95.0,32.539969815926774,6.916556518665415,0.0,2.0898343944397557,20.0
2024-01-10 01:00:00,0.0,19.52693580152438,86.4171815039423,74.64914051180241,9.656389752668005,0.0,1.6618956100523583,20.0
2024-01-10 02:00:00,0.0,19.196889166046684,87.9469351258272,64.96328990472146,3.9355533610631555,0.0,2.0194487863912376,20.0
2024-01-10 03:00:00,0.0,20.81765743260069,88.82066698165576,84.9223410494178,1.307173235897573,0.0,1.695570647101523,20.0
2024-01-10 04:00:00,0.0,21.771610842864018,88.91674574845445,65.76128923003434,6.717088592440607,0.0,2.0602414637830524,20.0
2024-01-10 05:00:00,0.0,20.603958842967046,84.35280377667988,56.830860333547164,7.2930980047720615,0.0,1.539253053071,20.0
2024-01-10 06:00:00,0.24133166679028165,23.572929614507345,78.58714340078976,9.367476782809248,5.750605734588147,48.26633335805633,1.9553184100619285,20.0
2024-01-10 07:00:00,1.2746883152826514,24.410240984341478,76.81117357170392,36.77158030594335,2.0681789313339625,254.93766305653028,2.3198264900482553,20.0
2024-01-10 08:00:00,1.375162031962092,26.435570993163623,67.98682860946295,26.520236768172545,5.044559416693554,275.0324063924184,3.016623388553389,20.0
2024-01-10 09:00:00,3.073642878097824,26.383490504444215,78.32684267503544,24.398964337908357,3.121897365691294,614.7285756195648,2.901164985632235,21.638539978423097
2024-01-10 10:00:00,1.588147375229685,26.502771712561223,71.69927096481706,97.30105547524455,4.27466528166689,317.629475045937,2.4672132068082684,20.0
2024-01-10 11:00:00,3.0934375828376908,28.15104478489122,63.433538328471386,39.30977246667604,6.452185758446639,618.6875165675382,2.3465507758198627,27.095424666669366
2024-01-10 12:00:00,2.054092319713321,30.85007902483649,57.620842706652994,89.20465551771133,7.452147426908345,410.81846394266415,2.031988318270782,27.305412680373486
2024-01-10 13:00:00,2.9278150419004905,28.990101573427683,74.87495417513038,63.11386259972629,2.3222469090134314,585.563008380098,1.7150047682700285,38.82711027986288
2024-01-10 14:00:00,1.8165919781338782,30.89318834720725,71.4230939198787,79.48113035416485,4.053253606469534,363.3183956267756,1.502632155579588,41.80972859412863
2024-01-10 15:00:00,2.4965237983280866,29.345612007823256,61.054776704382746,50.26370931051921,2.6916157099162916,499.3047596656173,2.054909833825409,46.00506125690407
2024-01-10 16:00:00,1.7670350057779347,29.6644540734757,69.22118508086541,57.69038846263591,1.9863161386186912,353.40700115558695,1.980714056484356,43.75580809157332
2024-01-10 17:00:00,1.521008383201929,27.79304712816314,66.91456754736114,49.25176938188639,7.833872199958384,304.2016766403858,1.7718607267259157,41.11525710711031
2024-01-10 18:00:00,0.9792634027668481,28.032783209322623,69.90680016880215,19.52429877980445,9.092526944369924,195.85268055336962,5.142261068055053,20.0
2024-01-10 19:00:00,0.10454724110722664,27.836371853173908,71.12152312138785,72.24521152615053,3.702321856845767,20.909448221445327,5.89853407450361,20.0
2024-01-10 20:00:00,0.0,24.500127569589147,83.71490625726997,28.07723624408558,7.512789243737669,0.0,3.558495107238211,20.0
2024-01-10 21:00:00,0.0,23.50380318055556,91.25613841797326,2.431596643145384,8.96995289364411,0.0,5.3488025182196015,20.0
2024-01-10 22:00:00,0.0,23.118360566259664,91.04128126376716,64.54722959071678,8.461242105302315,0.0,5.059099819736039,20.0
2024-01-10 23:00:00,0.0,20.33306048393223,93.77079085284122,17.711067940704893,1.828133885392259,0.0,2.187962840118709,20.0
2024-01-11 00:00:00,0.0,20.01283774406048,94.94711569058715,94.04585843529144,9.562918815133614,0.0,1.5360373774991873,20.0
2024-01-11 01:00:00,0.0,19.974928994761775,92.78180054048521,95.39285770025873,3.7667644042946247,0.0,1.6064817632847064,20.0
2024-01-11 02:00:00,0.0,21.57587580950197,86.60925212907212,91.48643902204485,3.3924066117383633,0.0,1.721647314617559,20.0
2024-01-11 03:00:00,0.0,19.264550689131816,87.41313090435504,37.01587002554444,0.6243132727778034,0.0,2.491673052831678,20.0
2024-01-11 04:00:00,0.0,21.002592310662997,81.32907533628796,1.5456616528867428,4.86173654104883,0.0,2.4252646416569643,20.0
2024-01-11 05:00:00,0.0,22.04165941125499,79.77159149472409,92.83185625877253,1.090136156409287,0.0,2.26089147296124,20.0
2024-01-11 06:00:00,0.0,21.78593488201782,92.32022682378296,42.81841483173143,2.48539820927426,0.0,2.2938359121486163,20.0
2024-01-11 07:00:00,0.0,22.470201752437987,95.0,96.66548190436696,3.1694262176728136,0.0,3.990318820400242,20.0
2024-01-11 08:00:00,0.43485821831383553,26.63721164470285,69.56880247532216,96.36199770892529,8.088263234916841,86.97164366276711,3.391281506890816,20.0
2024-01-11 09:00:00,1.5138861291806236,24.67824875454577,80.98797057452273,85.300945546736,8.754886503958964,302.7772258361247,3.5367998578975595,20.0
2024-01-11 10:00:00,3.296202777821161,27.095842840520696,75.81728868334915,29.444889206958567,3.024663174614697,659.2405555642322,1.5149611982563007,36.92179500586617
2024-01-11 11:00:00,2.9822004768480923,26.863772632604572,76.78806390533114,38.50977286019253,8.586981212445739,596.4400953696185,2.0731492479812457,45.557781680101215
2024-01-11 12:00:00,2.183638871539197,29.54013532694478,73.99554926750335,85.11366715168569,8.57230937369791,436.72777430783935,2.2848829833877944,44.492054186958086
2024-01-11 13:00:00,3.7919930207219865,29.68907564594291,68.88892580002009,31.692200515627768,7.646509503848735,758.3986041443973,2.175811635742733,59.845777344260995
2024-01-11 14:00:00,4.302861404902968,31.419035611367264,68.62868895888039,16.94927466860925,1.4669511401518154,860.5722809805936,2.4863821716288923,77.10233006036472
2024-01-11 15:00:00,2.53282466068403,31.22155001912526,62.54879063429749,55.68012624583501,6.90322846900729,506.56493213680596,2.3282735648159885,79.04556547111112
2024-01-11 16:00:00,1.1563771586333973,30.14015425742831,66.09538606614312,93.6154774160781,9.450240645805687,231.27543172667944,2.096030160949801,69.1544812362016
2024-01-11 17:00:00,1.0338572073225598,30.14015425742831,61.88612543038657,69.6029796674973,6.82540478767157,206.77144146451195,1.8530047509718361,60.53187551357764
2024-01-11 18:00:00,0.4626011304519183,28.81422657570358,75.93787810257555,57.0061170089365,3.3161684910783396,92.52022609038366,4.481961540430474,28.952928145156587
2024-01-11 19:00:00,0.3646703343646794,26.9013842406143,75.58963312777021,9.717649377076853,5.005793174308312,72.93406687293587,4.609869839206482,20.0
2024-01-11 20:00:00,0.0,25.693823453859103,84.44499477338681,61.500722669916975,6.457250433510536,0.0,4.228034762647178,20.0
2024-01-11 21:00:00,0.0,24.526827653597106,76.38879484942142,99.00538501042632,5.105704087285035,0.0,5.433046124796208,20.0
2024-01-11 22:00:00,0.0,23.54005789079339,77.82553443307954,14.008401523652402,1.1995294173096982,0.0,3.3461995748424846,20.0
2024-01-11 23:00:00,0.0,22.570652932191148,83.37744814179649,51.832965236373674,3.1206404465202064,0.0,1.8676580460591083,20.0
2024-01-12 00:00:00,0.0,20.777856901803034,95.0,87.73730719279554,8.023960305536326,0.0,2.145951531112045,20.0
2024-01-12 01:00:00,0.0,21.243391863358283,88.60627370595697,74.07686177542044,8.614180460955174,0.0,1.9813827117484275,20.0
2024-01-12 02:00:00,0.0,20.113970668127774,85.80476001432709,69.7015740995268,1.3730003271557023,0.0,1.8320738908238203,20.0
2024-01-12 03:00:00,0.0,20.36413544719948,88.31394331325981,70.24840839871092,9.523867523987246,0.0,2.0215995129911217,20.0
2024-01-12 04:00:00,0.0,19.32938433971137,89.74209993113348,35.94911512197552,3.2882261784860933,0.0,2.410797911048868,20.0
2024-01-12 05:00:00,0.0,20.915237954571865,83.99247267889714,29.359184426449335,6.6231373873071995,0.0,2.016836767734499,20.0
2024-01-12 06:00:00,0.0,21.666401717033594,83.26775386725188,80.93611554785136,7.5182514595668115,0.0,1.5581677587209248,20.0
2024-01-12 07:00:00,0.3124395654139697,23.897794319509046,89.30631060112366,81.01133946791808,8.119462346378834,62.48791308279394,3.109613516547896,20.0
2024-01-12 08:00:00,1.0575638121910098,26.639256516741753,67.10762810620481,86.70723185801037,9.457497022259302,211.51276243820197,2.1098097818215487,20.0
2024-01-12 09:00:00,1.2759350566230558,26.116071935448765,81.37345373348174,91.32405525564712,3.1291954802882262,255.18701132461115,3.607769417470507,20.0
2024-01-12 10:00:00,2.5298525040787236,26.921048242651075,71.67606577557194,51.13423988609378,8.585064545515545,505.9705008157447,2.3118616998325843,22.07091264033832
2024-01-12 11:00:00,3.2665592561476062,28.7697931703895,77.3422820241184,50.15162946871996,1.3168690343620704,653.3118512295213,1.6002413702675913,37.90093255619846
2024-01-12 12:00:00,2.175174677872348,30.29262961087549,75.24271525396965,79.82951789667752,7.050409063535927,435.03493557446967,1.6487882838491528,42.901603299418824
2024-01-12 13:00:00,2.733902158021889,29.608697406505726,74.87787987909205,64.99639307777652,7.419777295139859,546.7804316043778,1.8914797303340158,50.904616362453616
2024-01-12 14:00:00,2.432284251477976,30.6419471294437,67.36476771929316,70.19668772577033,6.777232412013205,486.45685029559513,1.9514959391194442,55.472105329859666
2024-01-12 15:00:00,1.697723583719624,29.004978791154652,63.58556700395823,79.57926694361011,2.52314736135153,339.5447167439248,2.369905933890321,48.39650164385233
2024-01-12 16:00:00,1.0270879403393476,30.923091114949575,75.47987028750777,89.00053418175663,8.730431470152034,205.41758806786953,1.9450186837253551,38.73407276610489
2024-01-12 17:00:00,1.69386209288492,28.605238175362018,71.69104352819372,33.79951568515358,1.68858463370395,338.77241857698397,1.5031216513564096,40.546106960625735
2024-01-12 18:00:00,1.3825950950276007,26.849343378663804,74.66807542672933,37.5582952639944,0.5363479152083084,276.51901900552014,5.623515885114231,20.0
2024-01-12 19:00:00,0.24200626896764452,25.986523808396807,71.70754823783582,9.3981939840869,7.174649906119122,48.4012537935289,3.7605030483173194,20.0
2024-01-12 20:00:00,0.0,23.793977628591882,77.98219107332736,57.8280140996174,4.754757152327337,0.0,4.534309218904761,20.0
2024-01-12 21:00:00,0.0,24.295407824364645,67.21498269735474,3.5942273796742086,8.49098019958676,0.0,5.018140834501309,20.0
2024-01-12 22:00:00,0.0,21.083731140659392,84.61865580418147,46.55980181324602,3.8339714105825893,0.0,3.4986016104262365,20.0
2024-01-12 23:00:00,0.0,22.738131148197702,80.559419678243,54.26446347075766,1.6827858850771282,0.0,2.25670491011147,20.0
2024-01-13 00:00:00,0.0,19.514421187260147,94.59656284771725,28.65412521282844,8.364421924698696,0.0,2.0880862458546976,20.0
2024-01-13 01:00:00,0.0,19.566385009338784,95.0,59.08332605690107,5.489096316400717,0.0,2.049978986383864,20.0
2024-01-13 02:00:00,0.0,22.824220426395204,82.58052720466566,3.050024993904943,1.8919579239035489,0.0,2.2155059546211286,20.0
2024-01-13 03:00:00,0.0,20.467605141052175,86.74067294226015,3.7348188749214417,7.203839985864457,0.0,1.635886150127594,20.0
2024-01-13 04:00:00,0.0,19.34979579334051,90.10664540300182,82.26005606596583,5.111136384895005,0.0,1.985344897134418,20.0
2024-01-13 05:00:00,0.0,20.048695081011438,95.0,36.019064141126286,6.043129822403198,0.0,2.1033255656445986,20.0
2024-01-13 06:00:00,0.041659473827959634,23.084524051837434,82.49025620011632,12.706051265188478,4.608983382065819,8.331894765591926,1.8247989153803605,20.0
2024-01-13 07:00:00,1.0894738976896363,24.765854944249774,79.43036838578526,52.224326005480435,8.287089838180064,217.89477953792726,2.650265856800529,20.0
2024-01-13 08:00:00,0.736166173732812,26.330432344378817,76.736199368875,76.99935530986109,8.295627156830498,147.2332347465624,2.7472816369333968,20.0
2024-01-13 09:00:00,2.685766107968709,25.808416480937556,73.38492261655378,21.582102749684317,7.093888218243862,537.1532215937418,3.214533340202976,20.0
2024-01-13 10:00:00,2.342117164091904,28.6126343052033,72.41912993544172,62.28904758190003,1.0540137739646227,468.4234328183808,2.262948878511561,20.752098713013257
2024-01-13 11:00:00,4.470719841183415,28.257160938324844,75.715740676993,8.5347464993768,8.388538619040688,894.143968236683,2.229033742829494,42.0481166473755
2024-01-13 12:00:00,4.699507765307235,29.118037349001764,74.4749403365417,5.16817211686077,6.710129805329098,939.901553061447,1.5069575873032912,70.5481166473755
2024-01-13 13:00:00,3.0572875660253995,29.831860753607742,68.49064212742205,53.1354631568148,6.970241660042995,611.4575132050799,1.7602113679357536,82.87034052922714
2024-01-13 14:00:00,3.23347352137965,29.31088820227821,73.71667411473801,54.06351216101065,3.629828404038716,646.69470427593,1.5053391419696887,95.0
2024-01-13 15:00:00,2.4644495531307986,31.0007311031149,69.4947201033624,63.742990149820656,8.792795561570067,492.8899106261597,1.8447869286545364,95.0
2024-01-13 16:00:00,1.4038528044889582,29.011968517304265,74.97972804111942,72.60913337226616,7.2537160023485745,280.77056089779165,2.42195563013275,84.28312815111798
2024-01-13 17:00:00,0.61089920450559,28.677513819806745,70.72334622609264,97.58520794625346,1.1259046652919447,122.17984090111798,2.058134158128215,69.04907600772194
2024-01-13 18:00:00,0.7204606721277886,28.108267166344188,80.5131407065032,51.630034830119534,4.077780344061627,144.09213442555773,5.711301784197319,37.47012863930088
2024-01-13 19:00:00,0.0,27.654263356340618,78.14275293293278,32.2956472941246,8.863803619601416,0.0,4.43138930218705,20.0
2024-01-13 20:00:00,0.0,26.495458245242958,75.58595598824569,79.51861947687037,0.47196701697378995,0.0,4.580306721808476,20.0
2024-01-13 21:00:00,0.0,22.57947708560464,80.57265878735105,27.083225126207424,9.614166196420495,0.0,3.1132419509023004,20.0
2024-01-13 22:00:00,0.0,21.056074452926243,90.11211878193497,43.89714207056361,6.791625683195628,0.0,3.4444017660491495,20.0
2024-01-13 23:00:00,0.0,22.779254585586283,90.02216227251803,7.845638134226595,6.313759776433766,0.0,2.252154892257666,20.0
2024-01-14 00:00:00,0.0,21.64569631836637,86.75289588161174,2.535074341545751,2.7055925648799137,0.0,2.436342753398228,20.0
2024-01-14 01:00:00,0.0,20.679399222622635,94.41067222744718,96.26484146779251,2.4879178873917707,0.0,1.8037209535911887,20.0
2024-01-14 02:00:00,0.0,19.72962860086421,83.59184208230823,83.59801205122058,9.420582194885954,0.0,1.5568405707123885,20.0
2024-01-14 03:00:00,0.0,20.23028410564592,91.16031833169313,69.59742060936979,2.982724542341227,0.0,2.0569520916641753,20.0
2024-01-14 04:00:00,0.0,20.628624852098607,95.0,40.89529444142699,7.755052967189994,0.0,1.5320635170945416,20.0
2024-01-14 05:00:00,0.0,22.969408283182467,87.97058264665567,17.329432007084577,3.9312179820707915,0.0,1.9167490606240531,20.0
2024-01-14 06:00:00,0.0,21.719856118612228,90.23663431265048,15.643704267108605,1.3925407078470398,0.0,1.8719947597891617,20.0
2024-01-14 07:00:00,1.0650704733644367,23.245598011913035,84.98476928471604,25.024289816459532,0.1071529769535895,213.01409467288732,2.7656484159270076,20.0
2024-01-14 08:00:00,1.2665891640364888,26.597397293221622,80.02865442997793,54.92266647061205,5.442573370152508,253.31783280729775,3.944191986424622,20.0
2024-01-14 09:00:00,1.6682872878998134,25.783486726215024,79.35039214112778,71.45959227000624,9.757788185489327,333.6574575799627,2.675511974264458,20.0
2024-01-14 10:00:00,2.2346363991741502,26.51213408986023,80.59092151817887,66.01973767177313,3.6913619380920446,446.92727983483,1.8196181255080712,23.942673599827753
2024-01-14 11:00:00,3.575756419474745,26.81982558729461,73.74608589022935,27.993389694594285,3.571923339930448,715.151283894949,1.5357483944658648,43.32274983741211
2024-01-14 12:00:00,1.705425865136491,29.257269330081137,80.9318553173577,95.48652806631941,3.4409161784944207,341.0851730272982,1.5942103636124938,44.37929710189009
2024-01-14 13:00:00,2.326091099558085,28.988857241546715,74.3181863535809,73.78969166957685,5.205438373048584,465.2182199116169,2.218531318122246,45.40111502553056
2024-01-14 14:00:00,3.2706661937887818,31.209230647223936,67.460106227202,55.43540525114007,4.406648834242936,654.1332387577563,2.4935015603957082,52.784179042764755
2024-01-14 15:00:00,2.023287728395137,30.73765179398153,71.57725142383201,61.17207462343522,8.799146267270144,404.65754567902735,1.9603213900573984,53.38235925697327
2024-01-14 16:00:00,2.7549794732286625,29.657121532192292,66.51013441575424,41.96000624277899,5.0552079172349025,550.9958946457325,1.53185676252826,65.0020250086271
2024-01-14 17:00:00,1.906216823751554,30.61331149113118,72.77293342617956,24.773098950115745,5.077578381885688,381.2433647503108,1.8975918693106466,65.08396207581572
2024-01-14 18:00:00,0.9238446903469631,28.777856655030515,75.29672334425683,35.597267865126156,1.383715947205566,184.76893806939262,5.573855836207009,33.505014707394665
2024-01-14 19:00:00,0.0,27.792106995817033,78.87339210039508,75.78461104643691,9.82739540910386,0.0,3.720681499186636,20.0
2024-01-14 20:00:00,0.0,24.886437435209547,79.94786421631686,1.4393488629755868,2.499728908688297,0.0,5.386745509626849,20.0
2024-01-14 21:00:00,0.0,22.264502587111973,83.26420086820178,11.607264050691624,0.7336406745960267,0.0,3.695370832849739,20.0
2024-01-14 22:00:00,0.0,24.620993565845108,85.64725069158143,4.600264202175275,6.631462489752088,0.0,4.422976711650874,20.0
2024-01-14 23:00:00,0.0,22.219709093057837,84.57595320100815,4.072880231897013,5.953663701568726,0.0,1.625612703520302,20.0
2024-01-15 00:00:00,0.0,18.857883643515752,87.53077924589223,85.54605840110072,4.151456539927457,0.0,1.9981507202511484,20.0
2024-01-15 01:00:00,0.0,21.426137043823218,73.06467191226722,70.36578593800236,4.221922338806781,0.0,1.6399189772269942,20.0
2024-01-15 02:00:00,0.0,18.374878741117474,93.66480178362526,47.41738290873252,7.850639210464312,0.0,1.6843313489881913,20.0
2024-01-15 03:00:00,0.0,22.095996996016602,80.2917524806151,9.783416065100148,1.9571264009964906,0.0,2.2275933433047435,20.0
2024-01-15 04:00:00,0.0,20.343259200416597,95.0,49.16158751168324,8.202533189448896,0.0,1.8878985289517298,20.0
2024-01-15 05:00:00,0.0,22.94892518689296,77.5282823726168,47.34717707805657,6.487471138950181,0.0,1.9947943549418734,20.0
2024-01-15 06:00:00,0.0,22.297661093129914,84.48845159769375,17.320186991001517,4.189697737795244,0.0,1.518570718765099,20.0
2024-01-15 07:00:00,0.9258316901941086,24.651834359757775,79.39423361472177,43.385164923797305,4.580286165838686,185.16633803882172,3.8585613033716184,20.0
2024-01-15 08:00:00,1.518130347154378,25.953176254329353,82.03902349834085,39.85047343973734,2.566472071860958,303.6260694308756,3.0425355076481315,20.0
2024-01-15 09:00:00,1.6623926217829843,25.587388457139596,76.16836550088591,61.585009805221645,7.521143326969748,332.47852435659684,2.6429249558956087,20.0
2024-01-15 10:00:00,2.1510732992782997,27.076309283089323,73.40160055790028,63.50936508676438,5.128747423052678,430.21465985565993,1.5284573918439226,25.91485112062658
2024-01-15 11:00:00,4.542111907905062,27.076309283089323,73.1213324207437,4.530400977204452,3.2085454274984357,908.4223815810122,1.8312138146231214,51.66838300680501
2024-01-15 12:00:00,3.6882795923569867,29.51313994723367,66.0160849000095,37.46126146264712,5.960501157609502,737.6559184713973,2.122515868412716,66.5431383842756
2024-01-15 13:00:00,2.3088337308177005,29.980231624289974,72.21422202231044,62.58599157142364,9.95734452051323,461.7667461635401,1.5912448413042553,73.36023283465332
2024-01-15 14:00:00,3.0371225513720543,31.16441174053527,72.29956030749881,50.31362585800877,4.352622796565538,607.4245102744109,2.2067905043968143,81.2483872809181
2024-01-15 15:00:00,1.7894766897292471,29.467130128563273,68.07854825551073,85.64898411883223,9.206914007786196,357.8953379458494,1.7617528690370237,81.51176357749422
2024-01-15 16:00:00,1.7661575030703438,27.257771837226198,76.25461553396553,65.8693631618945,3.450168399245661,353.23150061406875,2.299578644102003,75.8968041982136
2024-01-15 17:00:00,2.1648224844358426,29.67172528057528,77.85301685802678,16.29344270814297,0.5473270692498589,432.9644968871685,1.8326729865303237,79.05222442831604
2024-01-15 18:00:00,0.7727799999878536,26.971083620895346,79.94581306717068,7.056874740042984,2.042421063684289,154.55599999757072,4.42657956487858,47.47327705989499
2024-01-15 19:00:00,0.0,26.529230524878795,71.2266532459769,64.24192782063156,4.1869514332768425,0.0,5.900955054084113,20.0
2024-01-15 20:00:00,0.0,25.440353993877913,76.5144492560887,2.6511310541621813,2.19634928594569,0.0,5.952494878449645,20.0
2024-01-15 21:00:00,0.0,24.366325710428708,80.53054790536113,58.57755812734633,0.002270382182555375,0.0,3.035295283100993,20.0
2024-01-15 22:00:00,0.0,22.541895921154275,95.0,94.02302414249576,9.150015377475272,0.0,5.620152493113142,20.0
2024-01-15 23:00:00,0.0,21.713303172818645,83.72212769022227,57.5474177875879,8.43879411230929,0.0,2.1801096984332773,20.0
2024-01-16 00:00:00,0.0,21.10541930007017,88.6215877627454,38.816992620652194,7.422922314869471,0.0,2.32308752900688,20.0
2024-01-16 01:00:00,0.0,20.133481915485756,86.81156102062607,64.32882184423532,1.6781459564602863,0.0,1.8979530562013336,20.0
2024-01-16 02:00:00,0.0,19.519425586797524,81.58668850616729,45.825289049151664,1.2036357620998606,0.0,1.8841941849259776,20.0
2024-01-16 03:00:00,0.0,20.527340965949925,88.69331831510505,54.56167893159349,0.6760474947238315,0.0,1.5886329747495807,20.0
2024-01-16 04:00:00,0.0,20.631549145380436,92.83073156348321,94.14648087765252,7.240291887729212,0.0,2.123742245499541,20.0
2024-01-16 05:00:00,0.0,21.01533435311282,93.28317929141835,38.610263780077425,9.288079606878853,0.0,1.930421908087967,20.0
2024-01-16 06:00:00,0.0,20.7431313005985,82.1688245125305,96.11905638239142,4.30535820913037,0.0,2.1190930952711198,20.0
2024-01-16 07:00:00,0.14863136494939222,23.54615627649581,83.27140409049454,90.53506419560637,1.1914067199604816,29.726272989878446,2.0144398940074355,20.0
2024-01-16 08:00:00,2.1098316345312766,26.140250552671205,71.81834022365574,19.579113478929642,5.1239282073210655,421.96632690625535,3.7482075921324216,20.0
2024-01-16 09:00:00,3.1216910684022037,26.28012199703653,75.31507705723932,6.9361300875165455,3.4883190745863013,624.3382136804407,3.6912526002300377,20.0
2024-01-16 10:00:00,3.7790938414065924,28.37901415455701,68.50951771094384,10.077800137742665,3.748249243499977,755.8187682813185,2.408258554677066,33.0229352239305
2024-01-16 11:00:00,4.561960395785654,28.816745588516802,72.8679574355016,1.8221825651549728,6.213306241557072,912.3920791571309,2.0321111338370037,57.05650321244268
2024-01-16 12:00:00,4.4082784642774575,27.799847882992403,73.7881242852782,9.44429607559284,7.187181132622023,881.6556928554915,2.0528417959847682,79.43315156122323
2024-01-16 13:00:00,2.219953137570584,30.433736586884386,66.6615190804177,68.30067734163569,1.1060359887316085,443.9906275141168,1.7327302418700534,84.06176907037826
2024-01-16 14:00:00,0.0,31.084500530290924,67.70505552177076,7.118864846022898,0.35590230806476386,919.8064837555432,1.5890031779826796,95.0
2024-01-16 15:00:00,3.3240607798281703,31.494270953411615,62.61163633306472,31.89756302937613,9.943303026857148,664.812155965634,2.286367385961698,95.0
2024-01-16 16:00:00,1.5862817966527831,28.825704335625026,64.74912733065503,84.48753109694546,2.3272834891555183,317.2563593305566,1.6265444587134081,94.57618250462501
2024-01-16 17:00:00,2.3366017725384634,28.1495313302833,68.15685573300068,2.3271935735825866,0.5383052490845908,467.3203545076927,2.2047958361321864,95.0
2024-01-16 18:00:00,0.7120654186637448,27.358291278298175,79.67254759959928,81.44684825889358,1.8987532909591998,142.41308373274896,4.562974165948072,63.421052631578945
2024-01-16 19:00:00,0.0,26.272065152995665,90.8584140521749,28.185477477339994,0.3895784634846422,0.0,5.067689209088856,31.842105263157894
2024-01-16 20:00:00,0.0,24.246796218409028,80.93844675467211,11.816482762165625,3.9181089461717167,0.0,5.3585480075946395,20.0
2024-01-16 21:00:00,0.0,24.246796218409028,82.96032917256633,69.67371653641507,8.024017844513242,0.0,4.901337118629751,20.0
2024-01-16 22:00:00,0.0,22.029244900875216,91.54745091109909,62.8942846779884,3.412444497577206,0.0,4.804645519139118,20.0
2024-01-16 23:00:00,0.0,19.840660782594863,95.0,87.74720135270529,4.441834068783665,0.0,2.4044739272812876,20.0
2024-01-17 00:00:00,0.0,17.428359155748684,95.0,73.50710438038858,6.7558677356743875,0.0,2.497513745661896,20.0
2024-01-17 01:00:00,0.0,18.842350009430433,92.18110213955337,80.34809303848486,5.088940700698802,0.0,2.0130694228634383,20.0
2024-01-17 02:00:00,0.0,20.557408556851186,92.04626445645688,28.203457257130648,8.614456860213242,0.0,2.288581765108471,20.0
2024-01-17 03:00:00,0.0,19.15766285189303,95.0,17.743954377972283,8.660356750457565,0.0,2.362084085840231,20.0
2024-01-17 04:00:00,0.0,20.599036133161718,89.25755206994344,75.06147516408583,0.09910695491153643,0.0,1.6304556365513938,20.0
2024-01-17 05:00:00,0.0,23.562161283072587,85.86219426801243,80.6834739267264,7.7804630648319915,0.0,2.0453628521336418,20.0
2024-01-17 06:00:00,0.0,24.706468979884672,80.98530995330027,99.05051420006733,4.607336002416739,0.0,1.6717891094777668,20.0
2024-01-17 07:00:00,0.7272606130189183,24.942737240614665,76.3002483077879,41.26176769114265,9.888405413036631,145.45212260378366,2.391332591250685,20.0
2024-01-17 08:00:00,1.4490866866654866,25.612269810105392,70.97828148415809,37.201808579278314,4.832320758754351,289.8173373330973,3.587434851570425,20.0
2024-01-17 09:00:00,1.6990658841039814,26.63725377971002,73.30932722669152,77.64129607419969,9.868959453882976,339.8131768207963,2.5773326053509207,20.0
2024-01-17 10:00:00,3.504623319049564,26.99336516621208,77.21263342899947,34.08035402530179,7.545693612057366,700.9246638099128,1.6874112879837768,37.26351429512498
2024-01-17 11:00:00,1.3514591349070668,26.488096720161987,87.860036425341,93.07573256035647,2.4860488461330634,270.29182698141335,1.8273766801153992,32.25385592451096
2024-01-17 12:00:00,2.211261983045809,29.87475159342153,72.49766439289326,85.84127518430118,5.3839497928695765,442.2523966091618,1.603576566103015,38.026867385467504
2024-01-17 13:00:00,3.535077696927035,29.349910234679204,70.02388874733062,42.89940273750184,9.921356394785828,707.015539385407,1.582927152509726,56.57229755743194
2024-01-17 14:00:00,2.1561701939456115,29.56736248366647,81.79392811627993,75.08710677914974,8.575306077519237,431.2340387891223,1.7871522634376287,60.077967897257764
2024-01-17 15:00:00,1.9544991972734154,30.564761244499433,53.28721327370167,75.45428740846823,0.973668937912211,390.89983945468305,1.8444280462171883,61.12364383229193
2024-01-17 16:00:00,3.3047893731530293,30.386228270592184,73.16900174199564,10.31238688359326,7.063719968099961,660.9578746306058,1.8942582354957453,74.52368964003612
2024-01-17 17:00:00,1.3581525811249013,27.548487726996424,73.53972234488256,90.25529066795667,3.4557958587081306,271.6305162249803,2.4937731027679315,62.56978941221476
2024-01-17 18:00:00,0.5970988663880162,27.326126179685414,82.0407083321072,50.525237244785714,0.06982261880348117,119.41977327760324,3.0607086979198512,36.6370543434586
2024-01-17 19:00:00,0.8495318294157244,24.944489969800678,83.69267498184004,82.64574661077417,4.034809690269996,169.90636588314487,4.575751394491465,20.0
2024-01-17 20:00:00,0.0,24.590659424781375,75.53812330450181,32.00496010306117,2.347544217249713,0.0,4.271868538389786,20.0
2024-01-17 21:00:00,0.0,24.876165605855483,77.51374800871048,89.55232284962005,8.188692705204716,0.0,4.572113009602761,20.0
2024-01-17 22:00:00,0.0,23.62168914238792,83.90209587345605,38.92016787341631,3.373306088457655,0.0,5.417784460246076,20.0
2024-01-17 23:00:00,0.0,21.86844285912273,82.7902795549357,1.083765148029836,8.275236939538171,0.0,1.9354361289020354,20.0
2024-01-18 00:00:00,0.0,20.480682799802725,88.60694510916092,90.53819764192636,0.005979388347953085,0.0,1.987249560345451,20.0
2024-01-18 01:00:00,0.0,18.884287318594712,88.4903737879982,9.128667678613356,3.0781915002611915,0.0,2.1946717295969576,20.0
2024-01-18 02:00:00,0.0,19.24927966550719,95.0,31.93136375904149,2.411652143077619,0.0,1.5494474366793471,20.0
2024-01-18 03:00:00,0.0,20.341780664458163,92.25192830258516,95.0061967050805,2.3356736106861096,0.0,1.8218466352013203,20.0
2024-01-18 04:00:00,0.0,20.137729090904706,87.78170071573457,95.06071469375561,0.681866197654627,0.0,2.1121662207231457,20.0
2024-01-18 05:00:00,0.0,21.572864342155473,80.54164834542519,57.34378881232861,1.8712427041050173,0.0,2.0901164223444706,20.0
2024-01-18 06:00:00,0.0,21.635714738059463,92.40667345133845,63.183721216979926,5.555495698856198,0.0,1.952998100829964,20.0
2024-01-18 07:00:00,0.8488059018524511,25.080389755914958,89.04922123584224,44.84455219783198,2.913610728377445,169.76118037049022,2.5470057316594144,20.0
2024-01-18 08:00:00,1.6883020416921495,25.151657272145016,74.57790571717072,29.321077169806454,4.1739478232914795,337.6604083384299,3.293893416674611,20.0
2024-01-18 09:00:00,2.523704891855497,24.387858605423222,93.14156797238789,32.8664545369916,3.7686688034718854,504.7409783710994,3.088400004227256,20.0
2024-01-18 10:00:00,2.671287565369638,28.38239708978998,78.37260253718351,67.25184560770384,8.759049249998945,534.2575130739276,2.373559602272613,22.828415649421743
2024-01-18 11:00:00,1.8360906523384222,28.912797165274963,62.46772147909079,75.237452943768,9.052989990105155,367.21813046768443,2.26424562085238,20.0
2024-01-18 12:00:00,2.421092692824731,28.608557936582162,73.47716428899008,79.15790437258485,4.929569716558601,484.2185385649462,2.4531110852819307,20.0
2024-01-18 13:00:00,2.0722049295171114,30.627720180106902,69.38681497601766,78.96181427945538,3.301559503156044,414.44098590342224,1.927840570627053,21.371461409455556
2024-01-18 14:00:00,4.150940466191141,29.35883507060315,69.9570048743508,9.120610304869036,1.0680070400236363,830.1880932382281,1.6045544581510243,45.562128485836666
2024-01-18 15:00:00,2.8619494083488117,32.52795796738243,72.1861424158471,49.442030470258146,9.53402879382095,572.3898816697623,2.2672783010536484,51.21150400514072
2024-01-18 16:00:00,2.9757004881807756,29.14239999534231,75.9182335732323,5.755876001664428,0.6022694490029745,595.1400976361551,1.9353893961280133,61.09445937964196
2024-01-18 17:00:00,0.9623082178257878,28.042615630983484,81.13126878868198,54.95288823237355,2.976502775682804,192.46164356515754,2.083386232327748,49.29363817435817
2024-01-18 18:00:00,0.7867316214478538,27.56578864864896,83.18307993865126,44.1530501373377,2.9806620117000415,157.34632428957076,3.1397398262596248,24.5251307552869
2024-01-18 19:00:00,0.11534088027002268,26.050684922944697,81.83828641659088,88.77041827582998,3.2040128614021492,23.068176054004535,4.302213245447941,20.0
2024-01-18 20:00:00,0.0,25.1501356539562,83.26213751425662,35.09150125520787,1.6428684327240928,0.0,4.890021406339569,20.0
2024-01-18 21:00:00,0.0,23.22889905616604,87.59651046783404,11.706701642760587,7.831614309236972,0.0,4.062797163982877,20.0
2024-01-18 22:00:00,0.0,22.648780634807306,83.84615720626071,14.299168205283586,1.2249786196598922,0.0,4.229515434328782,20.0
2024-01-18 23:00:00,0.0,21.449772341041704,88.40131476959886,76.15106317174723,6.349066591531628,0.0,2.0538360825022206,20.0
2024-01-19 00:00:00,0.0,18.67992671125668,94.30203074508468,61.82180633162611,1.2384602670581746,0.0,1.575022088892918,20.0
2024-01-19 01:00:00,0.0,20.244374880497524,89.99493240269503,10.112267612279025,0.7053563759295656,0.0,1.6395267805596694,20.0
2024-01-19 02:00:00,0.0,20.583883022284002,95.0,8.410680611499743,9.094295036858766,0.0,1.9091437879176223,20.0
2024-01-19 03:00:00,0.0,20.782453369358443,86.34241459458568,70.096913145912,1.9012876631870568,0.0,2.200188259294053,20.0
2024-01-19 04:00:00,0.0,22.863322531366194,89.05187479283694,7.276300636419353,8.212501545597043,0.0,1.591066182082181,20.0
2024-01-19 05:00:00,0.0,20.074601353165733,89.25908917429943,82.18600592903562,5.446308711071358,0.0,1.7083836790088254,20.0
2024-01-19 06:00:00,0.0,23.15523362851376,84.97451997090164,70.62422271564962,0.778565196087696,0.0,2.148746937236654,20.0
2024-01-19 07:00:00,1.2681198995605865,23.270003305396965,85.32886776371726,8.134878064189976,9.554481914380675,253.62397991211728,3.7375144610731743,20.0
2024-01-19 08:00:00,2.0891189801560235,26.62643073460886,77.92735384990414,8.483771408519193,2.4696116699189252,417.8237960312047,2.7790983289630447,20.0
2024-01-19 09:00:00,1.030833198736963,25.37834018437904,83.14871453731828,98.66395785011754,8.596453453526065,206.1666397473926,3.7485931204443483,20.0
2024-01-19 10:00:00,2.6957357237253268,27.315710998167287,74.3393787040587,37.427079575612034,1.6881000578456418,539.1471447450654,2.1147709531562624,25.519165320406113
2024-01-19 11:00:00,3.5748830589755407,27.607268067276742,79.74985120638995,37.06421470668909,8.539428821418529,714.9766117951082,2.025202200230797,40.241133478481174
2024-01-19 12:00:00,2.5470201602303395,29.45355620062584,63.801822029654566,81.27995672575025,0.13228812905293985,509.4040320460679,1.719882989707349,48.09893659844958
2024-01-19 13:00:00,1.3295185858537417,30.199969398774186,62.52049555476724,94.72485773838586,5.117804565694807,265.90371717074834,2.459439595741165,36.20503123121354
2024-01-19 14:00:00,1.2389914810782685,31.574146786032408,65.12217002460105,98.6001063822871,7.694425794215568,247.7982962156537,2.071869689371732,27.437892196545505
2024-01-19 15:00:00,2.1870264825308587,30.72542534968127,68.24449112490103,75.33781852589416,9.347955174927833,437.40529650617174,2.445117507342546,24.721144566948798
2024-01-19 16:00:00,2.5986709767989096,29.56399211993144,76.69697017295672,37.62595855309158,9.09202136206487,519.7341953597819,1.9321171756158946,31.05340567818744
2024-01-19 17:00:00,2.6030473234915337,28.366259467600113,61.739253538778684,8.350071669866876,8.196248695476449,520.6094646983067,2.064818313960197,36.166581268735136
2024-01-19 18:00:00,0.5090161472360437,26.872907175227702,76.04959797356925,77.71469159274368,8.881913496613041,101.80322944720874,4.766830945522046,20.0
2024-01-19 19:00:00,0.0,27.300506265539163,79.48417090021763,55.840424973580504,1.992196858370765,0.0,3.2975835903386357,20.0
2024-01-19 20:00:00,0.0,24.935227740202123,80.59422278301065,42.42220092469763,2.8418429571172874,0.0,3.6137808428753275,20.0
2024-01-19 21:00:00,0.0,24.153835447866786,83.31551305641345,90.6354385094736,2.889685249210585,0.0,4.842488107848597,20.0
2024-01-19 22:00:00,0.0,21.901720665802152,81.85272094553115,11.119748230615134,3.7705393100169884,0.0,4.42778009209489,20.0
2024-01-19 23:00:00,0.0,21.030433830298254,95.0,49.262510429085914,3.933206703851887,0.0,1.7978473483600217,20.0
2024-01-20 00:00:00,0.0,19.90352037181279,89.79901725597293,1.1353644767419069,5.445553246546755,0.0,2.2986873709303626,20.0
2024-01-20 01:00:00,0.0,20.984837601303166,83.39277387384436,46.86606419941263,1.5987976336644139,0.0,1.5683483714481947,20.0
2024-01-20 02:00:00,0.0,20.157634558440943,90.65950634517904,5.630327568183735,6.912466637859893,0.0,2.467859924081416,20.0
2024-01-20 03:00:00,0.0,21.932041100691535,85.279501176296,11.881791626807193,1.675665393045065,0.0,1.870710657037784,20.0
2024-01-20 04:00:00,0.0,20.433335597709274,82.57558311508805,11.752624677710488,3.103084821045475,0.0,1.6657490153884549,20.0
2024-01-20 05:00:00,0.0,23.234256826904375,89.77382654330505,64.92103021160635,5.03345130606154,0.0,2.0380795428740544,20.0
2024-01-20 06:00:00,0.0,21.71342790844215,88.23500584923562,74.60448792654233,7.964405615234773,0.0,2.4401760633010565,20.0
2024-01-20 07:00:00,0.4273820843361267,24.159810003928744,85.5735168153533,58.336876509715964,7.394692332387272,85.47641686722534,2.462177844269137,20.0
2024-01-20 08:00:00,0.5425056081530729,26.007304357473263,78.10231735834601,96.21725484745419,6.455343564105222,108.50112163061459,2.7449378778242166,20.0
2024-01-20 09:00:00,2.4011589383780545,27.883618261616466,67.75286337352823,37.48705795237041,1.5577326058017016,480.2317876756109,3.268001534831976,20.0
2024-01-20 10:00:00,3.442870109051574,28.488608793499175,71.11709392963455,28.571208628186074,5.470453456155777,688.5740218103148,1.864202222649516,34.99734492081955
2024-01-20 11:00:00,1.6619547771188814,29.937034252484896,73.37397869552302,86.85991281894603,0.8744650179988545,332.3909554237763,1.9864090989910865,31.58203626953318
2024-01-20 12:00:00,4.306200008495426,28.671744300981747,69.68399291829148,22.359583851945263,3.7736317679665077,861.2400016990853,1.7289871853003116,56.06555808988677
2024-01-20 13:00:00,1.9743278488544405,29.252400405734768,58.49232409088381,96.32225394406113,4.135165302899591,394.8655697708881,2.079610899228284,54.957315454372626
2024-01-20 14:00:00,5.113477037619268,29.678247296009793,70.48110022876995,1.2154474689816341,0.39811439445753827,1022.6954075238536,2.057764759098062,83.45731545437263
2024-01-20 15:00:00,1.427437965954581,28.5047833505126,68.13539918192161,96.98788267076391,2.7398809946997185,285.4875931909162,2.1465350987807326,75.88787195093947
2024-01-20 16:00:00,3.5321075001062128,29.90126826096027,66.58003036598048,4.315991195057611,9.556494672664893,706.4215000212425,1.5478655989061072,94.73817001234046
2024-01-20 17:00:00,0.6908931395412033,27.564471876825003,83.02663173362791,89.11431136980711,9.536326078296895,138.17862790824066,1.7268705163314941,83.8331449934953
2024-01-20 18:00:00,0.30960454925380587,28.035458747409635,79.97413349968572,52.77011090862999,3.5232705425253927,61.92090985076118,4.447354411143353,52.25419762507426
2024-01-20 19:00:00,0.6081590810054383,27.35826592785365,71.84278283353476,99.29647961193004,0.43100108948324056,121.63181620108764,5.09493997182168,20.675250256653214
2024-01-20 20:00:00,0.0,23.627590262438694,81.21665726308863,7.379656473539886,1.7909493932818155,0.0,3.641801348403142,20.0
2024-01-20 21:00:00,0.0,24.485092351488202,84.32652027236915,55.38542844013208,3.9221779343354015,0.0,3.60740262628725,20.0
2024-01-20 22:00:00,0.0,22.503060116738574,87.91699452895655,96.9302535619099,9.477796979692299,0.0,5.750936247055508,20.0
2024-01-20 23:00:00,0.0,22.498826192081825,89.8098480873562,52.30978441701488,1.4119906353718492,0.0,1.5850436213060712,20.0
2024-01-21 00:00:00,0.0,19.74249997538187,95.0,62.93986381352625,7.635158436682122,0.0,2.2866525160763467,20.0
2024-01-21 01:00:00,0.0,21.20400007133357,84.9853191449971,69.57486889846172,1.0868253937469208,0.0,1.630698253748313,20.0
2024-01-21 02:00:00,0.0,19.5050354491093,85.90995194594126,45.454106476777326,9.81257577391277,0.0,1.9084873888822733,20.0
2024-01-21 03:00:00,0.0,21.39409491105938,83.70056246606552,62.75580800840635,3.81616499109135,0.0,1.5969513926267147,20.0
2024-01-21 04:00:00,0.0,21.680252294361072,84.41070811229362,58.43143119231002,7.752345388990561,0.0,1.566797077262172,20.0
2024-01-21 05:00:00,0.0,21.207811557364963,85.05486218330824,90.11580104909889,3.425910828111318,0.0,1.872400666035356,20.0
2024-01-21 06:00:00,0.31658256698907217,22.980063617904104,90.9558453408385,4.5446380341457875,6.276688771588087,63.31651339781443,1.6179789994370257,20.0
2024-01-21 07:00:00,1.1716439991257321,24.415837522634636,83.7650566027164,28.096318959223034,1.9201608474003673,234.3287998251464,3.1546834503927403,20.0
2024-01-21 08:00:00,0.6975460560617489,25.33208146141681,82.56648545728724,95.04114840765587,1.4602101929696254,139.50921121234978,2.9880857338714666,20.0
2024-01-21 09:00:00,1.0658464742119043,24.932051854657846,82.08728867598205,89.02637838909163,9.380641395681312,213.16929484238085,3.0124620721817603,20.0
2024-01-21 10:00:00,2.6936564733257264,27.581277167591068,80.73166288494608,45.56567527857129,9.176472779044335,538.7312946651452,1.8633924794321266,27.8875079419892
2024-01-21 11:00:00,2.223112978547889,28.223858020167505,73.78349308475599,62.013259780153675,8.874689402128823,444.6225957095778,2.466409296123429,25.326494072772988
2024-01-21 12:00:00,3.9116752710946816,30.273065638819425,70.3601384640864,27.738118298113267,6.254334501665935,782.3350542189363,2.354607562733371,40.118637302205435
2024-01-21 13:00:00,4.288649672755631,31.9779259952323,71.52139543208015,18.81211597237613,8.082682112162782,857.7299345511262,1.7915767695757654,63.84082988241416
2024-01-21 14:00:00,2.5689810916112163,30.928015659151686,69.18642853457453,46.36984049399822,0.6903693691137491,513.7962183222432,2.1258583970701173,68.0504954805546
2024-01-21 15:00:00,3.3203042847744673,29.847881592301455,66.96820989301547,35.33522280260528,3.3478904189067915,664.0608569548934,2.0567983843731716,80.05380153436693
2024-01-21 16:00:00,2.063584537039069,28.609671948247136,74.83744425926291,58.365611185087204,3.1370312475715623,412.7169074078138,2.449537437113652,75.9911394283187
2024-01-21 17:00:00,2.1199296133880883,29.75020068606564,66.726941857796,7.773463696498483,6.3564532195261325,423.9859226776177,2.0065012010369254,77.06870934565475
2024-01-21 18:00:00,0.4239073311785765,25.24420866890525,81.66663112283987,97.43948076661665,3.559577734706405,84.7814662357153,4.755660988172866,45.4897619772337
2024-01-21 19:00:00,0.0,25.675920183412437,81.02171452016844,98.62107444796028,1.485067816436808,0.0,3.9123300220285104,20.0
2024-01-21 20:00:00,0.0,26.864048530411758,65.56474853757796,69.81617140197451,5.964670754135437,0.0,3.300695634528858,20.0
2024-01-21 21:00:00,0.0,23.524918908473076,86.06720205302898,53.60963663441204,8.143839206690815,0.0,3.2423376416230307,20.0
2024-01-21 22:00:00,0.0,23.95482617414665,73.90833255567428,30.952761628632775,3.821234944599732,0.0,4.540958015463989,20.0
2024-01-21 23:00:00,0.0,21.147116926670737,88.40020375338541,81.37950197069486,1.322687150984817,0.0,1.7845406102720562,20.0
2024-01-22 00:00:00,0.0,20.233609948897776,94.77336389855022,68.47311725538793,1.9668819731282305,0.0,2.112209063257216,20.0
2024-01-22 01:00:00,0.0,19.76264385128604,88.91860780988515,16.26169393448913,2.37483305169384,0.0,1.8124058976796318,20.0
2024-01-22 02:00:00,0.0,22.585975175683895,86.9233033223995,91.09271844938425,2.998975929945362,0.0,2.2898681073797427,20.0
2024-01-22 03:00:00,0.0,21.293202314053786,95.0,82.2537242923169,6.4279507050630915,0.0,1.9117820274857746,20.0
2024-01-22 04:00:00,0.0,18.160915802582732,89.83433634464193,94.9799913291924,6.00945484537719,0.0,2.3421660300613834,20.0
2024-01-22 05:00:00,0.0,20.331297598195203,92.21890306881214,72.571950838836,6.960798615670392,0.0,2.3901151363098094,20.0
2024-01-22 06:00:00,0.0,22.488002655372277,80.13387957164261,61.34151959357899,3.6250198453151317,0.0,2.2167977166993706,20.0
2024-01-22 07:00:00,1.0747410535461657,24.432416396823456,72.70137837910532,41.82430362906189,8.239976518799782,214.94821070923314,2.0507429760846314,20.0
2024-01-22 08:00:00,0.7355772900881834,24.20998290318479,85.04411024513503,93.27284833540132,2.0408766115576027,147.11545801763668,3.154154885263531,20.0
2024-01-22 09:00:00,1.1698233323742862,27.484570210706085,68.88070919897774,86.60638895004084,4.690407475181539,233.9646664748572,3.550292155457189,20.0
2024-01-22 10:00:00,4.363522957534368,26.172201326520568,76.2129328435499,4.521867010618941,8.009387215414304,872.7045915068736,1.8110417050569838,44.248571898535154
2024-01-22 11:00:00,4.270140967598121,29.682021064665776,64.95275345333226,2.6366974497252005,1.8015864773261925,854.0281935196242,2.1801585467588787,64.10340489650797
2024-01-22 12:00:00,4.059790763866342,29.8394223425642,67.24079923818998,37.64633668780496,1.0986311374078295,811.9581527732684,2.0570659326839174,83.12929079274099
2024-01-22 13:00:00,2.3582849312026553,29.059204332307463,69.67044670599763,81.0553330781833,8.836839676879897,471.65698624053107,2.0236723999989854,86.30810983917586
2024-01-22 14:00:00,1.50589047004352,27.79708664679428,73.30299700507486,98.72761293149445,3.4292966275919587,301.178094008704,2.157494229984942,79.44912289242403
2024-01-22 15:00:00,3.371948214060908,28.70443130370762,70.374545880658,15.041689110352818,6.83870124909032,674.3896428121816,2.446563842978744,88.24027441770458
2024-01-22 16:00:00,1.8476941743583877,30.11032874010827,63.90833104118272,59.41307153521351,0.2534860426393848,369.5388348716775,2.437525986759583,82.03151849769199
2024-01-22 17:00:00,2.125390913252651,30.18341151171641,68.13508973201337,38.08908566310215,6.900468884094496,425.07818265053027,2.069335201776094,82.56404775671928
2024-01-22 18:00:00,0.3029588603604131,28.29643036664211,81.72707066575627,96.99143978146031,3.1610131154697054,60.59177207208262,3.899657220167415,50.98510038829821
2024-01-22 19:00:00,0.31842633695279693,27.153726012367454,81.42345749051228,84.21189231357087,0.5574085358744174,63.68526739055938,4.843928456804658,20.0
2024-01-22 20:00:00,0.0,24.932553441444817,86.10295189297331,83.83287047111378,6.09812761548117,0.0,5.6112324856749005,20.0
2024-01-22 21:00:00,0.0,24.3272951110257,80.32199793734802,46.86931597949703,2.4080381607317323,0.0,5.0959709402437205,20.0
2024-01-22 22:00:00,0.0,22.923507874022036,76.12945920296687,41.48195023376652,3.8680724205188,0.0,4.599091684464767,20.0
2024-01-22 23:00:00,0.0,21.72849509546326,81.30396071718233,27.340707193070624,0.8058081228651359,0.0,1.814785623716958,20.0
2024-01-23 00:00:00,0.0,21.541428947365947,88.55299486965707,5.6375496650927115,1.4716325109494532,0.0,2.176056005013253,20.0
2024-01-23 01:00:00,0.0,20.36779391624724,78.13793265362165,86.47223762550531,2.9797723549584374,0.0,2.175746760347177,20.0
2024-01-23 02:00:00,0.0,20.510535378451237,89.98762251707774,81.29010091300776,0.8975950056015713,0.0,1.8978785874773685,20.0
2024-01-23 03:00:00,0.0,20.240495801019502,90.30230255953649,99.97176732861305,9.108262646863153,0.0,1.542005767418812,20.0
2024-01-23 04:00:00,0.0,20.635308741234006,93.25797052001882,99.66368370739053,0.06047043183978418,0.0,1.9603269847778328,20.0
2024-01-23 05:00:00,0.0,20.323300278407615,90.43506053268311,55.543170560262745,4.838602188643114,0.0,1.9691660485673985,20.0
2024-01-23 06:00:00,0.0,24.092024898576085,78.87726035624834,76.89874151805105,1.2324745813255145,0.0,2.424147949136699,20.0
2024-01-23 07:00:00,0.7668958400379571,24.344091773335972,83.26721820166073,94.47657298824281,3.076790894779485,153.3791680075914,3.391280431437872,20.0
2024-01-23 08:00:00,1.2953481191251195,25.204797877281916,81.63610885931612,84.96473906774115,9.260595598182654,259.0696238250239,2.0805563254707757,20.0
2024-01-23 09:00:00,2.3150200634687774,25.419895955498454,72.12496543400836,24.734810174319765,1.6169455327398685,463.0040126937555,2.333676468841669,20.0
2024-01-23 10:00:00,2.978230014679078,28.60772109598245,75.61756854999874,45.05441353100935,9.658323197183327,595.6460029358155,1.6670417813381526,32.45628821673879
2024-01-23 11:00:00,4.457645168393161,28.682009517586057,77.44501332738099,12.915941515149498,2.057943769894217,891.5290336786322,1.5889755358693383,59.708649725715105
2024-01-23 12:00:00,1.6141283261288322,29.607642877804082,72.3856535190012,95.40510272587224,7.4156610846682955,322.82566522576644,2.0092889906799263,55.54906378307201
2024-01-23 13:00:00,2.9173859038676375,29.45220573031501,62.47907293777362,60.617463445088006,5.466772648973118,583.4771807735275,2.4115968865602744,60.35405944749195
2024-01-23 14:00:00,4.000041845107596,29.548781173056124,70.24843468525296,22.864280550346272,8.844787275967592,800.0083690215191,1.908221822588232,80.2263496614259
2024-01-23 15:00:00,2.0805719576233628,27.949193587382258,70.85588190144095,67.17006844058567,5.539932555031309,416.11439152467256,2.31916450009623,77.71484921434309
2024-01-23 16:00:00,1.6931449769916247,30.80824824502168,60.9715195749778,61.81282404578958,5.345592191563087,338.62899539832495,2.4049295169818152,70.22238037234108
2024-01-23 17:00:00,2.266564248666158,30.05562564692384,61.19913647632334,35.81627180328405,1.9545800036839989,453.3128497332316,2.1466727531599052,71.36134957965047
2024-01-23 18:00:00,0.6128136831744453,27.40068566220797,73.8364941709297,11.355759219962902,1.6622936205165872,122.56273663488906,5.10056268249137,39.78240221122942
2024-01-23 19:00:00,0.19270849028089015,25.98369842175664,80.76544897079799,67.15731955927996,9.164891511155142,38.54169805617803,5.9679998604848254,20.0
2024-01-23 20:00:00,0.0,25.61908316938801,76.88428875802649,52.03077009037933,3.2783819885003407,0.0,5.299867995523458,20.0
2024-01-23 21:00:00,0.0,25.052024526385694,75.93387388806376,77.23183917356393,3.7208225496289593,0.0,3.312227869254741,20.0
2024-01-23 22:00:00,0.0,22.66333468067754,91.98191571993051,52.01635011119934,7.5982365842838835,0.0,3.8768705181277596,20.0
2024-01-23 23:00:00,0.0,22.71571669059195,91.45023741220207,85.21815003185401,3.3882348242280735,0.0,1.7094862227195997,20.0
2024-01-24 00:00:00,0.0,20.60553533369864,86.5130704128339,55.190683877448556,9.520624466390027,0.0,2.069511869344421,20.0
2024-01-24 01:00:00,0.0,21.798998566435902,87.3262016889301,56.093797153538624,7.379277689988003,0.0,1.9393032723279968,20.0
2024-01-24 02:00:00,0.0,19.21195237676699,94.86074057817646,87.66536026583451,5.9742924257342,0.0,1.8710647348035314,20.0
2024-01-24 03:00:00,0.0,20.94634843496082,90.67968348273709,40.3482866212397,8.808951605447525,0.0,1.8991416610939513,20.0
2024-01-24 04:00:00,0.0,21.827117528808834,85.48828694044113,13.401522845064074,0.4960590834948275,0.0,2.2756546353260334,20.0
2024-01-24 05:00:00,0.0,20.477514582341495,83.10582876846219,2.8782676313338973,2.5706269218920874,0.0,2.1788782323905966,20.0
2024-01-24 06:00:00,0.157340158357223,21.29608635103362,88.53411070785076,75.5137255673619,4.6503633422091,31.468031671444603,2.1881744367222633,20.0
2024-01-24 07:00:00,1.1832768190995275,23.406835689257342,81.36487814202326,62.03095513534647,2.2697853947152105,236.65536381990552,2.6935201438401375,20.0
2024-01-24 08:00:00,0.8887574030937788,25.0632321465131,78.49433590749152,70.40797680992236,7.439051873021519,177.75148061875575,3.664081478437552,20.0
2024-01-24 09:00:00,2.7837210537190114,24.478446249633784,82.79598478879515,21.296416150891073,9.192080310537252,556.7442107438022,2.3592676527442817,24.03230730925993
2024-01-24 10:00:00,3.518131611065066,28.756197439413683,78.42617204186492,13.637147558676975,4.2377011993092335,703.6263222130132,2.3347984925799405,35.27397193486863
2024-01-24 11:00:00,4.9143745812096045,27.381827582302375,71.49073945559012,1.4544665667881929,3.4213260011189495,982.8749162419208,2.0339565469349337,62.63794326047799
2024-01-24 12:00:00,3.867239086432989,28.463242434038726,72.92507118049265,35.058755880659696,9.615507321375663,773.4478172865978,2.4436336706484947,76.16219471043068
2024-01-24 13:00:00,2.953444258355623,30.596936494047828,70.60708340241239,58.991768685463306,4.448524328275409,590.6888516711246,2.054512555690965,84.70204588574492
2024-01-24 14:00:00,3.324348077215649,30.31286565149091,69.70295699725462,39.22440450997323,4.890484004492832,664.8696154431298,2.2238027766305235,95.0
2024-01-24 15:00:00,3.070569467014444,29.91092055648782,78.9962549257783,43.747492202372904,3.516498723419054,614.1138934028887,2.490191789251672,95.0
2024-01-24 16:00:00,1.4380265783277433,29.595290941668782,67.56442551429666,90.41586944937484,9.095484730121385,287.60531566554863,2.107623575883939,87.95161055204005
2024-01-24 17:00:00,1.6385548877433203,27.16933556826382,73.65387045543493,34.82554670233004,5.689554832818508,327.71097754866406,2.1216295780432137,82.86661381204118
2024-01-24 18:00:00,0.6443891645945302,27.11718251901325,72.7352158008752,51.39894891598108,7.621745871816446,128.87783291890605,4.464180468808989,51.287666443620125
2024-01-24 19:00:00,0.0,27.23769300178555,83.07185924844215,78.3653012741143,8.118067183508863,0.0,5.266016788511917,20.0
2024-01-24 20:00:00,0.0,24.29333089592686,85.01133569627075,39.65427823212701,3.418490419172582,0.0,3.074427990127697,20.0
2024-01-24 21:00:00,0.0,22.694123598764563,82.97142678149841,62.20867002278735,4.3369433132038,0.0,5.131162942314894,20.0
2024-01-24 22:00:00,0.0,22.15624348048989,86.29481836001794,86.23637087467452,8.484717744062646,0.0,5.5097813373928535,20.0
2024-01-24 23:00:00,0.0,21.043565155492324,80.11077203663078,94.9520623657642,3.6325535167581027,0.0,2.167933735455742,20.0
2024-01-25 00:00:00,0.0,19.00474768477376,81.98180379307117,14.707348092903793,7.939351334518513,0.0,1.5656279953357404,20.0
2024-01-25 01:00:00,0.0,21.586283230574484,84.19295351216549,92.65876251614944,9.409923225744372,0.0,2.4151763371865975,20.0
2024-01-25 02:00:00,0.0,18.396783153385904,84.13201454582116,49.21162930795382,6.23210373068007,0.0,2.202627106323652,20.0
2024-01-25 03:00:00,0.0,21.562466112675843,85.46742422532671,25.824438829895836,7.416272874518889,0.0,2.1096935693740386,20.0
2024-01-25 04:00:00,0.0,20.94785542129673,83.86691970458122,45.913575623826134,8.05097312041135,0.0,1.686746284597327,20.0
2024-01-25 05:00:00,0.0,24.614114105201804,86.29977586586486,98.0032575285477,8.450396488966426,0.0,2.376203362224985,20.0
2024-01-25 06:00:00,0.11582537755855771,20.73184308824677,87.03294202128805,49.26180939928696,3.9505333785679597,23.165075511711542,1.6710108544182285,20.0
2024-01-25 07:00:00,0.8445950134047232,23.372857153511873,76.78777159692741,32.875161028750824,0.5126345917599817,168.91900268094463,3.5466080802287507,20.0
2024-01-25 08:00:00,1.5386570994348752,22.84355462299497,82.45660390065808,63.34008543167258,4.018762712367395,307.731419886975,3.1075479085888764,20.0
2024-01-25 09:00:00,2.833921510747954,25.907165778912656,80.94363351237726,24.014561877819308,6.737562297840897,566.7843021495908,3.803483352081284,20.0
2024-01-25 10:00:00,3.8793277448647143,27.838758162280367,73.68049234585122,7.586332810866391,4.503503857807928,775.8655489729429,2.395798857508842,34.09352442988079
2024-01-25 11:00:00,4.017784472901544,28.272110270813233,68.71265690744139,12.887972191064922,7.489631508603986,803.556894580309,1.8026222850818887,55.137565214167516
2024-01-25 12:00:00,4.651237253721427,28.206931968046813,83.81440880229214,12.804583895777244,3.5698242946866388,930.2474507442854,2.1741993749428605,78.66942506256389
2024-01-25 13:00:00,4.320786878354779,30.134121333125485,66.3133287586036,15.190269351229436,6.347441411040295,864.1573756709557,1.589967278860961,95.0
2024-01-25 14:00:00,4.114803014138936,29.023379684136444,72.754584918815,13.882717264941014,1.8641980485397458,822.960602827787,1.7816530096844638,95.0
2024-01-25 15:00:00,2.3683970285359557,29.06401797441515,77.91769548162075,64.08747448032146,7.493694366449569,473.6794057071911,2.2613496562028925,95.0
2024-01-25 16:00:00,2.8377260532200017,28.450483343370955,68.99739100759575,18.188008439914483,5.456959688130258,567.5452106440003,2.447284323089768,95.0
2024-01-25 17:00:00,1.2737742224814306,28.817570116394958,68.67608353304567,34.56672833238632,2.0406438854660056,254.75484449628613,2.207120613944381,85.17530114249526
2024-01-25 18:00:00,0.8662526662725316,25.78482002929658,82.5599778565601,89.67884099060119,2.9191117349780726,173.2505332545063,3.127004837707476,61.37790986423267
2024-01-25 19:00:00,0.0,26.68686358856373,76.50849582176876,47.39616402628724,7.4860870858183235,0.0,3.395509853410543,29.798962495811622
2024-01-25 20:00:00,0.0,23.881476515788368,85.451324438238,66.75577385210272,4.826012356615207,0.0,4.298553320387013,20.0
2024-01-25 21:00:00,0.0,23.927675556928783,75.23016928977975,17.231987120162984,2.1603144039307223,0.0,3.3481603781537066,20.0
2024-01-25 22:00:00,0.0,22.133658322862242,86.61649387052682,19.228901880867078,9.672711903702977,0.0,3.3244810567055465,20.0
2024-01-25 23:00:00,0.0,18.32305155277072,95.0,4.086861626647886,7.15125019816888,0.0,2.4515803094398696,20.0
2024-01-26 00:00:00,0.0,19.681343973211906,95.0,16.893506307216455,9.571348325397961,0.0,1.856178534328421,20.0
2024-01-26 01:00:00,0.0,20.301963829116527,92.25460180694851,27.85903390319586,4.271050453603432,0.0,2.0790725276859945,20.0
2024-01-26 02:00:00,0.0,19.854650577686115,92.02768627680157,17.70104842767468,4.751003406917205,0.0,1.9425890233244587,20.0
2024-01-26 03:00:00,0.0,19.419689881503004,93.73250592006328,8.87025337570556,8.979552161850192,0.0,2.065817992859468,20.0
2024-01-26 04:00:00,0.0,19.731405875336723,87.8051501520082,12.06358711006008,5.250493402453847,0.0,2.3591821994111086,20.0
2024-01-26 05:00:00,0.0,19.829268584083014,82.56671871466324,46.077876803272574,7.072789119056671,0.0,1.66988667480662,20.0
2024-01-26 06:00:00,0.11510391246070603,23.45300949821405,81.59459363108884,20.63337184057925,2.5217287749552995,23.020782492141205,2.4463088992083875,20.0
2024-01-26 07:00:00,0.8163528937866997,23.566362731559494,81.50216844980137,36.42698610480755,4.467264687026406,163.27057875733993,3.7253481406637783,20.0
2024-01-26 08:00:00,1.4139640097152049,25.667065472728353,70.94058701751112,50.34172708548569,1.234498658103551,282.79280194304096,2.221082728833471,20.0
2024-01-26 09:00:00,1.7706463559305565,26.59066790220691,77.50162178257814,69.03948286293652,2.0598003587696168,354.1292711861113,3.179559201556157,20.0
2024-01-26 10:00:00,3.8369269739229357,27.108975333134424,83.17945814303552,3.9312139841098936,0.00943415267631087,767.3853947845871,1.7440945724926022,39.88190781358817
2024-01-26 11:00:00,2.4600972189306116,29.86418031747738,67.45765471128509,79.94103989090426,0.3926505164866023,492.01944378612234,2.481377104326195,39.65790901995045
2024-01-26 12:00:00,2.7051048036344674,29.95571161259719,68.97221883263907,62.79003894909078,9.772838231769294,541.0209607268935,2.417524727230348,42.389919745789584
2024-01-26 13:00:00,4.596048851381418,31.198723714208192,75.77531103196844,8.17590319488719,2.4235369513676233,919.2097702762837,1.9669674091637979,67.36619344685698
2024-01-26 14:00:00,2.197374798896904,29.32166537066451,68.28595160243506,87.35786241067773,6.633107095040019,439.4749597793808,2.105071485180767,68.24307492716028
2024-01-26 15:00:00,1.7055759790532747,29.384682740550087,65.61821290028549,92.08724005318132,8.390996987996115,341.11519581065494,1.9814353459576055,65.33929211764101
2024-01-26 16:00:00,3.4656600976839833,29.31080871465036,71.88653283836639,6.107795985486375,5.506604592365642,693.1320195367966,2.287864719585544,76.5283482095762
2024-01-26 17:00:00,1.6782492657851118,30.12398108217285,73.92995171735295,27.687764814720374,1.531445000839562,335.64985315702233,2.1879840215236697,71.16271920180189
2024-01-26 18:00:00,0.48244463142480387,27.998689912135543,64.29013172092006,80.62012797930613,7.281164373361664,96.48892628496077,5.643592018666923,39.58377183338084
2024-01-26 19:00:00,0.0,25.138387650595693,85.57361001395678,74.82596903836584,6.00251410099583,0.0,4.770760095779083,20.0
2024-01-26 20:00:00,0.0,25.34175392071354,72.8248624602284,18.45210193563773,7.312505893473751,0.0,4.517949987471191,20.0
2024-01-26 21:00:00,0.0,22.760795908374376,83.2191726566045,20.93493233367103,7.697466228570872,0.0,4.250125991541689,20.0
2024-01-26 22:00:00,0.0,20.79937275034862,84.72753843193921,37.0472102791382,9.754103676847452,0.0,5.7766329775866705,20.0
2024-01-26 23:00:00,0.0,22.809949061951187,81.13731625965437,48.45229851910213,5.7356328002670995,0.0,2.0302475263662427,20.0
2024-01-27 00:00:00,0.0,19.634268925032412,95.0,61.825477153029595,3.4164111269060182,0.0,2.441904972838329,20.0
2024-01-27 01:00:00,0.0,21.44170430813976,87.69385871183482,36.891363956977244,6.484645569002371,0.0,1.8650456934761135,20.0
2024-01-27 02:00:00,0.0,20.295224758345242,86.01232555872078,46.25347161331479,0.6844070924262613,0.0,1.5077596483374245,20.0
2024-01-27 03:00:00,0.0,18.783602657716973,91.87512660359853,74.74709381337566,8.973973183215863,0.0,2.127375504435362,20.0
2024-01-27 04:00:00,0.0,20.640521278962115,90.69549370532243,3.66832028905979,1.1938101133819679,0.0,2.3174982565256665,20.0
2024-01-27 05:00:00,0.0,19.570472501225044,95.0,25.243694434402077,3.2784283788581825,0.0,2.430423493178778,20.0
2024-01-27 06:00:00,0.10082490104170601,22.716689097497675,86.04494956241464,71.33495858845524,8.15745380626121,20.164980208341202,1.723897233305685,20.0
2024-01-27 07:00:00,0.0,21.88024677882279,82.26677740199757,89.52068376871993,5.973123783307118,0.0,3.663280080338662,20.0
2024-01-27 08:00:00,1.5969377857099918,24.806659050320377,84.87066855952543,51.167744211566614,3.936355202774421,319.38755714199834,2.0499418008682624,20.0
2024-01-27 09:00:00,2.0718209880891814,25.165460711133395,80.5196385860047,53.211348526531566,4.734356593750214,414.3641976178363,2.201387202207606,20.0
2024-01-27 10:00:00,3.7603313222361385,25.755467111393948,75.03768461102608,10.717201133977605,8.545473932021803,752.0662644472277,2.1271383940611175,35.515332817662696
2024-01-27 11:00:00,2.9135928116450867,28.420582974440894,79.41212726580957,44.741236682345466,3.400043860598921,582.7185623290173,1.5321197560678144,48.63932684564679
2024-01-27 12:00:00,3.227064759596322,29.73076865726203,66.59808141595758,53.261726645502314,8.696496848121713,645.4129519192644,1.5585908877101353,64.48982862856558
2024-01-27 13:00:00,3.976734650104639,29.46255448542716,79.8305690162179,24.247050363472965,0.8813443097669149,795.3469300209277,1.6826630488570138,86.28350884041801
2024-01-27 14:00:00,4.024711825114482,31.491673858801807,70.64079914982555,26.924323094938096,7.767984372086307,804.9423650228963,2.1034175784722833,95.0
2024-01-27 15:00:00,2.505786179365906,29.30899852488304,76.81354672241568,37.728416310462265,8.475476330547364,501.1572358731812,2.0767608474359243,95.0
2024-01-27 16:00:00,3.0026087856635355,28.994341079942444,66.2381461464709,2.007119777772637,1.8181765283733875,600.5217571327071,2.261110588485258,95.0
2024-01-27 17:00:00,1.7927020125041737,26.85180133831869,79.84789021646779,32.20791655831783,4.303465323722005,358.5404025008347,1.7936764133584362,94.98974314890249
2024-01-27 18:00:00,1.5283513147193832,28.875596964304208,70.22832951222959,21.144800699654464,1.6549977466365562,305.67026294387665,3.1600204890155505,77.81427815631126
2024-01-27 19:00:00,0.0,28.28618963301006,65.82867671721992,32.74973521779147,7.066041289942177,0.0,5.998005368493346,46.235330787890206
2024-01-27 20:00:00,0.0,25.697238046390314,76.86789919462508,11.976213181925122,5.353477680616567,0.0,5.028701205121433,20.0
2024-01-27 21:00:00,0.0,24.261853524445584,71.31853639737265,89.0527280739895,6.353233467083211,0.0,5.5216076398475815,20.0
2024-01-27 22:00:00,0.0,21.237135246271823,81.37809825136944,59.359245355404866,1.9648696695621115,0.0,3.1261343882278343,20.0
2024-01-27 23:00:00,0.0,22.5308179852625,86.41454921294263,67.91023191444896,2.117458620524195,0.0,1.8815743878255178,20.0
2024-01-28 00:00:00,0.0,21.403052298500363,94.08460880548733,78.91712386073382,0.4149732550990637,0.0,1.8756487354930007,20.0
2024-01-28 01:00:00,0.0,20.60382610645529,85.07598895029494,49.84421989290573,3.220675351957297,0.0,2.3545651689412406,20.0
2024-01-28 02:00:00,0.0,21.532380382587622,89.03792276434511,8.69202880874237,5.59744661333675,0.0,1.6105791870686594,20.0
2024-01-28 03:00:00,0.0,20.369258823910346,95.0,53.71065418185478,8.579349139973289,0.0,2.189969012141725,20.0
2024-01-28 04:00:00,0.0,21.73204042866647,84.91834440874479,58.68411180208791,6.669274474586807,0.0,2.406254236737868,20.0
2024-01-28 05:00:00,0.0,24.041520423637294,82.7894001501641,74.54394741843299,4.353963233997514,0.0,2.208147334598557,20.0
2024-01-28 06:00:00,0.0,22.41682822806538,92.05301869151094,43.16595462296794,9.531201143941377,0.0,2.0092115852460424,20.0
2024-01-28 07:00:00,1.2550240719565213,22.283670272980522,85.79075141759036,12.758030279556376,7.192452005758319,251.00481439130425,3.9063550765262782,20.0
2024-01-28 08:00:00,2.004667044915446,25.57094569460387,74.7860945058263,28.377590579872447,9.301652028625501,400.93340898308924,3.2138445604530808,20.0
2024-01-28 09:00:00,2.5221327995113354,27.288509753720188,80.90357016960553,36.30822963986351,5.2758797327216564,504.42655990226706,3.643293194329,20.0
2024-01-28 10:00:00,2.2061206718520645,25.976827535826153,75.38928792265557,64.59172413316013,2.589042747931396,441.22413437041286,2.3083646901768167,20.0
2024-01-28 11:00:00,2.8044911263318064,29.585853458209094,66.09943485321543,57.077830466891186,0.5282668636472199,560.8982252663612,2.2543759555249094,25.226094122665522
2024-01-28 12:00:00,3.6643044892321077,28.901089770829525,63.67389092939037,35.60967258978462,7.260848514838505,732.8608978464215,2.281490243258572,38.36282945941411
2024-01-28 13:00:00,1.2925619841797156,29.349660985296612,73.356395696005,98.65152487929797,1.2130299800553412,258.5123968359431,2.4174258528045014,26.522157158100573
2024-01-28 14:00:00,2.61888463169587,30.995415190449474,70.88697924825287,60.577481935688716,3.027751282719672,523.776926339174,2.394538852240591,28.653442062925727
2024-01-28 15:00:00,3.7743862137562725,29.36677284573096,75.71422246393621,23.72267917359945,5.324709078838974,754.8772427512545,2.1637667361217,43.954327100454165
2024-01-28 16:00:00,3.2471378191111477,28.788654012415027,71.91266057453365,10.178247262040374,5.644165877797477,649.4275638222296,1.9728044641127247,56.060493972939184
2024-01-28 17:00:00,2.2518303598726583,29.60353168399171,69.34335120269726,15.285913918433202,6.005831969871361,450.3660719745316,1.7943217442312358,60.40682582153269
2024-01-28 18:00:00,0.7158930980367019,27.772633514319413,76.16586086848291,24.595772838450813,1.6625533034970064,143.17861960734038,3.6452144143951575,29.57186459670685
2024-01-28 19:00:00,0.3918880550262314,26.33866483640188,71.55533432126568,16.06813732595557,3.7973740482164873,78.37761100524628,5.509419574997914,20.0
2024-01-28 20:00:00,0.0,26.25761311257665,74.81751154596719,18.656702405130577,6.171942271169667,0.0,4.05432502041205,20.0
2024-01-28 21:00:00,0.0,24.512547891210147,79.83274461224791,28.50951686938471,9.698188646337847,0.0,3.7169597632670293,20.0
2024-01-28 22:00:00,0.0,22.3288206302036,85.01179676983276,17.33735952947548,7.276311376996887,0.0,5.753407620628751,20.0
2024-01-28 23:00:00,0.0,21.62469645868067,81.17499492009513,89.67654246264252,9.226037570939578,0.0,1.7740542074295478,20.0
2024-01-29 00:00:00,0.0,20.580669683386137,95.0,8.023374566164222,7.62212058314177,0.0,1.8428920913489797,20.0
2024-01-29 01:00:00,0.0,20.893563844583394,87.524732899546,52.451138957025464,5.917169688924004,0.0,2.4107518127381473,20.0
2024-01-29 02:00:00,0.0,20.618068493930043,90.49649810370492,41.03968269896615,1.9202336913634455,0.0,1.8196480275876248,20.0
2024-01-29 03:00:00,0.0,21.62785516638636,79.12499647999026,98.23786169086064,6.6668565189251305,0.0,2.1236259472972643,20.0
2024-01-29 04:00:00,0.0,18.18241622237168,91.34405240897414,11.203890216805235,6.233795659599071,0.0,2.4861803116086953,20.0
2024-01-29 05:00:00,0.0,21.206423663845197,93.9593283936737,39.785559904574164,6.024691704572664,0.0,2.2272924772395686,20.0
2024-01-29 06:00:00,0.0,22.009387765973347,84.56742782990648,96.94704332753689,4.8978586798824075,0.0,1.5165371245606707,20.0
2024-01-29 07:00:00,0.7498185061652879,22.001129030259353,83.50902381236713,86.55071258939803,5.286566039892756,149.96370123305758,3.160836331560294,20.0
2024-01-29 08:00:00,0.6318161493938313,25.247271452108755,83.93835455957074,81.707207094928,3.3444252711810405,126.36322987876628,3.7167121103181935,20.0
2024-01-29 09:00:00,2.880096112400652,25.36982682291753,82.37348155322654,25.790282704493983,5.193126926423032,576.0192224801303,2.7106794164390937,21.609458611634803
2024-01-29 10:00:00,3.3976472269375586,28.7065357234543,73.93219201816993,17.088758739006582,1.9755590567847825,679.5294453875117,1.732972212078039,37.42387125280023
2024-01-29 11:00:00,2.2289068501761147,28.122085202460944,70.24894156896583,66.8643219924431,8.051743973603768,445.7813700352229,2.116884071966395,38.488087645792575
2024-01-29 12:00:00,1.6115589958064056,27.835863489855953,75.23262857770025,92.93759891275857,1.857769546987078,322.3117991612811,2.0025296267016555,34.37260732057942
2024-01-29 13:00:00,3.014840824102437,29.2025805167476,68.11709729404544,55.67628930139298,0.8496628988946642,602.9681648204873,2.2292664058366336,41.83556429410455
2024-01-29 14:00:00,2.938543496010891,31.177000636790336,61.08366220917657,57.161268946989985,4.362460263571574,587.7086992021782,2.2721525048074644,48.1662787105371
2024-01-29 15:00:00,3.370025813666607,28.15848196664999,72.99578328192014,27.997909366028416,6.583074395060619,674.0051627333214,1.8348569509989812,62.75038290587954
2024-01-29 16:00:00,1.5262987823106287,30.112069554374113,69.44880972327479,76.94929331919369,4.377168249335414,305.2597564621257,1.6066192728054234,61.90490405856591
2024-01-29 17:00:00,1.9161026642843844,27.428800918203287,70.43896373874085,18.704374855752338,2.767541319513086,383.22053285687684,2.136040355131886,59.58977047069747
2024-01-29 18:00:00,0.7238330731570496,28.829794365205075,63.96250902146938,32.367923640424365,5.581711838904408,144.7666146314099,3.618438480840492,29.12023986350333
2024-01-29 19:00:00,0.0,27.9712957354787,70.42148411577824,42.54364386164168,3.4700233541219996,0.0,5.086221445767917,20.0
2024-01-29 20:00:00,0.0,24.164129744381693,76.19238645724302,50.7610378684455,9.32867690126633,0.0,3.363243894724388,20.0
2024-01-29 21:00:00,0.0,23.68571267151363,88.24445938998116,24.240973241508023,9.22645139603572,0.0,4.716440633359201,20.0
2024-01-29 22:00:00,0.0,20.574432639667123,95.0,11.483682473920354,5.023718199720955,0.0,3.5775897463144184,20.0
2024-01-29 23:00:00,0.0,20.901079643614963,90.04938635139811,61.06200424416326,3.278839940182585,0.0,1.6038737902788105,20.0
2024-01-30 00:00:00,0.0,19.736753892391665,93.89385619600783,28.863055324025577,7.371324139566391,0.0,1.8067727513528324,20.0
2024-01-30 01:00:00,0.0,17.516208522844803,88.47676028664671,58.123822142261226,0.3671294348306664,0.0,2.208579125064999,20.0
2024-01-30 02:00:00,0.0,21.495571736482425,93.40103131686372,15.436271527420232,4.747690060436512,0.0,2.214054330655457,20.0
2024-01-30 03:00:00,0.0,19.158428922039736,85.77702991787862,48.114010185481746,3.363233942703335,0.0,1.9379977478955541,20.0
2024-01-30 04:00:00,0.0,20.245274815055666,91.49763787877006,53.258943255158584,9.205358851025547,0.0,1.5055941558818695,20.0
2024-01-30 05:00:00,0.0,21.551572313373235,81.85793401366512,5.182353682242691,0.12003027272682543,0.0,2.3579952227273586,20.0
2024-01-30 06:00:00,0.049418891738561295,21.656701688715046,90.19674824090654,33.660427819392055,5.528148757183491,9.883778347712258,2.3102058495033355,20.0
2024-01-30 07:00:00,1.1070867268300375,21.184299973025354,95.0,13.441467693897424,7.40663581066626,221.4173453660075,2.223600742467874,20.0
2024-01-30 08:00:00,2.7087994235318202,23.433040628832646,85.16937065932888,6.337497047276774,4.850179875240412,541.759884706364,2.513971875707562,21.850861704330452
2024-01-30 09:00:00,0.9123210710568604,25.299238873045063,77.98860533832496,98.99602323899452,0.8540303016272166,182.46421421137208,2.4424430283645986,20.0
2024-01-30 10:00:00,3.29170912681059,27.629998225801597,69.4248221841282,32.235384497472296,9.724613900279023,658.341825362118,1.7960820891354503,34.20845685791383
2024-01-30 11:00:00,2.148397215504864,29.3823738514019,79.86044524618627,80.98744458546349,5.180104313760979,429.6794431009727,2.228104492367742,33.36943289093616
2024-01-30 12:00:00,4.133847567126108,30.160288391268494,71.54363446074214,25.464065476376383,6.141862443190114,826.7695134252216,1.9298563691112123,54.30734927207767
2024-01-30 13:00:00,2.7178897454606377,30.86201852957174,73.77003329424252,68.15027222239293,2.366097827075073,543.5779490921275,1.5056521048411846,65.82360685796247
2024-01-30 14:00:00,2.154774060434024,31.07812539579477,67.4126637183732,76.02278598896865,4.834980851068038,430.9548120868048,1.632582180181179,70.7844297203645
2024-01-30 15:00:00,2.3030595284770836,28.293098441063304,67.49609626381877,59.56387406078443,4.291494919583219,460.6119056954167,1.863627748771157,74.95903162757081
2024-01-30 16:00:00,2.245307025813124,28.881218631609187,70.20701095166461,47.15761885501584,0.7489584200198374,449.0614051626248,2.06970463203541,76.62725436845909
2024-01-30 17:00:00,1.4598899201424707,26.920784043641408,79.73214960855573,41.18409141472685,1.0616035354746722,291.9779840284941,1.8095531694026508,72.94658858677299
2024-01-30 18:00:00,1.2570376581949625,27.725269722015046,77.58327130700195,34.88682665429953,8.374725196187745,251.40753163899248,5.453743878139994,41.36764121835193
2024-01-30 19:00:00,0.0,25.984384413706035,73.17256306872932,92.95291442478259,2.3981995220659025,0.0,5.80786546118581,20.0
2024-01-30 20:00:00,0.0,26.391457966955944,76.15586251688846,83.06194077877291,1.9495827149863054,0.0,5.315004318932237,20.0
2024-01-30 21:00:00,0.0,23.77140804260674,86.5957497827003,96.50269106665125,5.049114512501393,0.0,3.3001940146996,20.0
2024-01-30 22:00:00,0.0,23.89676017739849,84.4313212220839,12.429722348554472,7.68747131362513,0.0,3.279984360809479,20.0
2024-01-30 23:00:00,0.0,22.39339115470911,86.33797191277755,73.08674752036443,0.6194651857898792,0.0,2.1706633160020994,20.0
2024-01-31 00:00:00,0.0,21.27911181196756,85.78245206695499,93.83404568210378,5.768079196382558,0.0,2.3807485770741894,20.0
2024-01-31 01:00:00,0.0,20.55112671430259,95.0,18.123306616566015,1.1921044284057336,0.0,1.620002749616888,20.0
2024-01-31 02:00:00,0.0,17.838696113697637,95.0,6.6496267366777495,0.3646105082561846,0.0,2.2922170331553517,20.0
2024-01-31 03:00:00,0.0,20.46579499555542,89.99699345573399,74.11206492900591,0.5274395216221739,0.0,1.514830162431708,20.0
2024-01-31 04:00:00,0.0,20.27482612890824,90.99558191730368,57.44731131799119,8.341641082084413,0.0,1.5812791048408879,20.0
2024-01-31 05:00:00,0.0,21.510095424055127,86.13070929100375,84.1828776758272,1.1797248362806156,0.0,2.129672651859887,20.0
2024-01-31 06:00:00,0.27772778618360827,22.47082730077344,85.75494355210093,13.97723766262895,0.4515136441229195,55.545557236721656,2.325608672507594,20.0
2024-01-31 07:00:00,0.2710323783454151,22.205102759225223,95.0,79.52673118598902,4.378998871429123,54.20647566908302,3.712598653432234,20.0
2024-01-31 08:00:00,1.8481839040549073,23.494167594669378,82.76211364545543,20.162732004774455,8.439934719420247,369.63678081098146,2.4876781993918806,20.0
2024-01-31 09:00:00,2.4907268752049605,26.625134128329815,79.40871873574348,16.36559428657045,2.6240837648930193,498.1453750409921,2.7959145545915387,20.0
2024-01-31 10:00:00,3.6412014453959944,27.10022948855694,76.58526994139879,16.426579793099293,4.217126175259164,728.2402890791989,1.8369647878468298,37.140248246717064
2024-01-31 11:00:00,1.9648441961784764,27.46809997297224,73.17679523378811,81.45747202313821,0.39922532563751223,392.96883923569527,2.3957191747480016,32.60472215651154
2024-01-31 12:00:00,2.453399810573439,28.606958580092797,74.61911407488344,66.51972206962002,4.490785141348759,490.6799621146878,2.201731040755785,34.995575469779254
2024-01-31 13:00:00,3.3233975720998443,31.576119763039962,70.71921576474188,52.30654247691193,5.776130806371337,664.6795144199689,1.9778773056530576,47.77801800102373
2024-01-31 14:00:00,3.543281689772882,29.781994368878877,70.27970419147101,35.88304841235025,5.709070537521448,708.6563379545763,1.7031539371899682,65.25923165056142
2024-01-31 15:00:00,1.6776746316161804,30.531452171988686,70.62622523568257,87.72005408131082,3.324266921743652,335.53492632323605,1.7309403592207337,64.69853978103981
2024-01-31 16:00:00,2.0079789238174395,30.045363602813428,67.94251717025878,39.244510742263536,3.155331806631355,401.59578476348787,2.1898412834359644,62.784199153476386
2024-01-31 17:00:00,1.0257212819816022,28.328217809924492,69.43449506335689,81.65994394715771,1.0662361893659789,205.14425639632043,1.662628296315717,56.07991479206464
2024-01-31 18:00:00,0.7314059128092621,26.302042037659337,75.26305966052847,43.91349085702184,3.667983206462684,146.28118256185243,3.2802956005274977,29.24949702660954
2024-01-31 19:00:00,0.0,27.649900564944108,70.2339513825198,37.69444294249076,0.9949466887296465,0.0,3.3868119162594517,20.0
2024-01-31 20:00:00,0.0,25.558695282921818,76.85941683395163,46.26797856696064,7.665959447120516,0.0,5.7738375969989155,20.0
2024-01-31 21:00:00,0.0,23.199571211956172,88.57893339621388,30.13778741641421,9.662742977481859,0.0,3.817339323326495,20.0
2024-01-31 22:00:00,0.0,24.23404195442262,83.45296219940207,74.76093801762511,9.700744566667069,0.0,5.980118364480525,20.0
2024-01-31 23:00:00,0.0,22.347452299529056,87.88788062494108,50.27203900924791,8.650710993753938,0.0,2.3463487798664233,20.0
2024-02-01 00:00:00,0.0,22.462041809285132,85.6501418328185,23.22126951468173,6.007921493396191,0.0,2.011004763544587,20.0
2024-02-01 01:00:00,0.0,21.205898928698314,91.82610373364925,89.95745732745685,7.008656972438799,0.0,1.6962156511702953,20.0
2024-02-01 02:00:00,0.0,19.520981306510286,95.0,38.38912213732114,2.8520580268041407,0.0,2.377758342192733,20.0
2024-02-01 03:00:00,0.0,21.40224815953681,84.9821663777102,54.35528611139886,6.307704201726207,0.0,2.2517989445187085,20.0
2024-02-01 04:00:00,0.0,21.88802813168071,83.0395613656064,90.6472110964547,4.556495494398774,0.0,1.8871553940539831,20.0
2024-02-01 05:00:00,0.0,21.90000055496764,88.1085881442649,62.42379959139921,4.8201733977693255,0.0,2.3606044903497096,20.0
2024-02-01 06:00:00,0.0,24.826838630709116,79.82627659995829,11.689804070836407,7.57776560375158,0.0,1.6418288286876748,20.0
2024-02-01 07:00:00,0.3726261544912972,24.954786939844958,80.13804690997813,93.98321236134751,2.8191835559725167,74.52523089825944,2.214313393853847,20.0
2024-02-01 08:00:00,1.1025735049761805,27.934177036520328,65.43451970579795,62.770805307141785,3.180396116945199,220.51470099523607,3.5494432452186833,20.0
2024-02-01 09:00:00,2.4967095337573815,27.241402271729108,77.41161439555597,33.49056146570861,9.246417911286366,499.3419067514763,2.633890577271171,20.0
2024-02-01 10:00:00,3.9082033964873326,28.374226956268224,74.40116781455323,13.927207266338726,0.5622429485097225,781.6406792974665,2.0286858536788195,37.85541665668087
2024-02-01 11:00:00,2.262371686649818,29.30323435619565,70.77494543691628,79.4025189270296,4.856342984133404,452.47433732996353,2.369812365813923,36.72446213916397
2024-02-01 12:00:00,2.785060259091773,31.21137167408429,67.37422549343877,62.00727559285135,9.128008004078618,557.0120518183546,2.385923670416803,40.516259731576184
2024-02-01 13:00:00,3.231784070379426,31.58855955967103,64.79637557664124,53.34610919763215,6.10363007818157,646.3568140758852,2.12429040078327,51.03744959273966
2024-02-01 14:00:00,1.5785638907020174,32.93363360881788,54.83441757961525,89.38925830509577,5.46407074212132,315.7127781404035,2.2491155790258706,43.97901076827805
2024-02-01 15:00:00,2.3659558003169745,31.23536006068044,59.17334321415596,78.85972112245308,2.497441792293552,473.19116006339493,1.8092688787921896,49.267536522763514
2024-02-01 16:00:00,3.0315075143004115,28.70329353112293,72.75152280730538,15.167487973275119,3.4327548906444827,606.3015028600823,2.376847774154112,55.48680405415336
2024-02-01 17:00:00,1.8819056488731765,31.62632964810399,58.89526657959709,31.172206779554823,8.52048415804693,376.38112977463527,2.3510918822321445,50.548001597743166
2024-02-01 18:00:00,0.6154171146811482,27.59103925320796,76.19293298504313,24.848913981446575,5.592181317684581,123.08342293622964,5.533216836876197,20.0
2024-02-01 19:00:00,0.0,29.08930229818225,80.42272194791018,74.3946292572677,5.147421937567799,0.0,3.2866086229087115,20.0
2024-02-01 20:00:00,0.0,26.70934885733469,76.356081695276,3.353243473577938,0.9957971354002892,0.0,5.425380868431445,20.0
2024-02-01 21:00:00,0.0,24.707306738813223,76.77068310571298,56.98896848713165,0.16028156455123121,0.0,3.9894474265690834,20.0
2024-02-01 22:00:00,0.0,25.24282689332683,83.15018615780684,76.24586857406905,9.636851886870492,0.0,5.248579826423729,20.0
2024-02-01 23:00:00,0.0,24.34201361701384,81.534780408172,87.67656367617495,3.7698616728684167,0.0,1.9370780827574752,20.0
2024-02-02 00:00:00,0.0,22.345447066003626,80.18535211761079,34.20817487159075,6.032130620995043,0.0,2.452301384601107,20.0
2024-02-02 01:00:00,0.0,22.037098620740473,92.75223343797589,82.12573046720128,0.7971507318728499,0.0,2.146805660349097,20.0
2024-02-02 02:00:00,0.0,21.378978968990435,90.87789835968887,11.063173695520723,6.831142857230466,0.0,1.8313941389426374,20.0
2024-02-02 03:00:00,0.0,21.26569575036047,77.58304260200678,84.64522917345182,9.325667087059609,0.0,1.915078129007799,20.0
2024-02-02 04:00:00,0.0,23.149132725364773,82.45345685817585,12.748866233198243,5.756652529974197,0.0,1.689356227680665,20.0
2024-02-02 05:00:00,0.0,22.546676644988196,85.11671285779099,39.72872905603673,1.2611532237541057,0.0,2.2642204838423083,20.0
2024-02-02 06:00:00,0.0,25.847866995702102,84.25691422718417,79.72953657795536,5.817215274734767,0.0,2.1274390076821508,20.0
2024-02-02 07:00:00,1.3657644490858887,24.80120891762407,90.38671278988753,14.991742734877377,7.6634721310465235,273.1528898171777,3.0985025427557886,20.0
2024-02-02 08:00:00,1.6534960561476006,25.577648670938082,74.74776850562988,22.92513952326415,4.064165365740187,330.69921122952013,2.354418759642479,20.0
2024-02-02 09:00:00,1.7823052209379193,28.23585587516208,75.38912206150638,72.22525683930662,8.798377479414679,356.46104418758387,3.3187981598107426,20.0
2024-02-02 10:00:00,2.2459306444892615,27.47433759071316,72.0664646790681,72.00365365460743,6.486829533573645,449.1861288978523,2.2589319486146815,20.0
2024-02-02 11:00:00,2.1459265812498605,29.567795222074157,67.74465247464535,64.11476328852973,8.992489182892026,429.18531624997206,1.6859534453910268,24.36974479065892
2024-02-02 12:00:00,2.7482225580319564,31.158771044727,64.81335834099539,69.39484444671,6.235053112473372,549.6445116063912,2.495608711514426,26.769576332575458
2024-02-02 13:00:00,2.875590406150858,30.76075215624797,68.22084849657185,54.27244433475962,1.3128797200482423,575.1180812301716,2.3020625593108033,32.21809087755598
2024-02-02 14:00:00,3.6941694778428973,32.17127013670535,69.38757949150337,25.179905890695274,3.096917111051891,738.8338955685795,2.0949683573414704,47.410501522319535
2024-02-02 15:00:00,3.203413991640716,29.27614258278945,70.52924500253815,34.56959935039195,2.0179494825245694,640.6827983281432,2.4890744654737045,54.196727020906145
2024-02-02 16:00:00,2.5260493133909097,30.399699320121478,79.24296641466555,18.159771680142565,9.088264977168624,505.20986267818193,1.7741738575114665,61.339543851760844
2024-02-02 17:00:00,0.6690349478826895,30.769484384296977,74.56814919836582,90.84505613336283,7.604000672874827,133.8069895765379,2.1079711675981625,46.192846802124286
2024-02-02 18:00:00,0.4613164144977006,29.47001366124666,71.57688265856716,58.339179476612046,6.76398368910006,92.26328289954012,4.421350086923467,20.0
2024-02-02 19:00:00,0.01570839322983404,28.310920491337058,72.38013565550749,40.08514167636399,3.009663196316217,3.1416786459668073,3.044730792464424,20.0
2024-02-02 20:00:00,0.0,26.124016420648132,74.94652150379875,46.20058036441327,1.8404477205021352,0.0,4.2886473705620265,20.0
2024-02-02 21:00:00,0.0,24.070914306726277,81.6612648970717,94.72833396118153,7.564510879889118,0.0,5.020174737347492,20.0
2024-02-02 22:00:00,0.0,22.3897368812082,88.98647598624635,15.33514031160802,4.741579458790797,0.0,3.040979650305876,20.0
2024-02-02 23:00:00,0.0,22.780635513747143,80.85435761894334,58.62298320167972,2.257895521506291,0.0,1.653974351165684,20.0
2024-02-03 00:00:00,0.0,23.636315372266385,75.68129026534467,50.5888678884466,6.166219781652751,0.0,2.0472374278792835,20.0
2024-02-03 01:00:00,0.0,20.977835984199658,82.08412031079102,61.14542354346478,0.40333852138451975,0.0,2.1140311984486506,20.0
2024-02-03 02:00:00,0.0,21.907689736837177,89.0896182261341,1.8110183820840509,3.261702541282535,0.0,2.053400026833415,20.0
2024-02-03 03:00:00,0.0,20.303884547919292,82.42014807786688,87.21239089441515,4.685569945911347,0.0,2.379417310264396,20.0
2024-02-03 04:00:00,0.0,23.42221934337582,88.83783918487259,93.21182824836124,1.4795833410940584,0.0,1.5379978373047423,20.0
2024-02-03 05:00:00,0.0,22.609517827326606,95.0,56.51331835892089,9.846544775908395,0.0,1.6057789068940669,20.0
2024-02-03 06:00:00,0.0,24.569758919704178,79.23959785538844,69.66508238768922,2.0909736458961428,0.0,1.5726821558408108,20.0
2024-02-03 07:00:00,0.6875899969718755,26.474618669063968,82.0471858630446,92.24993811772957,1.3035313004326554,137.5179993943751,3.228087213945127,20.0
2024-02-03 08:00:00,0.816607922161167,23.698088430512108,84.77514138858614,70.72386343133986,2.035348738868964,163.32158443223338,3.8825181283552954,20.0
2024-02-03 09:00:00,3.1605095684904745,28.293205732311545,64.95378243693904,15.253904291426135,7.690611331597243,632.1019136980949,2.8993597017703143,22.480923733841525
2024-02-03 10:00:00,2.708801332818488,28.54963180874333,74.93497455821226,57.62883601668132,4.255056592718428,541.7602665636977,1.815489206482224,30.967388934036038
2024-02-03 11:00:00,2.7650219220062016,28.86370260546021,70.3661199850567,60.67150463828559,5.65415939752538,553.0043844012403,2.2626861704546086,35.73957857377617
2024-02-03 12:00:00,3.183156867041484,31.01229764663429,72.43479287958279,42.4130671302386,0.21009156986360744,636.6313734082968,2.116885783260816,45.86915386969251
2024-02-03 13:00:00,2.405968662431595,30.64972323469851,69.99569763802154,73.64442356247228,0.34431308573314556,481.193732486319,2.4832159866537458,45.05602414103829
2024-02-03 14:00:00,2.1184178653110757,30.63681028783317,78.92704885431826,93.43670147690149,4.458255498270161,423.68357306221515,1.6015745442353815,49.96603569125739
2024-02-03 15:00:00,1.3934477351234278,31.232317980743748,64.79253928572689,92.55685129067763,8.166552432016235,278.68954702468557,1.5733607595169197,48.072214381852206
2024-02-03 16:00:00,2.2501872284559163,30.761924488589525,61.44255386002315,45.08393714041321,8.852388787075652,450.0374456911833,1.8354766105608697,52.01196525185515
2024-02-03 17:00:00,1.9330919924713315,31.532414179783594,67.43214208823996,11.323804584075525,0.8670656759564022,386.6183984942663,1.7712685864831768,53.549287608742624
2024-02-03 18:00:00,0.3174638187662623,29.264481684951374,71.7895484289261,98.48411989623345,5.383631021010228,63.492763753252454,4.419283614298124,21.97034024032157
2024-02-03 19:00:00,0.17703246512381945,27.50133730674015,73.518886799232,83.88980864459342,9.132296862792705,35.40649302476389,5.976115421335784,20.0
2024-02-03 20:00:00,0.0,27.623427287095762,78.13811591268374,12.466268120326685,3.8797275439788637,0.0,5.328418211074567,20.0
2024-02-03 21:00:00,0.0,26.627600657772245,77.58288361210239,92.08418826173724,8.295658314283687,0.0,4.787422597169909,20.0
2024-02-03 22:00:00,0.0,24.60694260838664,71.57651938856901,86.98963620621282,1.336956543994362,0.0,4.60052575840354,20.0
2024-02-03 23:00:00,0.0,24.41617197484409,78.71616399900891,51.88380571260721,9.353944896677987,0.0,1.5997630040381337,20.0
2024-02-04 00:00:00,0.0,21.57799691473471,93.21536746420243,59.127543574492925,7.514233175313026,0.0,1.5393901628896867,20.0
2024-02-04 01:00:00,0.0,22.956113970687724,76.14191563606789,39.90027038701302,9.413343927869017,0.0,1.6192501676814666,20.0
2024-02-04 02:00:00,0.0,21.687107100125093,88.56790886813735,5.476163882203133,6.766172335525065,0.0,1.8297121754142036,20.0
2024-02-04 03:00:00,0.0,23.12403904262861,80.45444337315469,33.519724164590095,3.6340393199942698,0.0,2.1014711008812075,20.0
2024-02-04 04:00:00,0.0,21.143519358687914,95.0,80.28534485980114,9.381811725247225,0.0,1.987813481807599,20.0
2024-02-04 05:00:00,0.0,21.296450950399556,84.11621466115267,0.4632023004602859,2.7556677630917847,0.0,2.2651115104398496,20.0
2024-02-04 06:00:00,0.0,23.2201933242624,88.51924490090998,33.34991716911442,3.321725220617325,0.0,2.488389878639863,20.0
2024-02-04 07:00:00,0.8111799109646818,23.68230696381923,74.26425032690169,39.81686935909433,7.008084180017403,162.23598219293635,3.782458882062935,20.0
2024-02-04 08:00:00,1.3918286598542642,29.03036966864169,70.79979786888745,53.73956029379229,7.6531629952538625,278.36573197085283,3.8884473489475733,20.0
2024-02-04 09:00:00,1.4332106909156368,26.997108556698727,67.23179345974631,91.98556164127605,9.294034838491537,286.6421381831274,3.2513343612631864,20.0
2024-02-04 10:00:00,3.264053634286631,28.7540046616443,74.72550873075711,34.634599436596126,2.048024090562095,652.8107268573261,1.6723961432984527,35.1207461643877
2024-02-04 11:00:00,3.9112561469727707,28.7540046616443,73.7891180519758,34.69532018962277,7.979980352192239,782.2512293945541,2.179675131140635,51.570765814792985
2024-02-04 12:00:00,2.139379815164261,29.485199231857017,65.65408629570219,73.75012481097484,7.385460533969635,427.87596303285216,1.9196547448590051,53.658153982692916
2024-02-04 13:00:00,3.504401090780996,32.00759910234187,65.65911011667181,45.221794088980715,0.6379455625359787,700.8802181561992,2.4693496144198255,63.49114300812403
2024-02-04 14:00:00,4.088762755056108,31.758887515712704,61.15321141183081,22.460482293998197,3.8722314121020696,817.7525510112217,2.283702988760975,80.6392107879278
2024-02-04 15:00:00,2.504570183128268,30.716417238969346,70.83967838248945,45.24395161326934,2.827654570600986,500.9140366256536,2.485633620087704,80.81910813681314
2024-02-04 16:00:00,2.989240002661777,30.07950019694544,68.34325255011316,14.085702037979985,3.044904243540304,597.8480005323554,2.293229678273322,87.43120621850346
2024-02-04 17:00:00,1.8037102372400975,28.660448672765654,74.8068091258476,17.63869865062233,9.829468795547008,360.7420474480195,1.823577604039512,87.22207604166753
2024-02-04 18:00:00,1.1185479786260162,30.269613262599844,63.23502059499988,49.83677727394797,6.427774134799279,223.70959572520323,3.467755528988481,62.49357551153635
2024-02-04 19:00:00,0.0,27.650513636800472,77.48446251925404,41.89254495045479,7.176761577934996,0.0,5.564776969533214,30.91462814311529
2024-02-04 20:00:00,0.0,25.685846743402397,72.80229651336877,91.48459010681,9.766176373150092,0.0,4.61136224486022,20.0
2024-02-04 21:00:00,0.0,25.800315128444648,75.64441778889177,36.23938991166331,3.7720178245763867,0.0,5.320909935017283,20.0
2024-02-04 22:00:00,0.0,23.882018905392624,76.45097991089293,58.05883502780434,8.01840168452806,0.0,5.324483299963864,20.0
2024-02-04 23:00:00,0.0,24.143516309606532,74.5083535413777,63.22642879195304,4.345309633044954,0.0,1.5502131214575727,20.0
2024-02-05 00:00:00,0.0,21.09422249750292,89.49447023228933,1.3094456588333636,8.695336718149797,0.0,2.330583325114451,20.0
2024-02-05 01:00:00,0.0,20.329309449590856,84.90433428681258,66.35373720167107,1.8065754131130318,0.0,2.340888976711485,20.0
2024-02-05 02:00:00,0.0,21.373335972652338,84.49774685449218,17.803596686975144,9.476861770642795,0.0,1.8700035405750315,20.0
2024-02-05 03:00:00,0.0,22.150695243429706,84.44342386385446,96.10703174694551,2.1877170841087965,0.0,2.2509283935167224,20.0
2024-02-05 04:00:00,0.0,22.31842088467045,83.85449296086593,14.866272775311295,3.2622050698093155,0.0,2.027299133128794,20.0
2024-02-05 05:00:00,0.0,22.668494300855002,87.83443106420118,41.462412372702374,7.561922341067805,0.0,2.074161999609583,20.0
2024-02-05 06:00:00,0.0,20.077599748381658,91.26374064242708,8.534966807864386,3.9375514156540667,0.0,2.2557099224923927,20.0
2024-02-05 07:00:00,0.3465718399427541,24.99345307177434,82.84345164300123,99.68742518459473,6.082113767664467,69.31436798855081,2.5216168543855524,20.0
2024-02-05 08:00:00,1.7160278452273523,26.899996552943605,77.02930202810616,50.21950103312426,4.4457350106942854,343.20556904547044,3.654961919514012,20.0
2024-02-05 09:00:00,0.0,28.16259281235164,79.68696890419452,59.53850173200438,7.423699370897818,302.7580641621439,2.3125226796227114,20.0
2024-02-05 10:00:00,3.9699567345607165,27.45243020586369,76.11485887585259,6.7076477388427485,2.2833125236861083,793.9913469121433,1.9112273626316605,39.55792903332603
2024-02-05 11:00:00,2.3099503432691857,31.7119888678474,65.23416579451036,74.99604703991778,0.5845798723687701,461.9900686538371,2.4720420941766235,37.85170007640563
2024-02-05 12:00:00,4.086526776006602,31.010432070259693,63.19845734468791,20.990559309558577,2.999293974730662,817.3053552013204,2.4778959877861264,53.133692564500144
2024-02-05 13:00:00,1.7894597870427567,32.5746701396686,59.11412730191775,89.80542894407138,4.743086648684303,357.8919574085513,1.9659667481861367,51.275724552464574
2024-02-05 14:00:00,4.58015928722624,32.433810426075,67.64854107051248,20.513964048200716,1.6802005219267857,916.0318574452481,1.7673447121588532,77.99746301560475
2024-02-05 15:00:00,3.6654512973328286,30.314047751794796,61.42750489738516,19.068772066366655,3.547972896563887,733.0902594665657,2.454889710009258,89.49779809517867
2024-02-05 16:00:00,3.089981662538957,28.757991902825708,71.45935382314055,3.654966784809488,3.9998301829356855,617.9963325077914,2.3328490415914427,95.0
2024-02-05 17:00:00,1.608076744371176,29.333576607637617,75.11042308736728,47.206694510999924,0.5739184368827355,321.6153488742352,1.7319684521577858,93.69587676014095
2024-02-05 18:00:00,0.45112900342688206,29.114308753059248,71.78040002566358,56.48411332626164,5.833072481842045,90.22580068537641,5.630575749078515,62.1169293917199
2024-02-05 19:00:00,0.22756292038321374,28.9025398272355,69.3297657144679,6.570863942835237,8.843434279712875,45.512584076642746,3.4490203937508035,30.53798202329885
2024-02-05 20:00:00,0.0,26.323865802289223,69.6816449281773,77.55276166950105,1.5174291295305242,0.0,4.274603781204033,20.0
2024-02-05 21:00:00,0.0,24.367277295824188,78.56479244581175,45.32888347480276,5.978080134015141,0.0,5.2866923689265075,20.0
2024-02-05 22:00:00,0.0,22.981194802409288,79.96418212899306,52.439026932758004,6.647392049108463,0.0,3.6529976281978147,20.0
2024-02-05 23:00:00,0.0,23.120120291166998,78.2513500180226,44.07627469382282,4.193346804192883,0.0,2.105400371953344,20.0
2024-02-06 00:00:00,0.0,23.194647093359535,89.45360763464784,40.0763060875326,7.0109758736427,0.0,1.7923333112833824,20.0
2024-02-06 01:00:00,0.0,22.892079008074614,78.5052682992577,55.96403313082179,4.10731543491012,0.0,1.8494476407836284,20.0
2024-02-06 02:00:00,0.0,20.95280821111751,81.83760266656854,15.52402459307125,5.046372879774349,0.0,1.7720841575779778,20.0
2024-02-06 03:00:00,0.0,21.270246283835917,89.98026923921057,18.19281304952711,0.0735304455442698,0.0,1.5647721995252017,20.0
2024-02-06 04:00:00,0.0,21.3416924172043,90.74489712815995,86.17856210135173,6.917201141346888,0.0,1.8934354894368601,20.0
2024-02-06 05:00:00,0.0,23.55618382084925,85.73450314242007,94.61154621336327,6.613426789447244,0.0,1.7070848248877104,20.0
2024-02-06 06:00:00,0.13893554451072312,23.14226682339498,81.7915062351897,37.330931627975296,0.3840087732634456,27.787108902144624,2.2654985004052994,20.0
2024-02-06 07:00:00,1.079838242042893,27.259997215923374,77.46484702477846,27.074467314355378,3.6825010739513306,215.96764840857858,2.0330788985797534,20.0
2024-02-06 08:00:00,1.3050297580381125,27.03080158367273,70.5724454623193,64.39995432390158,9.790318407916674,261.0059516076225,3.330809585276508,20.0
2024-02-06 09:00:00,2.57248067700275,27.7643287371762,72.45385286092645,40.87341710980964,4.207365625686168,514.49613540055,3.9791296164756136,20.0
2024-02-06 10:00:00,3.961818546039497,29.058608917371792,65.74363933497145,2.538635566034486,5.019454051318418,792.3637092078993,1.9680840601876466,38.94047761559258
2024-02-06 11:00:00,4.22659907329805,31.426367454109382,66.95518604527155,15.615259736619036,9.099301581597185,845.31981465961,2.1040721005990637,59.10448385623294
2024-02-06 12:00:00,2.487402656356494,29.72067146347597,79.12221412942944,71.59722288473975,7.172618758657564,497.4805312712988,1.512657828484162,68.36455972102009
2024-02-06 13:00:00,2.5446342686520764,31.087046095155547,65.2599859050696,65.89239419101514,5.820701311242235,508.92685373041525,2.1532715658327435,72.08250539780374
2024-02-06 14:00:00,4.650402324173229,31.359724414449573,65.60297201093552,2.709599250348349,7.978046813410725,930.0804648346458,2.1617651547273957,95.0
2024-02-06 15:00:00,3.6917092842974446,30.210378889224696,64.79383683521752,22.197216193294945,8.643662664559733,738.3418568594889,1.589249751636584,95.0
2024-02-06 16:00:00,2.668447669864452,30.693704868644577,64.72104749767834,23.10747965880714,4.568880717372669,533.6895339728903,2.1055702738939304,95.0
2024-02-06 17:00:00,1.5759630625582264,29.76526353825813,75.95557957184288,67.18927435987284,4.751083649318354,315.1926125116453,2.3611302430447814,86.73508231066783
2024-02-06 18:00:00,1.4226907948146064,27.882672991068766,74.02719849497556,1.9710537754364155,3.860509356518358,284.5381589629213,4.83936592122468,55.15613494224678
2024-02-06 19:00:00,0.08316376786927551,26.535830596145317,86.74412874267045,10.410858198457385,9.667061400184606,16.6327535738551,4.912172551119898,23.57718757382573
2024-02-06 20:00:00,0.0,26.71833875044216,81.40298224294064,79.99160853731894,6.971662542903504,0.0,5.335804076101669,20.0
2024-02-06 21:00:00,0.0,26.010988563149432,72.3009305976868,17.85446620543336,0.8322306620807229,0.0,5.7065823551480275,20.0
2024-02-06 22:00:00,0.0,25.3160074197185,76.67406097132606,65.27461078518748,8.629596233130185,0.0,5.174367903586306,20.0
2024-02-06 23:00:00,0.0,23.08512074125815,80.5696485018073,23.81827810467265,4.8055994083626805,0.0,1.6301893492008024,20.0
2024-02-07 00:00:00,0.0,20.45094256812396,94.33288753589312,9.944139275934516,0.6875390642248747,0.0,1.5349058590731093,20.0
2024-02-07 01:00:00,0.0,19.42814920981063,95.0,24.317219099945408,5.497172551633111,0.0,1.6010764923717427,20.0
2024-02-07 02:00:00,0.0,22.188259710772414,88.36217547214298,72.22669318556592,4.171642789757021,0.0,1.7164905672661175,20.0
2024-02-07 03:00:00,0.0,20.83844504462122,84.94903868960186,85.56964681062857,8.777494048626249,0.0,2.265063431365564,20.0
2024-02-07 04:00:00,0.0,22.229782755157313,86.15920770230676,83.02198645669915,2.0399460360938737,0.0,2.3814667648795558,20.0
2024-02-07 05:00:00,0.0,21.68686582889897,94.51312269264223,39.71835296184548,8.26464609492183,0.0,1.9257616149303052,20.0
2024-02-07 06:00:00,0.5055435250218446,23.43255271877165,92.14253660161764,66.80851365706462,5.576886911854527,101.10870500436893,1.7773758133333013,20.0
2024-02-07 07:00:00,0.5140091109256688,27.037081910053285,63.53315260062433,20.498429541582098,0.5461030321346905,102.80182218513376,2.776854442455714,20.0
2024-02-07 08:00:00,2.0637533243093023,26.30192636985064,83.89927426557851,29.314773026101328,9.718453013254846,412.7506648618604,3.732467245717845,20.0
2024-02-07 09:00:00,1.3704389054590487,28.021500304504222,72.36459039663916,89.63358185211197,5.126152441032,274.08778109180975,2.0699649766161254,20.0
2024-02-07 10:00:00,4.140999944773924,28.110155229058858,68.97579175065782,1.3001923510736035,2.908768542315825,828.1999889547848,1.5817039596022289,44.3133118591311
2024-02-07 11:00:00,4.585951857490567,30.732584884772464,75.41925966133432,8.550853085446807,4.694068419892581,917.1903714981133,2.359643910565396,65.46323735492022
2024-02-07 12:00:00,4.413371508128005,29.759460612732013,66.55947392303469,20.78862551460273,8.57857783517489,882.674301625601,2.0751125669393615,87.67669729621232
2024-02-07 13:00:00,5.30130042890043,31.09512159629945,67.45305681489909,2.6532203873819715,3.049031243850635,1060.260085780086,1.5288579133361244,95.0
2024-02-07 14:00:00,3.853176388055872,31.563383392637718,63.23128164851602,18.143543508979732,1.9267639648670032,770.6352776111744,2.221909573992304,95.0
2024-02-07 15:00:00,2.7535686315276378,32.03101902525484,64.13392948029443,58.304156096969216,1.2907124693088146,550.7137263055275,2.246419232844105,95.0
2024-02-07 16:00:00,2.0843453115329487,32.50439778499332,60.48659883724259,42.1424550592498,2.9785939839021127,416.8690623065897,1.6656200594101713,95.0
2024-02-07 17:00:00,0.6252205395143305,28.27557502378349,76.66989414665366,89.26717110769748,7.800480870400435,125.0441079028661,2.4170455901544763,76.13868367747216
2024-02-07 18:00:00,0.4190181446832896,27.807026628980864,72.42231554990919,81.7443561738441,4.716263651952617,83.80362893665792,3.8719509880961054,44.559736309051104
2024-02-07 19:00:00,0.0,26.018112978550715,81.82968160694925,34.1817351697876,2.2748160369354,0.0,3.0235347637218695,20.0
2024-02-07 20:00:00,0.0,27.933625019820948,75.09000354014486,25.94234334312925,1.661849996097492,0.0,3.7986848589524045,20.0
2024-02-07 21:00:00,0.0,26.84817705565329,81.32533560690193,37.96924081672669,3.327294765103791,0.0,4.965074089215269,20.0
2024-02-07 22:00:00,0.0,22.001655032855375,82.47010631471001,59.02949425148078,9.399243728857089,0.0,5.50777221908344,20.0
2024-02-07 23:00:00,0.0,22.189139711955352,91.22691689531392,26.806364082287626,3.4302671259002437,0.0,1.603019194442206,20.0
2024-02-08 00:00:00,0.0,21.57249192003266,87.40710639466528,62.4148907849134,9.881240759546353,0.0,1.8369268749640384,20.0
2024-02-08 01:00:00,0.0,20.846311749866622,93.38030776657409,40.941165219124045,4.852304557653562,0.0,2.2633080771801297,20.0
2024-02-08 02:00:00,0.0,20.652372787503115,92.78822751670984,55.204718085198024,1.7916391829015088,0.0,2.2288221800927452,20.0
2024-02-08 03:00:00,0.0,21.066683596757663,95.0,43.61265291353167,8.911400917935094,0.0,1.7104204837415182,20.0
2024-02-08 04:00:00,0.0,22.99286157308113,84.22198605665722,29.44657595419177,4.603553731348269,0.0,2.139616732432062,20.0
2024-02-08 05:00:00,0.0,23.48850753143747,78.33363692131687,94.84533069621567,7.0967134350452445,0.0,1.9272030272818346,20.0
2024-02-08 06:00:00,0.34025167619244345,25.54484146241826,81.93080420694132,76.36057941597608,9.837115832091518,68.05033523848869,2.222155579316628,20.0
2024-02-08 07:00:00,1.1659804637680486,25.27069612461078,74.19278700492777,14.011317576645254,0.50175350319974,233.19609275360972,3.6718982218231364,20.0
2024-02-08 08:00:00,1.1168814823374384,24.795378041822886,79.99357628774676,86.84679758979128,0.9669455978756714,223.3762964674877,2.2817702411407974,20.0
2024-02-08 09:00:00,2.2266419454934816,28.73972865308023,71.80431546561445,48.743119824951364,7.204567414627562,445.32838909869633,3.594518051296215,20.0
2024-02-08 10:00:00,1.4621259369390192,27.023178431052408,73.47756764787151,89.45522268940914,2.8182500329547198,292.4251873878038,2.1618905547009004,20.0
2024-02-08 11:00:00,2.0919453905497205,29.722604938742723,65.39367321053518,79.98552559473153,1.8430139695009906,418.3890781099441,1.6126978604383253,24.552851536058252
2024-02-08 12:00:00,3.421342649783955,30.953656220763285,67.00902861269113,42.52135044692334,0.39361879819729495,684.268529956791,2.060270075596973,37.48304099083458
2024-02-08 13:00:00,5.027009761493573,31.454013898353054,68.47028819146519,2.24693083201174,0.21846711986201806,1005.4019522987145,2.42618892143945,62.19083897134874
2024-02-08 14:00:00,3.352845110131834,31.95754193400478,68.25365417873311,26.867735938494608,7.744856031197909,670.5690220263668,1.7177991151164216,77.72377592399516
2024-02-08 15:00:00,2.1865176022529047,31.966499289840744,71.54374739231214,54.16342146608669,1.3443342736955,437.3035204505809,1.6726565358323988,82.60545605498997
2024-02-08 16:00:00,1.9648645812613816,30.607552091697343,60.37505189667826,63.347821982614725,4.677206159711509,392.9729162522763,2.42317602845633,77.78112503188525
2024-02-08 17:00:00,2.202142510910187,28.59592577513391,76.80616737624257,25.788768543320227,6.05896815179483,440.42850218203733,2.082721475983779,78.91562486368613
2024-02-08 18:00:00,1.0107691776393801,27.635323674099457,74.46698337148585,13.935607407282413,4.283518005688462,202.15383552787603,3.273926632734482,55.092914810053486
2024-02-08 19:00:00,0.1363473702311678,28.227844911473568,70.00620749270898,83.4930236799299,0.27106652336233106,27.269474046233558,4.115687998623528,23.51396744163243
2024-02-08 20:00:00,0.0,27.48786158240651,77.32029774318463,98.44021807035521,7.8350150258790885,0.0,4.119946219097823,20.0
2024-02-08 21:00:00,0.0,24.912382310605985,82.09299739732366,52.56901823026858,0.10513224541653488,0.0,3.9761712706837185,20.0
2024-02-08 22:00:00,0.0,24.35891758374066,76.08319870987751,17.16792858483035,7.61889894377484,0.0,4.259608772610921,20.0
2024-02-08 23:00:00,0.0,24.33992577173532,84.29744342292278,27.230732651936897,8.933044937881228,0.0,2.0457030160329484,20.0
2024-02-09 00:00:00,0.0,22.768962740341614,85.34044308177567,1.8390676547466733,4.328399210571723,0.0,1.799064309608843,20.0
2024-02-09 01:00:00,0.0,23.0311572240338,79.53610467689255,91.4298806560499,5.355424730977982,0.0,2.1113055170553867,20.0
2024-02-09 02:00:00,0.0,21.06115000952183,82.1823924428746,11.775108289014113,4.7698339261765375,0.0,1.967838013124715,20.0
2024-02-09 03:00:00,0.0,20.42743752164409,87.58800320994409,57.651647551425356,3.892086186234388,0.0,2.424430091784262,20.0
2024-02-09 04:00:00,0.0,22.05621613857877,93.88318392702614,27.4055220687206,8.874245353703603,0.0,2.1800610283068367,20.0
2024-02-09 05:00:00,0.0,23.242591583603367,75.38535669592078,55.417800251579344,8.939335106699906,0.0,2.2990103713523586,20.0
2024-02-09 06:00:00,0.0,21.897399308078977,82.83750314435584,65.14203883518643,3.3581636464153455,0.0,2.2915739089300278,20.0
2024-02-09 07:00:00,0.6367769628828251,24.65964076530993,80.16800961183027,82.97418037072016,6.15069754014698,127.35539257656502,3.9048413895069123,20.0
2024-02-09 08:00:00,1.8137499691075334,26.423134592996337,83.72109662063352,20.64212717606032,9.269075621458642,362.7499938215067,3.1174468164251046,20.0
2024-02-09 09:00:00,3.2065704484766675,29.658294751399954,71.42522479061003,1.0995828658480478,9.620584989413516,641.3140896953335,2.1056492889682734,30.458751015329742
2024-02-09 10:00:00,3.5323486692455313,29.44459199507313,73.27999221029813,13.688563006880727,5.089590404220475,706.4697338491062,1.9813103785582933,45.19361477685851
2024-02-09 11:00:00,1.9102257820494268,28.912619228485166,64.23291530177674,90.00186418481051,4.528248052843268,382.04515640988535,2.092486404631925,43.27508190756905
2024-02-09 12:00:00,2.045433615533318,30.550514299017514,68.26297448205275,87.38900775625153,2.786943159285258,409.0867231066636,1.6468481690734262,47.06164364893802
2024-02-09 13:00:00,2.9287550563967932,28.6071749904534,67.08813604868686,59.74131021703083,9.5887187319041,585.7510112793586,2.11121433119883,54.82828053831867
2024-02-09 14:00:00,2.446773281234569,30.64451730407442,67.34282733988482,60.051686043365336,1.4281430447286736,489.35465624691375,1.8733049901228873,60.276229303879646
2024-02-09 15:00:00,2.0241395775061064,30.854094684709985,59.821037321457126,66.50366745462554,5.7982957604772505,404.8279155012213,2.156621949473129,58.881678020016246
2024-02-09 16:00:00,2.7548529259654235,30.65144613131421,72.46156314484051,17.53712786234496,2.8255026751863888,550.9705851930847,2.354000823496369,62.68977299347227
2024-02-09 17:00:00,1.4007035265950618,29.2103680061872,64.49043302198108,91.44119459249598,2.790082903477966,280.14070531901234,1.6496367215089267,60.06942357332633
2024-02-09 18:00:00,0.8543652803522224,27.267505405032672,73.4989841715237,41.87705248920731,4.049685873761884,170.87305607044448,3.675175036544016,30.376689297623237
2024-02-09 19:00:00,0.0,26.93947058375754,81.03973638946316,38.31385282494975,9.987929358156546,0.0,4.582543559665634,20.0
2024-02-09 20:00:00,0.0,25.402856130229537,76.08092890677901,51.89177052828376,0.5496630683982207,0.0,5.400974578219468,20.0
2024-02-09 21:00:00,0.0,24.626843173148174,92.03559515499188,4.696596677505505,5.785418182035315,0.0,3.6524530615889343,20.0
2024-02-09 22:00:00,0.0,24.283130822319524,80.92345640221671,16.628336875607943,0.8257215803527718,0.0,4.560269812817503,20.0
2024-02-09 23:00:00,0.0,23.496899822777582,70.66586158291636,73.80336164263704,1.5452082999051897,0.0,2.2789885058996084,20.0
2024-02-10 00:00:00,0.0,21.138766927783543,85.1568299126115,8.279866792512646,4.395629417728987,0.0,2.084936118339048,20.0
2024-02-10 01:00:00,0.0,22.912780176450866,88.99892824262916,60.31521094663882,5.104601313464413,0.0,2.38198759076613,20.0
2024-02-10 02:00:00,0.0,20.83886288780903,87.3194183211031,24.534910968132095,2.58792408364524,0.0,2.458348583630942,20.0
2024-02-10 03:00:00,0.0,23.67012670051268,77.38784562274755,38.929561404197656,3.164571308744162,0.0,2.1663053231282925,20.0
2024-02-10 04:00:00,0.0,20.75048862528177,89.61899759394171,28.869373677069987,0.8696702025593306,0.0,2.2551430501161414,20.0
2024-02-10 05:00:00,0.0,23.20337933450865,90.4426576307445,35.567271646494916,3.0321978384425052,0.0,1.9885611605848417,20.0
2024-02-10 06:00:00,0.058398770315394075,22.72291543766888,79.13822689133198,71.90459051842456,9.66558439380544,11.679754063078814,1.6673675307266513,20.0
2024-02-10 07:00:00,0.9985614071650178,27.32270782945125,75.08895364732523,29.7121715623175,9.447073816724817,199.71228143300357,2.21385120489449,20.0
2024-02-10 08:00:00,1.3186901327394756,27.577293673015692,74.75610187952995,56.64046402968972,3.34878290136985,263.7380265478951,2.0779447279368464,20.0
2024-02-10 09:00:00,2.680924249184605,28.359728127399322,80.5542914220543,47.60504021990997,5.708539362787616,536.184849836921,3.6262405452428386,20.0
2024-02-10 10:00:00,2.325534653897553,29.29173272537831,72.48708946067404,66.36711653626482,9.095953911109444,465.1069307795106,2.4961468309333386,20.0
2024-02-10 11:00:00,1.6082870635812379,30.0907045438042,57.60286438623794,93.6829739324758,0.061838226408966745,321.65741271624756,2.113072309882715,20.0
2024-02-10 12:00:00,2.3404936275084203,30.84014817066276,64.87623149144831,73.25720972102503,8.106835703375918,468.09872550168404,1.9263898947694251,23.933985461020452
2024-02-10 13:00:00,4.3848075204163015,31.73214534118066,65.98932675654673,21.494037859075675,9.48369552788919,876.9615040832603,1.8583676323323983,47.93516439781752
2024-02-10 14:00:00,4.869889419117034,32.396499670200164,51.50486854942501,3.1183135061284672,0.9132573433355706,973.9778838234068,1.9521022057643143,75.65414292466836
2024-02-10 15:00:00,3.6924905126563776,31.850859122089883,67.00567846323925,26.22640442998251,1.6144768603292103,738.4981025312755,1.8384805103679778,93.26723794640816
2024-02-10 16:00:00,1.768806612899621,32.104780142960536,70.41404874164603,59.507793070025485,9.607463027713553,353.7613225799242,1.669882875160825,94.20701345492671
2024-02-10 17:00:00,1.9933765271200978,30.122294981395385,64.7621565854702,5.1425813484250344,5.375401436403463,398.67530542401954,2.1734208002468707,92.31181057990806
2024-02-10 18:00:00,0.4082576769869261,28.106183569418388,68.26750469380129,49.636624720123635,0.14196634471723701,81.65153539738522,5.653413940726582,60.73286321148701
2024-02-10 19:00:00,0.0,27.94050951735521,73.55760162203873,59.68428489168892,2.5763199876352916,0.0,5.548266808364669,29.15391584306596
2024-02-10 20:00:00,0.0,24.994252199435834,84.21121829983846,33.424389081696084,4.499436742688596,0.0,4.262280623329382,20.0
2024-02-10 21:00:00,0.0,24.90279045297068,83.97585273706979,77.09122037458219,6.929089110247677,0.0,5.994593637863573,20.0
2024-02-10 22:00:00,0.0,23.52144573328228,85.53541168385242,10.65982531337718,7.3316037813679955,0.0,3.1823078051887226,20.0
2024-02-10 23:00:00,0.0,22.54343574820477,77.42538369778966,7.513778173580876,9.95421512925456,0.0,2.230566270433405,20.0
2024-02-11 00:00:00,0.0,20.837423200079602,91.48224663120284,72.81887562036033,2.8751119938375904,0.0,2.0032704481005843,20.0
2024-02-11 01:00:00,0.0,21.352540326535117,88.05261375105611,49.549131620619846,5.382201018684753,0.0,1.5351607132886387,20.0
2024-02-11 02:00:00,0.0,22.028036004547964,82.10175040638661,68.84023964277361,5.33323547859605,0.0,1.683738925842428,20.0
2024-02-11 03:00:00,0.0,20.76290975365486,88.6023188547004,43.48273386037462,4.0564525944723755,0.0,2.420886157830195,20.0
2024-02-11 04:00:00,0.0,22.85576343751573,82.97730527805426,24.640203323910683,1.691618938424202,0.0,2.4448756419105444,20.0
2024-02-11 05:00:00,0.0,22.950196916472706,83.11714766665828,81.91023176741997,9.774565631838426,0.0,1.5246560557068929,20.0
2024-02-11 06:00:00,0.14777263283130537,24.04030769933025,86.3940349091673,79.94158789689793,8.53317186666586,29.554526566261075,2.192909151568081,20.0
2024-02-11 07:00:00,0.8475895133011062,25.049495495694593,78.20897289832673,69.46964708544267,4.983330282942372,169.51790266022124,2.0864273990999966,20.0
2024-02-11 08:00:00,1.7892076765341498,26.351777111156878,79.82275249355726,27.21451372299627,6.032454226840298,357.84153530682994,3.13107782923932,20.0
2024-02-11 09:00:00,2.1374766232858535,27.40368603909097,81.87959789638647,59.023066686908706,2.2726105355966233,427.49532465717067,2.3621007209442952,20.0
2024-02-11 10:00:00,3.109489734443153,29.11835006565518,73.72105574499011,36.09738969400268,5.4378707039174685,621.8979468886306,1.9142768475898826,31.35452242510607
2024-02-11 11:00:00,4.463678467537539,31.225176551417974,67.85358531376397,9.158207332663416,6.949701331214758,892.7356935075078,2.3668735827991787,51.274168830120495
2024-02-11 12:00:00,1.7529534712267372,30.95160559825125,69.66690181592807,91.73135754622427,5.151670283865888,350.59069424534744,1.5400196407390059,53.297040219753946
2024-02-11 13:00:00,4.35806988123721,31.33885612444081,64.59116932878786,13.68186309189614,9.902851705849413,871.6139762474419,1.7547587951998453,78.02849553710891
2024-02-11 14:00:00,1.345446112279933,30.501429613517562,62.0372243389795,95.02373538208025,6.113416562477262,269.0892224559866,1.5423619319527822,75.95569743528945
2024-02-11 15:00:00,3.3271765273194105,31.155362096978415,69.82255485900555,44.600577295795574,3.7097371259216905,665.4353054638821,1.9441442022201196,89.09450452373271
2024-02-11 16:00:00,3.3628055196945,31.916607141812577,68.39558497246048,18.513292883861965,7.721520276158381,672.5611039389,2.4535722238351587,95.0
2024-02-11 17:00:00,1.7367724762574681,29.058169788449028,70.5999875288891,54.190094737835814,1.7046251158164205,347.35449525149363,2.1447168378147428,90.70584882571289
2024-02-11 18:00:00,0.4690682012245103,29.238737925291357,65.15333752374626,87.29458358764083,3.8451581370626653,93.81364024490206,5.782914897570442,59.12690145729184
2024-02-11 19:00:00,0.023127827245534777,28.180261723510995,70.96683860329077,73.22248864095612,3.4695895037758584,4.625565449106955,4.760264390074164,27.547954088870785
2024-02-11 20:00:00,0.0,25.93318668219766,82.18819549868317,80.65611478614497,4.318070951077773,0.0,5.389645662139495,20.0
2024-02-11 21:00:00,0.0,24.311393552869124,78.27845461090635,65.87833667107174,7.8177982592872635,0.0,5.921806722313282,20.0
2024-02-11 22:00:00,0.0,25.22271179283193,71.21100710260549,69.22765645178525,4.841730321634074,0.0,4.829944478443415,20.0
2024-02-11 23:00:00,0.0,23.7960087591398,83.01428579346633,84.91956515653193,7.940144502659628,0.0,2.1744410713668687,20.0
2024-02-12 00:00:00,0.0,23.206878305446963,82.20883181321096,24.966800885918595,5.764889031398659,0.0,1.6810628991159644,20.0
2024-02-12 01:00:00,0.0,22.297723257099026,85.71253276266535,48.942496364314046,3.4206943465755533,0.0,2.1253976298804127,20.0
2024-02-12 02:00:00,0.0,22.01616302292647,91.29479757213497,22.120944181960223,8.099787436834724,0.0,2.3393708635378903,20.0
2024-02-12 03:00:00,0.0,21.632471206336096,87.10598564493864,98.7668007996647,2.382896705530916,0.0,1.6696610812567187,20.0
2024-02-12 04:00:00,0.0,24.065380327069164,81.11759747704312,94.40593396866133,2.2438297979979547,0.0,1.727191253182216,20.0
2024-02-12 05:00:00,0.0,21.705094819101298,84.56869390992148,3.94268113685059,5.045029240548358,0.0,1.856089673754747,20.0
2024-02-12 06:00:00,0.0,23.549259722697247,72.89295054597784,70.55751725156884,2.608492459620889,0.0,1.7008707356916577,20.0
2024-02-12 07:00:00,0.6604341155556652,24.23777617663507,85.22704841322984,92.52483174156659,0.09087034951216322,132.08682311113304,3.2699030315219635,20.0
2024-02-12 08:00:00,2.065183069263586,27.2811753362876,74.3607078831244,18.057534512733355,6.482975272988015,413.03661385271727,2.182501138564491,20.0
2024-02-12 09:00:00,1.6125377078984104,26.269110285368544,87.36953067950759,56.79452305526295,5.11093821472398,322.5075415796821,3.0441471422746664,20.0
2024-02-12 10:00:00,1.3875994370867577,29.49982163597381,61.04465598327905,91.54882975880419,4.455178144931612,277.5198874173515,1.5664164044814348,20.0
2024-02-12 11:00:00,4.594980551823041,30.15802483130719,64.95960147590685,3.394597858579884,9.669685146183154,918.9961103646083,1.5223467884268573,48.5
2024-02-12 12:00:00,2.304143680867793,31.075418761559128,61.63665829228481,69.742026724684,5.711991839629137,460.8287361735586,2.1682594372081745,49.790900314766375
2024-02-12 13:00:00,3.634873564159395,31.97542677304905,68.1611718680615,29.734900737255078,8.634315777893844,726.974712831879,1.9119596798957987,66.15858221527053
2024-02-12 14:00:00,1.7325954279618794,30.725730077595944,67.4302069857909,92.43961953765304,1.3945023620516017,346.51908559237586,2.4443322357482917,58.66661581751881
2024-02-12 15:00:00,1.5119446189785246,30.764279178944246,76.03764704799507,97.10582451653677,5.692064631294277,302.3889237957049,2.2619697445971534,50.771614495217456
2024-02-12 16:00:00,1.7113146654901232,30.65831655511952,67.95020801954296,94.42664891134339,8.67979626730903,342.26293309802463,2.0434894577086338,47.27503773502261
2024-02-12 17:00:00,1.3893699580694676,30.98542297418203,66.55654359757276,47.42142166574638,5.83105757279898,277.8739916138935,1.5512703324631532,45.570823267720655
2024-02-12 18:00:00,0.9274161809062651,27.770504842291913,72.39937414348641,86.20426509893134,7.180141781270015,185.483236181253,4.59635958061412,20.0
2024-02-12 19:00:00,0.0,28.37317152638811,63.24294418102103,84.45493985350704,3.7204356781220738,0.0,5.525075304291011,20.0
2024-02-12 20:00:00,0.0,27.217263543783215,71.26847685834755,31.910047324325564,0.9244951703706661,0.0,5.272446974220357,20.0
2024-02-12 21:00:00,0.0,23.514202951892404,79.5998649632337,82.89154741506773,4.579002951270715,0.0,4.411624458137926,20.0
2024-02-12 22:00:00,0.0,23.936696777218664,81.73366448099088,3.700763471549262,3.9447939083885752,0.0,4.512530461014129,20.0
2024-02-12 23:00:00,0.0,22.524911738981505,87.85276925001553,59.6269878482053,8.670601823789474,0.0,2.435162010746778,20.0
2024-02-13 00:00:00,0.0,21.748290669637512,91.728699386881,23.000883728770305,2.4399530235247227,0.0,1.5726839110026232,20.0
2024-02-13 01:00:00,0.0,23.3672606881353,93.21562619132527,12.056688577727881,9.66734227535108,0.0,2.3499757671095955,20.0
2024-02-13 02:00:00,0.0,21.502925966679438,87.88369002369939,7.695320162920916,9.581381198044962,0.0,1.8452040310397844,20.0
2024-02-13 03:00:00,0.0,24.587403639763316,83.21942705963625,69.62887758781397,2.476316430714387,0.0,2.3249384798173973,20.0
2024-02-13 04:00:00,0.0,23.024776903714212,83.99742296545082,33.98749637680661,3.480519554773205,0.0,2.1280834765714354,20.0
2024-02-13 05:00:00,0.0,22.754161599075218,85.50922860392414,72.47667715287615,8.95555740873885,0.0,2.3553361303023146,20.0
2024-02-13 06:00:00,0.0,23.045561373709038,86.44345585326349,6.535634079894237,9.666222208961075,0.0,1.8134752899341016,20.0
2024-02-13 07:00:00,1.048295727192989,24.703912814306193,85.35735119687641,31.529033783061035,4.434391028360441,209.6591454385978,2.720756243113139,20.0
2024-02-13 08:00:00,1.5088673796170733,26.815522940920253,76.12965947989571,53.949129237533725,3.2099704564089784,301.77347592341465,2.8775244413032595,20.0
2024-02-13 09:00:00,1.1191701006654686,27.973509396561443,71.65848954782804,79.07231648389636,5.260940132515421,223.8340201330937,3.432183835663027,20.0
2024-02-13 10:00:00,3.1750169386966487,28.681698985895665,69.92849821166273,31.875250293206992,6.8776920636573475,635.0033877393297,2.3274457359796132,28.051926425811835
2024-02-13 11:00:00,2.862826639525674,29.452411074608438,76.36963991354186,62.58913764370091,2.734745153749798,572.5653279051347,2.174236561628199,34.59353216583785
2024-02-13 12:00:00,1.7522485881710868,29.841254671286606,67.86312618295896,88.5977748236187,7.364731746190728,350.44971763421734,2.2288341471223037,29.57684207161451
2024-02-13 13:00:00,2.6471728010281153,33.96201533612284,52.35875356619974,61.58631881823046,0.5165735711464103,529.434560205623,1.7934785773590143,37.68693719647097
2024-02-13 14:00:00,3.845733405150063,30.8133954681518,64.14476250646379,23.295947475363377,0.4929449276441644,769.1466810300126,1.5365698123629583,59.62399132794847
2024-02-13 15:00:00,3.8580251662846696,30.620850928723844,71.69526507464009,2.440078155653802,3.8628770514554525,771.6050332569339,1.8254689886766227,78.93327501522491
2024-02-13 16:00:00,1.4271750564227836,32.05392064143536,70.63864120900585,87.00988739009298,3.534731920607206,285.4350112845567,1.5214398666231133,77.94101385522144
2024-02-13 17:00:00,0.0,30.12827697171229,68.85666331337588,2.126941085038714,3.1563321536715225,467.47736893865516,1.826820306251732,82.79139597041612
2024-02-13 18:00:00,0.2154437476624405,29.362995703432688,65.40585663040063,87.47016726841994,4.9101976266891,43.0887495324881,4.618519721952886,51.212448601995064
2024-02-13 19:00:00,0.4347479525817121,28.947008481717415,68.52361853123224,52.8937134027212,3.207335823115712,86.94959051634243,5.562046591366378,20.0
2024-02-13 20:00:00,0.0,25.162325813912314,82.73620646526828,93.90676985128962,1.9225791846809193,0.0,4.672554794001826,20.0
2024-02-13 21:00:00,0.0,23.600450075448318,79.12272625221559,79.87832357736654,3.094695490886009,0.0,3.703217233224777,20.0
2024-02-13 22:00:00,0.0,22.991893493239573,84.4410778267,99.79341105333374,9.74904272810235,0.0,4.647825024384746,20.0
2024-02-13 23:00:00,0.0,22.10464062327937,92.2886611417673,35.071181545171015,4.111134169948486,0.0,1.5928450865306205,20.0
2024-02-14 00:00:00,0.0,20.68249853467383,89.07102789083868,76.71882889311269,4.447127768583358,0.0,2.0364295458983577,20.0
2024-02-14 01:00:00,0.0,22.052701196354548,91.43118853987058,40.193091360924214,5.7654498995114,0.0,2.1337884195450023,20.0
2024-02-14 02:00:00,0.0,22.277735047247855,85.8179591186887,47.98756203039088,9.833407684142266,0.0,2.4319026844206033,20.0
2024-02-14 03:00:00,0.0,19.731979807292443,91.17088578581404,62.75054632183701,2.41601276435763,0.0,1.959587005879444,20.0
2024-02-14 04:00:00,0.0,22.66187703518077,79.02090277996362,87.36771141863387,6.812821105324338,0.0,2.000092335782233,20.0
2024-02-14 05:00:00,0.0,22.90468898367493,83.79847093122689,98.40834691992951,7.159846935417241,0.0,1.9796319561995268,20.0
2024-02-14 06:00:00,0.0,24.16549156413314,86.49971517603896,76.82734138645182,6.0732441679306595,0.0,2.0714113930442344,20.0
2024-02-14 07:00:00,0.6825401188914951,26.47838810533616,86.96928788351045,41.77667821673337,0.8857833963664408,136.50802377829902,2.1011511321580207,20.0
2024-02-14 08:00:00,1.695386135334703,24.60796642751433,80.47338681262481,42.13570022770702,6.768722758275764,339.0772270669406,2.3653896254227655,20.0
2024-02-14 09:00:00,1.111262715090363,27.70793312141311,75.10034205066921,73.75823015888915,0.6409471103617548,222.25254301807257,3.7260538962992475,20.0
2024-02-14 10:00:00,3.318436571335151,30.54075237651677,66.28608347299185,23.877714576830233,5.961426495498969,663.6873142670302,1.89275018353871,33.54402068406619
2024-02-14 11:00:00,4.20130844383261,30.8511281505289,73.50671429405017,11.047411313139467,7.395811772217426,840.261688766522,1.5443468619536012,58.78515571191677
2024-02-14 12:00:00,3.2766536467183407,31.927611990275356,60.28510637333332,35.462215764077655,2.109698906199504,655.3307293436682,2.0399482272213842,70.53385719713786
2024-02-14 13:00:00,3.6288520548536916,33.19815631951843,62.06099250451794,28.723899165408174,8.416220075427741,725.7704109707383,2.001702984176349,85.99177336857261
2024-02-14 14:00:00,3.7939733896760095,31.23268297683219,69.77670029373115,29.630812045599008,0.30353805533004263,758.7946779352019,1.520340831067601,95.0
2024-02-14 15:00:00,3.2249552113020705,32.233149815248844,60.336842339847415,23.360775104990992,8.43812863658306,644.9910422604141,1.881441082105609,95.0
2024-02-14 16:00:00,3.470314465857531,29.532398643240963,63.62465043754099,4.209318963636188,4.603290506427651,694.0628931715062,1.6642636637206238,95.0
2024-02-14 17:00:00,2.392794401171638,28.52096039687418,74.73238742952663,1.787393473341381,2.175879399316445,478.5588802343276,1.9764832078552703,95.0
2024-02-14 18:00:00,0.3786481198732633,28.561572632784728,75.93486254217895,98.77223897360315,1.33778144993968,75.72962397465265,4.373728220894146,63.421052631578945
2024-02-14 19:00:00,0.03807994830113829,27.64207631987991,79.24407687675917,42.77731337358623,9.533071675823725,7.615989660227657,5.90977672069783,31.842105263157894
2024-02-14 20:00:00,0.0,27.789131835437445,77.70376915657496,38.432664715968166,0.7266558758115671,0.0,3.251425300461493,20.0
2024-02-14 21:00:00,0.0,25.705284435103195,74.95675005996588,67.96472826930699,1.9909341993592566,0.0,4.294096369164006,20.0
2024-02-14 22:00:00,0.0,22.151889887611464,83.08738693828172,21.825388786506416,3.4782234743304596,0.0,4.822069150433231,20.0
2024-02-14 23:00:00,0.0,23.429810088025143,77.36860034870904,94.99611839502253,6.202348489611205,0.0,1.6737988571352398,20.0
2024-02-15 00:00:00,0.0,21.983436565256252,83.63635715620707,78.6345014415552,5.448010852760984,0.0,1.7311403420098477,20.0
2024-02-15 01:00:00,0.0,21.864503020560303,79.82803541699143,8.94110023122595,1.2564349241231398,0.0,1.9810671908474737,20.0
2024-02-15 02:00:00,0.0,21.012832816970857,76.8862889652982,41.75807757849284,2.897279837382146,0.0,1.766550120454287,20.0
2024-02-15 03:00:00,0.0,22.94291150114016,77.49184417826662,87.91183075621647,2.387517710860241,0.0,2.3828117988673707,20.0
2024-02-15 04:00:00,0.0,22.568585782868155,83.01271610507747,94.47320222914102,2.135428544903414,0.0,1.621556629518269,20.0
2024-02-15 05:00:00,0.0,22.157695642064745,85.29719484421108,46.74015112498697,4.111443364799871,0.0,2.459726838038961,20.0
2024-02-15 06:00:00,0.12488972706230068,24.336075412505345,83.82841332309364,61.34113892107077,7.040314525916569,24.977945412460137,2.3697592495676885,20.0
2024-02-15 07:00:00,1.3385334740318364,26.090347211869137,74.90480457049456,16.70339460920752,2.1745293221723596,267.7066948063673,3.5487970740345114,20.0
2024-02-15 08:00:00,0.7571779032336673,25.644257420048493,72.78187716396874,99.11686261369765,3.666788797029814,151.43558064673346,2.782665672932385,20.0
2024-02-15 09:00:00,2.8493546909111758,25.94036298429348,77.60687791570099,23.16717013834434,3.909174268411623,569.8709381822351,3.557091642845378,20.0
2024-02-15 10:00:00,1.7452176012380312,28.796681714582494,78.01765323730186,94.27317741351257,9.764565294354101,349.04352024760624,2.412895980306234,20.0
2024-02-15 11:00:00,2.733485422592993,29.355381540180918,67.34146849205656,64.96466489923685,9.546663568790688,546.6970845185986,2.3883077474377052,23.279187913975235
2024-02-15 12:00:00,2.7466918289174664,32.11151041704583,56.32846174780062,60.773679487885914,8.001375827520759,549.3383657834933,2.2845101356775532,27.669913999754414
2024-02-15 13:00:00,3.236748942040799,31.777559864218286,70.90592963561335,51.26885110165086,2.4165892081918514,647.3497884081598,1.6719704018435428,42.53531013162835
2024-02-15 14:00:00,4.245168952023207,32.698225393201284,63.175841087061315,23.06698117177587,0.6803731409166969,849.0337904046415,2.1577784072381787,62.36552030708612
2024-02-15 15:00:00,4.227945363272977,30.615587387667887,73.35017121931358,17.652803200550828,3.1690413772062476,845.5890726545954,2.3434404436647402,80.26831704336438
2024-02-15 16:00:00,2.8815152969583506,30.498348247150073,61.36034702440342,22.048620907017536,2.6679454943383085,576.3030593916701,1.7505444242713202,91.01254033389117
2024-02-15 17:00:00,1.506722721994346,28.920316677961818,70.38190832950535,18.643826214425452,5.059258001463939,301.3445443988692,1.5267705857031277,90.8015101895882
2024-02-15 18:00:00,0.8109155314769569,29.273614581165706,68.45023766059877,77.95844735667534,7.777279100677931,162.18310629539138,5.084016010932599,59.22256282116714
2024-02-15 19:00:00,0.0,27.58588996752264,75.45594646145354,35.01252591667301,8.583229388788581,0.0,5.974523064835505,27.64361545274608
2024-02-15 20:00:00,0.0,28.463552833543815,74.74869716558796,5.784267656339637,8.448640854105085,0.0,3.711942482684255,20.0
2024-02-15 21:00:00,0.0,26.32773226647488,76.36158848232859,96.91026301408114,3.5967556122306776,0.0,3.5022688432387534,20.0
2024-02-15 22:00:00,0.0,23.61241910874443,74.44823859130614,88.37858849634257,6.8723434346068295,0.0,5.1367466755320415,20.0
2024-02-15 23:00:00,0.0,23.617780408281806,81.81657070602311,92.77522831952129,3.1283419752422006,0.0,1.5944570512687193,20.0
2024-02-16 00:00:00,0.0,23.603873984808267,78.35905618436047,99.49078226464353,0.6090554323518271,0.0,1.7259867656614925,20.0
2024-02-16 01:00:00,0.0,20.67744838852459,90.95769942091121,17.38952492194873,7.015652656029423,0.0,1.5559802848616864,20.0
2024-02-16 02:00:00,0.0,22.90431628199495,85.41754667548128,39.62420189026587,0.09827552569787845,0.0,1.8326545009050512,20.0
2024-02-16 03:00:00,0.0,21.52918028646432,95.0,75.82384757040913,4.0918258745848854,0.0,2.445737959402294,20.0
2024-02-16 04:00:00,0.0,23.02180205186865,88.53073488675196,69.60206180537922,3.293792693020757,0.0,1.5463532694342796,20.0
2024-02-16 05:00:00,0.0,21.350289759102424,95.0,15.389590633985506,6.933775385188524,0.0,2.4278422666061945,20.0
2024-02-16 06:00:00,0.0,23.127215046472358,79.14480874976685,81.58331249906178,7.662454727603789,0.0,1.6291839178087495,20.0
2024-02-16 07:00:00,1.2888704017927826,24.695613614924333,81.52278133380504,22.444057183666068,3.040946359712838,257.7740803585565,3.722725437913134,20.0
2024-02-16 08:00:00,1.7514503930692562,25.970232294076958,82.08381510274648,22.38176148226231,8.116270144448535,350.2900786138512,3.830503768061517,20.0
2024-02-16 09:00:00,1.6950863704805108,27.889445499845383,65.90848648962879,53.69744228934136,2.9391676050493376,339.01727409610214,2.605510741235906,20.0
2024-02-16 10:00:00,2.709846206010738,27.361754340905467,73.97850770914272,59.293993484170315,4.463263599865613,541.9692412021476,2.334255503585172,23.56811167304288
2024-02-16 11:00:00,2.301725891183846,29.53008669627921,69.43660640876175,58.00862078378112,7.270185270141339,460.3451782367692,2.3738197762800524,22.809228672030184
2024-02-16 12:00:00,4.990168670253914,31.514841872972085,61.5855435496661,9.148683739775487,6.9292022922478855,998.0337340507829,2.3593602247528214,47.801908904290556
2024-02-16 13:00:00,1.7290896988932576,33.47833542538239,61.61712244769834,87.74608626303804,9.873684723122,345.8179397786515,2.0382527463447655,44.547561036379946
2024-02-16 14:00:00,3.70051922556116,30.941769737602215,71.18058713314218,26.560004258870606,2.2516102421593187,740.103845112232,1.6889138564336954,63.657812043090864
2024-02-16 15:00:00,3.7898020207504954,32.60182768569544,63.28170329958099,12.951492128280417,6.623179135395824,757.9604041500991,2.014767374075443,80.52064118650387
2024-02-16 16:00:00,1.5465822789603203,30.647542140509753,65.93194951681772,88.87480798689772,6.096819082757774,309.31645579206406,1.9046554179046664,76.75145025024757
2024-02-16 17:00:00,0.6742009838057422,32.151545962763734,58.378775784311095,95.56514982297534,9.150984544900298,134.84019676114843,1.955882588424103,63.26006493847537
2024-02-16 18:00:00,0.8479915437616375,29.046211603670915,75.65225736168782,86.21276172654507,1.5636214164487505,169.5983087523275,3.9440669216139796,31.68111757005431
2024-02-16 19:00:00,0.0,27.99548978422789,76.5365592195032,80.95160747248781,7.517981635869329,0.0,5.016446060797222,20.0
2024-02-16 20:00:00,0.0,27.138956814212744,72.17964586392905,65.52419806390218,5.682686162687683,0.0,3.886131011521848,20.0
2024-02-16 21:00:00,0.0,24.438166755858017,77.31544029360514,55.08573706091393,2.746658697879054,0.0,4.266015752537169,20.0
2024-02-16 22:00:00,0.0,21.708707193115934,81.04010015978422,8.698675991141014,4.744349141471741,0.0,4.665027259424553,20.0
2024-02-16 23:00:00,0.0,22.835691839283022,77.27729368056397,40.845321307069874,3.337765970697978,0.0,1.9916133448403306,20.0
2024-02-17 00:00:00,0.0,23.678183729825356,77.64227992646535,37.2688517012314,5.793134027884609,0.0,1.7284184568319358,20.0
2024-02-17 01:00:00,0.0,23.205180674658518,73.28725400601546,25.97537837603262,8.89000610814666,0.0,2.388592494623292,20.0
2024-02-17 02:00:00,0.0,20.67363471473413,86.69158251381161,72.3420113688585,5.6930498441220205,0.0,1.9892722258976083,20.0
2024-02-17 03:00:00,0.0,21.19258146449108,89.12558825817712,49.58757350787708,6.31722418326584,0.0,1.9246834916969604,20.0
2024-02-17 04:00:00,0.0,20.275291830605507,88.64922297089225,8.104621590764793,5.187478471147094,0.0,2.345107299005412,20.0
2024-02-17 05:00:00,0.0,21.95899810183502,95.0,22.018320194981133,0.5116550644547591,0.0,1.9079353710542963,20.0
2024-02-17 06:00:00,0.0,23.41925890944355,83.1440779382469,68.32587636595959,2.3285855687609427,0.0,1.6435774634485951,20.0
2024-02-17 07:00:00,1.4456929635003,25.084216088800126,86.10529200908802,7.613085949030019,4.920017294320828,289.13859270006,3.695848324556822,20.0
2024-02-17 08:00:00,1.3282053490436252,26.18016773587192,85.64420448770073,85.12069140487687,3.1023528374470475,265.64106980872504,3.0254729405704506,20.0
2024-02-17 09:00:00,2.0748901287343267,28.72699058070641,83.45386424342821,49.51465270139743,1.8176359776119422,414.97802574686534,3.1149490979513077,20.0
2024-02-17 10:00:00,2.9502805444462776,30.237464591733538,77.41678420401935,48.0586577326648,5.041328419184383,590.0561088892555,2.0197424864372673,28.840111551085602
2024-02-17 11:00:00,3.211963845190803,31.38422710457825,64.58849596965479,59.24077846595176,3.2280979344785035,642.3927690381606,1.741671225972601,42.80789143365851
2024-02-17 12:00:00,1.7865654828426376,31.22007261830563,67.93429268524653,82.46809659251491,2.5810764317341475,357.3130965685275,1.7017995813421902,43.61316749791276
2024-02-17 13:00:00,3.3984097889272853,29.69856150625036,73.70643575302518,34.780920790219305,4.639854174403808,679.681957785457,2.1877730355454816,55.114216655039904
2024-02-17 14:00:00,2.0207141949402954,32.55742728711414,64.48106755995394,67.80161525590636,1.3328425808217315,404.14283898805905,2.3960155229616222,51.16367636007857
2024-02-17 15:00:00,2.527076665567662,30.874408550562634,67.47593960461657,56.5731963995791,9.277457330754073,505.41533311353237,1.525961018353921,60.6742750086091
2024-02-17 16:00:00,2.709533270356975,30.571362607049817,66.37201235172195,26.70282701694213,8.67702097919239,541.906654071395,1.8732617320292688,68.61885462272231
2024-02-17 17:00:00,1.1399761509449693,30.47695366582569,68.45419229307797,87.8629986355158,7.076205857405354,227.99523018899384,1.8152386284010211,61.51082854423755
2024-02-17 18:00:00,0.38669847760809994,29.043710396991983,78.02661881668307,79.74260216069281,1.062138275884562,77.33969552161999,4.719668872668731,29.9318811758165
2024-02-17 19:00:00,0.3635775254491218,28.30663885391201,73.15150505068358,65.84518346584255,7.75877254469693,72.71550508982436,3.119417049666262,20.0
2024-02-17 20:00:00,0.0,25.8598534949063,80.8203544654604,85.05817290942419,8.07957328109019,0.0,4.89442070139825,20.0
2024-02-17 21:00:00,0.0,24.232076438579192,77.82836998578829,86.72942009598023,7.677646177143377,0.0,3.387409212199003,20.0
2024-02-17 22:00:00,0.0,24.09600926799705,82.81835399481247,70.83629767150347,1.1396588711924116,0.0,5.224982666154266,20.0
2024-02-17 23:00:00,0.0,19.510211241226266,90.57264904612687,83.7013328363672,6.439079570677647,0.0,1.6100212429914766,20.0
2024-02-18 00:00:00,0.0,20.59624395896082,90.66791947541529,69.74714616692836,8.343247957493986,0.0,2.477145332800406,20.0
2024-02-18 01:00:00,0.0,21.27989587161077,94.09520100242695,68.01407717603004,5.773534012196677,0.0,1.651341258691533,20.0
2024-02-18 02:00:00,0.0,21.127935674668674,89.1485842836685,61.86113782151843,6.46407375228089,0.0,1.6893337534970705,20.0
2024-02-18 03:00:00,0.0,21.95232606674016,78.94669458533966,75.27166395576413,4.5836347942630615,0.0,2.2870566539903665,20.0
2024-02-18 04:00:00,0.0,21.60882212905554,85.52818738283277,15.86051052930737,5.287073198840526,0.0,1.9645384635244192,20.0
2024-02-18 05:00:00,0.0,22.15580605240955,89.29260590583434,88.08707591989284,0.34376858351725215,0.0,1.7199245480393741,20.0
2024-02-18 06:00:00,0.0,23.450873519010422,80.12576434984554,87.1843527745232,6.389630219732846,0.0,2.456527749078009,20.0
2024-02-18 07:00:00,1.3931117363075627,24.08170467754042,85.2622123369957,2.9247283034559146,0.8144721289115919,278.6223472615125,2.3719264481162634,20.0
2024-02-18 08:00:00,1.2979212370598978,26.118762712727126,76.72666612907555,82.58167505647627,4.350145943402234,259.58424741197956,2.189864019131236,20.0
2024-02-18 09:00:00,3.241839492204028,29.08910237545102,77.63275051236087,12.886986747344519,2.9265509766740783,648.3678984408056,2.425834571208611,27.75204674945646
2024-02-18 10:00:00,2.946212249941749,28.79529276647771,70.47694001543061,33.51188542591419,5.454279502117131,589.2424499883498,1.6927543218870396,39.6598970659762
2024-02-18 11:00:00,2.4394189777477315,29.26586749692135,62.384964488561785,74.35082562916078,1.3341633552320709,487.88379554954633,2.3203450150475304,40.791099711628114
2024-02-18 12:00:00,4.401895672007852,30.6804910746704,61.95412805995643,16.07598960483082,6.916434019733182,880.3791344015704,1.5558382208764745,67.8286454973762
2024-02-18 13:00:00,2.1163235498284663,31.00130818875478,63.64115456341789,81.79670241190622,7.9501153692847035,423.2647099656932,2.0924454407904145,68.0554875332377
2024-02-18 14:00:00,2.276548132480856,30.788680089453432,71.39829575066197,83.21341779577419,1.633544497431565,455.3096264961712,2.2682477776463164,68.13434090416582
2024-02-18 15:00:00,2.706757801689065,31.61154715219639,68.11823424326822,50.746773376083624,1.0431308735188216,541.351560337813,2.4376821021594703,70.69056004969697
2024-02-18 16:00:00,3.467596869231928,32.249191432279716,55.7536662718104,0.638587171683358,1.4551548278735915,693.5193738463856,2.495520228264379,79.92528813888869
2024-02-18 17:00:00,1.6329351230677207,31.0192699498363,63.10287420394276,28.703813317491278,8.771275618985017,326.58702461354414,1.7225297824988859,78.98218646066589
2024-02-18 18:00:00,0.8962560207217477,28.518282949064474,74.17644816714576,61.69269183757422,5.281892617563562,179.25120414434954,3.752412397502689,48.91738249455071
2024-02-18 19:00:00,0.0,28.875412183281142,75.7830275687472,98.11861780274235,4.672609960075026,0.0,5.286513316451034,20.0
2024-02-18 20:00:00,0.0,28.875412183281142,79.20095369403684,63.18135270166684,1.0671181910235428,0.0,5.7259666840210794,20.0
2024-02-18 21:00:00,0.0,26.632740916243048,76.10121375986003,25.98035810641598,6.495560067569618,0.0,3.3816123580133426,20.0
2024-02-18 22:00:00,0.0,22.489453949630505,81.58217062661184,63.40057030996113,8.6799959189509,0.0,3.8749763115028113,20.0
2024-02-18 23:00:00,0.0,23.18286573947804,82.28877192766159,53.99853797158555,8.281858693234529,0.0,1.509242314581078,20.0
2024-02-19 00:00:00,0.0,21.243359726298056,84.84556241828848,77.98453951511436,6.2605470898080124,0.0,2.0890389406083405,20.0
2024-02-19 01:00:00,0.0,20.81467866838093,84.00792577936058,10.698063882695841,0.7527871665167363,0.0,1.9883381439953187,20.0
2024-02-19 02:00:00,0.0,20.665170089453326,90.35266695890418,76.1027902502028,1.1239702717601296,0.0,1.6755114524654962,20.0
2024-02-19 03:00:00,0.0,23.223200188753502,75.48690261374568,54.12665786761103,0.49308987109824676,0.0,1.741542812715978,20.0
2024-02-19 04:00:00,0.0,21.36957969947043,87.17120075981013,96.29920038589947,2.574792164924693,0.0,1.534742145922327,20.0
2024-02-19 05:00:00,0.0,20.5846518116369,85.15949663826798,34.187216603868606,1.3566146716037775,0.0,1.6368803196918278,20.0
2024-02-19 06:00:00,0.4230782547762189,25.625330309075196,71.94096422953146,63.26218931339481,2.600480402524339,84.61565095524378,1.6281350402505241,20.0
2024-02-19 07:00:00,0.4406019426087403,25.625330309075196,71.09219898445265,93.20281055100175,3.850580557189617,88.12038852174805,2.322327375792322,20.0
2024-02-19 08:00:00,2.0551266264170462,25.45430502912209,78.04680015490146,10.250972799067926,9.429827840711356,411.02532528340925,3.0622892651293276,20.0
2024-02-19 09:00:00,1.1510465493952657,29.644876367948335,71.95153997291175,93.72284872364511,6.103760597816921,230.20930987905314,2.1925011664754512,20.0
2024-02-19 10:00:00,1.510405937959908,29.68682749545284,68.63470994468618,68.78857223008133,8.349737856829623,302.0811875919816,1.809680564351456,20.0
2024-02-19 11:00:00,4.178757513578689,30.695383518037303,63.35764729231469,6.78370591051719,7.103515007123322,835.7515027157377,2.3848030809601957,37.042567109875684
2024-02-19 12:00:00,3.756620042500616,31.74789916947369,72.55503213787921,30.096356694681624,1.1250313052663174,751.3240085001232,2.1180428120817556,52.60905079885486
2024-02-19 13:00:00,2.450574479048106,32.12289162740037,73.17203295332905,70.81720886452815,7.359204063739488,490.1148958096212,1.8092561104732856,58.70157530031565
2024-02-19 14:00:00,4.287036750925135,32.343790025881574,66.89285905878153,6.73506014687717,2.7509888155912443,857.407350185027,2.016050822341793,80.2759416218574
2024-02-19 15:00:00,2.145156595707431,31.17823163950393,74.19260339695275,58.217046017627325,6.391078469947064,429.0313191414862,2.4510329247486062,77.05619078984502
2024-02-19 16:00:00,2.3258204229069706,27.85682084762964,67.95817607929168,34.588305695295674,3.4096197364298853,465.1640845813941,1.7535061889250145,82.49317601267359
2024-02-19 17:00:00,1.460659525759957,30.327192839121786,70.53796511632916,62.091551776747714,9.976722632646592,292.1319051519914,1.5134440439834163,81.93754950505824
2024-02-19 18:00:00,1.3108233246343184,29.635245536603957,65.59829705027758,4.5742033812512854,2.6355147949677784,262.1646649268637,3.8765304101461346,54.93010649967071
2024-02-19 19:00:00,0.18631305720455046,28.268837330352497,73.92005355951865,87.15368061523763,2.7913047077426967,37.26261144091009,5.089617067163679,23.35115913124965
2024-02-19 20:00:00,0.0,25.531664136746443,80.17819910518703,97.3488969177397,9.306722555623983,0.0,5.889343978154639,20.0
2024-02-19 21:00:00,0.0,24.851314141984417,77.56960870234673,96.88778552856915,0.2464440463632267,0.0,5.4408836406689405,20.0
2024-02-19 22:00:00,0.0,25.0892722469311,81.73162403471785,74.96518317429248,6.966889878731969,0.0,4.547208565122135,20.0
2024-02-19 23:00:00,0.0,23.65452443387593,81.68487374278767,13.008624013063198,7.2532639073587815,0.0,1.5362523175147949,20.0
2024-02-20 00:00:00,0.0,21.76384382666509,89.15821141937849,75.82631959290225,8.363785774103993,0.0,2.3487363277539677,20.0
2024-02-20 01:00:00,0.0,21.908970941820762,80.8162623922023,2.458691645880151,9.744393106384754,0.0,2.388107919011472,20.0
2024-02-20 02:00:00,0.0,23.165252233944695,82.77596110929312,2.2123551528997254,9.756019191566525,0.0,2.3046716178555586,20.0
2024-02-20 03:00:00,0.0,21.95785054356948,86.88352916142502,32.36102191495412,0.6527675756646389,0.0,1.9468342305199287,20.0
2024-02-20 04:00:00,0.0,21.57519999391564,84.73675791706263,48.864319040466576,8.218393227529026,0.0,2.0579487414344806,20.0
2024-02-20 05:00:00,0.0,21.21271017727738,93.21874338016248,77.04074178077931,6.463099336573813,0.0,2.394228042740247,20.0
2024-02-20 06:00:00,0.2776882931036605,22.82182031266572,86.52061138726843,68.32953766065052,6.473421343730912,55.5376586207321,1.9293427833707746,20.0
2024-02-20 07:00:00,0.7566242392314745,25.96108974829134,75.63454352035865,44.590270637674834,1.283499266146948,151.3248478462949,2.4217556812147043,20.0
2024-02-20 08:00:00,1.8451466447015288,26.706677628539115,75.94015745774423,27.362666628166586,6.501871664456534,369.02932894030573,3.0647973744538257,20.0
2024-02-20 09:00:00,1.0577103548658544,27.01740117254046,73.68012855565809,99.71245001577111,9.824825806012479,211.54207097317087,2.803840373985353,20.0
2024-02-20 10:00:00,3.025987831601095,27.668086889608915,81.20364718352889,42.6181302235973,9.11818569539447,605.1975663202189,2.433501876702435,25.628616571537265
2024-02-20 11:00:00,3.2227809146271755,28.41161606336277,65.96358951820855,45.13870243296755,4.391306608048505,644.5561829254351,2.0452357183255745,36.81529593640248
2024-02-20 12:00:00,4.24421229070792,31.195296019970513,68.83389446862262,16.362382119166917,0.3994797328609434,848.8424581415841,2.0996863142280593,57.18829271296115
2024-02-20 13:00:00,2.157054614304432,31.903187968322765,65.03400405278634,79.48095487499293,3.6229349000020483,431.4109228608864,2.3427191235394687,55.2339294578555
2024-02-20 14:00:00,2.376510501062684,30.62187829639455,63.83151278162574,69.36822257814886,8.263903116005553,475.3021002125368,1.5095856401443946,63.46971563657926
2024-02-20 15:00:00,3.389012821195662,31.762602059488977,63.30482856473947,22.07696127887604,7.0149910146516605,677.8025642391324,1.6028085617358538,80.43865610144742
2024-02-20 16:00:00,2.9978903855549857,30.994051082515625,64.29860200610686,8.238104561584269,4.593436555939564,599.5780771109971,2.362017716130017,86.47944646098462
2024-02-20 17:00:00,1.1800233865414858,28.902491558555276,76.23196893615896,68.0499302074713,0.5510153515883109,236.00467730829715,1.9979380533956062,77.86981838883598
2024-02-20 18:00:00,0.6017132570712367,30.45540133772619,66.14910472936279,65.45112142811352,4.268947278233027,120.34265141424734,5.37124575095763,46.290871020414926
2024-02-20 19:00:00,0.1861324020753494,29.9652880865751,69.07110545591772,27.32595269982093,4.690249397178835,37.22648041506988,4.789230079753938,20.0
2024-02-20 20:00:00,0.0,26.887148316060905,76.22850332957667,95.08635622504103,9.28555532894136,0.0,5.493253222069786,20.0
2024-02-20 21:00:00,0.0,24.995996983379435,81.7670832878106,15.105789178090024,6.410861035821594,0.0,5.3175792694877835,20.0
2024-02-20 22:00:00,0.0,23.160391627959328,80.29886316761329,43.23348010426019,3.116529166546489,0.0,5.8327984789666525,20.0
2024-02-20 23:00:00,0.0,23.273184488261105,81.7587907693611,94.36159201675989,5.253182644507214,0.0,1.775922553068103,20.0
2024-02-21 00:00:00,0.0,20.988671807928924,84.90958688434556,41.97273169261223,0.6605530782216007,0.0,2.08551404248108,20.0
2024-02-21 01:00:00,0.0,22.978845037754823,77.72808367564853,63.85259476640856,9.725682356497368,0.0,1.515647317942066,20.0
2024-02-21 02:00:00,0.0,22.77103009943114,82.82257264681878,39.75943979627943,3.60059901930726,0.0,2.3881779103783827,20.0
2024-02-21 03:00:00,0.0,22.115173866574235,78.13825729767657,27.421520234867003,4.7786735491313586,0.0,2.2683649926926006,20.0
2024-02-21 04:00:00,0.0,21.472331038602693,78.96122506286241,98.39776479598282,3.552839742369226,0.0,2.023974202685714,20.0
2024-02-21 05:00:00,0.0,23.34169568066211,78.15428375883526,40.9334006315043,6.825117301162002,0.0,1.5736182615336816,20.0
2024-02-21 06:00:00,0.0,23.447075983763767,77.8151158760004,89.40992036791344,6.62232158329593,0.0,2.172648739432371,20.0
2024-02-21 07:00:00,1.1165469407061388,26.768259283860626,69.44401467527797,22.995460589108617,7.153223105291357,223.30938814122777,3.6944189751467773,20.0
2024-02-21 08:00:00,2.0322048736794827,27.823340922489937,74.1879781482113,21.31047040250833,2.6814322961192083,406.44097473589653,3.5409787170025924,20.0
2024-02-21 09:00:00,3.375632063029974,27.751270846437084,74.57880129571723,3.113408288451136,3.15668481164066,675.1264126059948,2.947382264581401,24.068373085261445
2024-02-21 10:00:00,2.222385822621919,29.491003945957754,72.66710741242703,65.1666825375885,1.2525123109620795,444.4771645243838,2.298704573842639,23.265017809253866
2024-02-21 11:00:00,3.1078930101691045,30.198961726318867,70.73977131684346,36.852634372376116,6.5550997184611255,621.5786020338209,1.6798481484091992,36.83144399597297
2024-02-21 12:00:00,2.0530649510531798,31.391700489493296,66.22325335189889,86.4358249839637,0.3979712733565255,410.612990210636,2.092954272927403,36.411556397296934
2024-02-21 13:00:00,3.126125966996624,30.33829473921109,67.5499007999181,47.32099066915572,5.976823355234591,625.2251933993248,2.0629815045152657,46.511428790869836
2024-02-21 14:00:00,1.4584116575348482,32.02202063511076,63.23995122789679,96.81934279147217,8.696958848516338,291.68233150696966,2.247765277140032,38.20244332134158
2024-02-21 15:00:00,3.593763830473494,29.990111207880304,72.95302543593274,18.552551570312115,8.908321482896335,718.7527660946988,1.8912768554069457,54.37606958447378
2024-02-21 16:00:00,1.5728401044232143,31.270621515085534,67.08362196784492,86.86231679556109,4.490377603699617,314.56802088464286,2.062702005371068,49.2196285218648
2024-02-21 17:00:00,1.2164794711148277,31.005996542839405,69.56294459142369,77.65968527917417,4.593036882130738,243.29589422296553,2.235115824840396,38.497140587911446
2024-02-21 18:00:00,0.37553807856003724,27.98174609858227,68.60669194912693,77.0921844644052,0.7696918300801736,75.10761571200744,4.688310212404595,20.0
2024-02-21 19:00:00,0.0,28.770233915579528,76.07909200263589,84.47832281168877,6.707650254430357,0.0,3.3315040536830702,20.0
2024-02-21 20:00:00,0.0,26.862543091092963,82.08815411124505,76.10239909429988,8.212594203728456,0.0,3.560728604481232,20.0
2024-02-21 21:00:00,0.0,23.43417480937175,84.8437182850981,62.62203216314154,2.4465505460471304,0.0,3.97040200419149,20.0
2024-02-21 22:00:00,0.0,23.462056033666858,82.16138009554666,13.124487768238758,4.213008816333646,0.0,5.957885053204253,20.0
2024-02-21 23:00:00,0.0,23.02431905544695,83.08860560153175,3.2526179491251916,8.388393367652704,0.0,1.8712276477574306,20.0
2024-02-22 00:00:00,0.0,20.844591609125363,95.0,92.08478478156869,8.77120467662288,0.0,2.173750646258859,20.0
2024-02-22 01:00:00,0.0,22.5898132849797,90.35083604430747,61.665031452073805,2.431799802642259,0.0,1.6139619813581523,20.0
2024-02-22 02:00:00,0.0,20.222628866449384,94.10927744226998,79.65372909761763,5.505706345413643,0.0,1.5288013705693335,20.0
2024-02-22 03:00:00,0.0,20.14741639659821,79.94628478882768,48.152235151255006,1.9249315063582706,0.0,1.9671741333524464,20.0
2024-02-22 04:00:00,0.0,21.131332124042054,93.30132672998043,11.730818896239448,1.0187876413955654,0.0,1.8152805131039225,20.0
2024-02-22 05:00:00,0.0,23.132328487674023,81.7610825066315,12.518579220255043,9.111205013919575,0.0,2.067826091399584,20.0
2024-02-22 06:00:00,0.0,25.325004654945637,74.48831567102779,68.55652872289714,8.205075042321091,0.0,2.0113245436611265,20.0
2024-02-22 07:00:00,1.1380248399599142,27.5655190335875,81.95383180201281,43.030589489946266,7.600349018031739,227.60496799198282,2.5779156382814343,20.0
2024-02-22 08:00:00,2.221070866266259,26.39201631398739,76.65106175649217,20.052472670033673,0.4876631881314042,444.2141732532517,2.8189925566911036,20.0
2024-02-22 09:00:00,2.00796091107203,28.1284699723859,76.3316995986786,49.15945467414369,8.437287927102574,401.59218221440597,3.664978948838897,20.0
2024-02-22 10:00:00,3.839539865107408,29.262016574358476,76.14308162366237,6.420893707513409,4.380440759053838,767.9079730214817,1.996364372466307,37.51016718009046
2024-02-22 11:00:00,2.700598674513052,30.214203681151808,59.868834714178135,58.19714019143988,3.423951232958596,540.1197349026104,2.3704051699421,40.64700547351451
2024-02-22 12:00:00,4.279773354874568,30.36389962720508,64.06493598671575,26.899340443509768,5.4647636102537644,855.9546709749135,2.4322678388381673,58.19830787586031
2024-02-22 13:00:00,2.383984781024876,31.87809240498591,64.40505517245458,79.75591006371882,0.9135324272355583,476.79695620497523,2.0863641413229526,61.02570395302859
2024-02-22 14:00:00,3.5892611323092183,31.339549956734366,65.92034504778124,31.036195892357377,7.566465493523989,717.8522264618437,2.375187213458729,72.55940618210823
2024-02-22 15:00:00,2.315575118982897,30.713601587727386,72.52651686074441,45.52201490818012,5.824350768882959,463.11502379657935,1.9333808481149408,76.19025175535381
2024-02-22 16:00:00,3.5153513761980224,31.313968143948657,67.16040423380163,1.1620539908100636,1.8659009687316752,703.0702752396045,1.9200626695794472,91.34549446823026
2024-02-22 17:00:00,2.0254530563524287,28.583699160764304,72.74492213505413,7.244688779455888,1.882321997690456,405.09061127048574,2.313343329045108,88.31507054514942
2024-02-22 18:00:00,0.9895343420494801,29.450054671185146,68.15199567794907,39.24935564066848,1.8424865157267423,197.90686840989602,4.404679212277897,56.73612317672837
2024-02-22 19:00:00,0.10058799711358424,29.471334818487062,72.43898457803115,47.99388347171235,0.5700238755193399,20.117599422716847,5.435826753905415,25.157175808307315
2024-02-22 20:00:00,0.0,27.006587671697275,81.54659146090749,60.00205481193037,5.877984493716848,0.0,4.374043872947837,20.0
2024-02-22 21:00:00,0.0,24.920716327743737,84.94615623272917,29.166257870930323,8.403481775885082,0.0,3.357300172828067,20.0
2024-02-22 22:00:00,0.0,23.923721848260417,73.84465135758921,69.49818861265426,0.174982139873886,0.0,5.104493701697351,20.0
2024-02-22 23:00:00,0.0,22.93035889307772,85.5573682413696,86.01223971892045,0.4900464497127355,0.0,2.01818494234311,20.0
2024-02-23 00:00:00,0.0,24.884689920564128,87.74001582785334,77.98509888933498,5.727702766869458,0.0,2.0177406571044623,20.0
2024-02-23 01:00:00,0.0,20.72579414863375,91.82783165618945,3.9618825348357145,8.194956853860523,0.0,2.3947141047556126,20.0
2024-02-23 02:00:00,0.0,21.405727282769035,88.09585075186513,48.0506947257829,3.267388905686336,0.0,2.0097768447035125,20.0
2024-02-23 03:00:00,0.0,22.133467799218433,83.27893200199289,10.493017841817487,3.496143988077222,0.0,2.388431705144096,20.0
2024-02-23 04:00:00,0.0,21.954042225641654,91.78120442856354,24.204501586252746,5.963464974967759,0.0,2.258673884686781,20.0
2024-02-23 05:00:00,0.0,22.51257412484442,92.64019587956768,98.66625932671465,2.74212889124147,0.0,2.4955492647395694,20.0
2024-02-23 06:00:00,0.053615816866887836,25.297297533925544,79.00852423204735,14.249554290151323,0.2660836607768413,10.723163373377567,1.6516669603576202,20.0
2024-02-23 07:00:00,0.5777563350542815,25.1095201381725,79.12350066370888,49.888815345135605,7.352285181015961,115.5512670108563,3.6566459372836855,20.0
2024-02-23 08:00:00,1.1033014015140736,27.783354577288204,73.91535137218825,61.81557343181191,6.256499129414531,220.66028030281473,3.8977632497989276,20.0
2024-02-23 09:00:00,1.2007942170997339,28.473468396086723,73.0604000650371,70.2464970544104,5.807559990556591,240.15884341994678,2.844703745401469,20.0
2024-02-23 10:00:00,2.3645726492340864,28.54039470124252,67.60291716485857,55.96486834869141,7.416841289918231,472.9145298468173,1.6870568360263802,26.43640022547321
2024-02-23 11:00:00,4.62986099104861,29.461830761640087,78.26218775324038,0.9770847419183659,6.752308375620375,925.972198209722,2.068970033761241,50.76486431970322
2024-02-23 12:00:00,4.10290135204157,31.111055515870017,71.82283201440501,32.64613082439919,2.0588198817832115,820.580270408314,1.949459193183741,71.22256482885258
2024-02-23 13:00:00,3.2147652378065703,32.566118643629515,62.59515067764889,51.771164338471145,3.524810469433511,642.9530475613141,2.359851471915663,79.34424560481621
2024-02-23 14:00:00,4.564599654732293,30.781516014838882,72.35429621194591,8.786649914483336,1.26110141678625,912.9199309464585,2.3136360238018305,95.0
2024-02-23 15:00:00,3.0575223778144043,32.10530443106103,65.79175131182336,35.06269312091808,1.2985701341788103,611.5044755628809,2.2048361975173365,95.0
2024-02-23 16:00:00,3.772381504025403,31.25628357856838,62.585491585445865,3.3203108791366565,6.761957463565392,754.4763008050805,1.645869126953896,95.0
2024-02-23 17:00:00,2.056200448513865,29.698988984723627,67.9804314607057,7.857849715502074,8.586001069824983,411.240089702773,1.7387008046989785,95.0
2024-02-23 18:00:00,0.6677839900681535,28.476295717110474,66.21842892552432,39.69232762015961,9.627325838611391,133.5567980136307,5.327921726249665,63.421052631578945
2024-02-23 19:00:00,0.09595589095781587,29.743058336960225,67.24511086319016,13.271575404306034,6.283471175494444,19.191178191563175,3.146524869962232,31.842105263157894
2024-02-23 20:00:00,0.0,27.677208787416916,83.81625524697812,56.75408482615582,1.8410132336095697,0.0,5.960710999305767,20.0
2024-02-23 21:00:00,0.0,24.990307023147558,84.69775784995858,68.94649691372658,1.056503454489307,0.0,4.114757522737605,20.0
2024-02-23 22:00:00,0.0,23.196276339105314,81.2587983393414,80.05866991090829,8.128509715367578,0.0,3.414250969806027,20.0
2024-02-23 23:00:00,0.0,22.176250926765352,80.35781483642475,20.01502442448101,5.787564763599993,0.0,2.4615789710389158,20.0
2024-02-24 00:00:00,0.0,22.38918189420986,85.39811316530637,16.748258225906977,6.1828502101371985,0.0,1.8724669478256732,20.0
2024-02-24 01:00:00,0.0,19.707840374033736,88.21405388675349,10.456784033440025,7.814620887547092,0.0,1.6828876508965527,20.0
2024-02-24 02:00:00,0.0,21.25292056319228,81.84582157706276,63.64302495436367,7.032772277324516,0.0,1.6863334763444073,20.0
2024-02-24 03:00:00,0.0,20.759247976684556,86.80961851312429,70.64757264869012,8.344582528560966,0.0,1.9565117567217902,20.0
2024-02-24 04:00:00,0.0,21.320968324707344,80.81464269563962,3.1586144825642037,0.5621390545987848,0.0,1.5943126514627477,20.0
2024-02-24 05:00:00,0.0,23.265258804381737,83.24580708916042,93.62122462436898,7.475206367465049,0.0,1.8288330468811904,20.0
2024-02-24 06:00:00,0.0,24.90678426667543,82.21568280011364,5.1971283651472415,8.508527573220954,0.0,2.489256238615059,20.0
2024-02-24 07:00:00,0.8204568035949162,24.408419277143608,83.25497186660672,54.12963353010704,2.8613504245831436,164.09136071898325,3.4130592646063818,20.0
2024-02-24 08:00:00,1.285216201541734,26.64268841220163,84.7331324529314,70.90605194509165,6.404472739932529,257.0432403083468,2.609159894174498,20.0
2024-02-24 09:00:00,1.472202193566174,28.70770244308064,64.2381424641164,87.09691237460856,3.141620638369721,294.4404387132348,2.2982702156950756,20.0
2024-02-24 10:00:00,2.1849352012373915,29.34936355348238,73.01177030082215,71.40869321324278,9.57971066482454,436.98704024747826,1.866015387591876,23.0297382296324
2024-02-24 11:00:00,2.630063559956765,31.135926798211468,68.08883667283538,80.17280830697918,0.33423572435503757,526.0127119913531,2.026689358926351,28.76179313942134
2024-02-24 12:00:00,3.6640905351116313,30.751796169992033,65.91906129459663,33.94501925428061,5.79792843832955,732.8181070223262,1.5405006864819195,48.9358967014036
2024-02-24 13:00:00,2.2453220667195906,31.359769792760517,73.41375958603162,81.48251137465122,1.6650354704951509,449.0644133439181,1.9377995312747736,51.857360788129355
2024-02-24 14:00:00,4.077585892343176,32.884504962651036,65.49115997437231,8.011484638467515,7.122202051771587,815.5171784686353,2.1130520258694787,70.52043251962948
2024-02-24 15:00:00,1.7277876222640953,31.868132288084382,73.2109510914202,89.48166560605276,1.7589028341866209,345.55752445281905,2.1208741875568013,66.38267920075889
2024-02-24 16:00:00,1.8744962072465745,30.883511291401216,71.37349226636609,54.75923761537362,2.3538326189835757,374.8992414493149,1.880575941378107,66.31868199937433
2024-02-24 17:00:00,1.2408139664733053,30.32779936208845,73.13204697186617,81.72977699624937,4.943708110457581,248.16279329466104,1.5401393881654102,63.167888086825855
2024-02-24 18:00:00,0.7610487929556193,28.138556570535712,74.21033155404706,45.23182845183001,9.14834949996878,152.20975859112386,5.1585049651432975,31.588940718404796
2024-02-24 19:00:00,0.0,28.443242946583027,82.96074101349384,64.35776951965249,2.1171437214797084,0.0,4.020952212894574,20.0
2024-02-24 20:00:00,0.0,25.735150771691895,69.5497847836961,52.640266093611324,1.4424002111810352,0.0,3.4367032759575036,20.0
2024-02-24 21:00:00,0.0,24.737732258886552,85.64773460638047,73.15895217553319,7.589768318540306,0.0,4.200448661717536,20.0
2024-02-24 22:00:00,0.0,23.991639212728543,86.895906032662,8.162998203058958,5.00619532333931,0.0,4.632761728052589,20.0
2024-02-24 23:00:00,0.0,22.8609497390044,77.89101078132929,6.03520839905638,9.117851123817713,0.0,2.4712962274285455,20.0
2024-02-25 00:00:00,0.0,20.740148738047434,81.4152325977879,24.710323401014644,1.4661455715984228,0.0,1.6950302317891544,20.0
2024-02-25 01:00:00,0.0,21.99738159853027,83.38105940743561,15.954468011318834,6.4592789302303935,0.0,2.2700304687015165,20.0
2024-02-25 02:00:00,0.0,22.10513301575895,84.38832040309619,87.17835665922017,2.3287914615181506,0.0,2.085099898544986,20.0
2024-02-25 03:00:00,0.0,21.97589483478128,84.92877405365638,21.92139873580443,1.567604286516393,0.0,2.4933608550547435,20.0
2024-02-25 04:00:00,0.0,22.695042294339977,72.66725809893161,97.58652558191314,6.834294151572705,0.0,2.4148159757649807,20.0
2024-02-25 05:00:00,0.0,22.686847394930744,84.80266617336503,33.68957917711069,5.9368461990873325,0.0,1.9118982976099366,20.0
2024-02-25 06:00:00,0.0,23.840850528462273,78.73632747457174,18.211791568869927,7.5482745836233125,0.0,2.3700479966063916,20.0
2024-02-25 07:00:00,0.7130284751008992,24.125637714706706,77.68932622625293,78.96985071424791,3.0946257644618234,142.60569502017984,2.143798837314992,20.0
2024-02-25 08:00:00,1.1735568142760142,25.729382049874662,86.1444363803359,65.87077755008761,4.479716563821899,234.71136285520285,2.6920048259445526,20.0
2024-02-25 09:00:00,2.0799103210722336,29.324280849309165,79.44333068583825,49.8195716453139,4.054716763304185,415.9820642144467,3.8044405730807482,20.0
2024-02-25 10:00:00,2.5065829256520464,29.034393795307583,68.7200500171649,55.53635509376312,9.840894639665143,501.31658513040924,2.3852828290969006,21.152350917273885
2024-02-25 11:00:00,2.274135950108069,29.52427444806321,73.90818901341679,71.92017782722638,2.922489567393879,454.8271900216138,2.1306084716506093,22.515861962619752
2024-02-25 12:00:00,3.8814120660953644,30.5982585122964,67.09339624638334,22.845474133129873,2.9481723834676687,776.2824132190729,1.9949116047766604,40.43761634514744
2024-02-25 13:00:00,1.4924283574386885,30.959592518877145,71.06796263989015,99.63339160567419,3.545482088286074,298.4856714877377,1.9337278828959779,35.79235818243914
2024-02-25 14:00:00,0.940068008548795,31.231322122475042,69.27572346627491,97.4793162146783,5.645940812903215,188.013601709759,1.8998586951372154,25.689298323613656
2024-02-25 15:00:00,2.1268043346806356,31.27279227923839,72.84188449725404,65.03256863469369,2.5232274426374524,425.36086693612714,1.9521390551224473,27.34861847941644
2024-02-25 16:00:00,2.8476067721151375,31.201333782392254,67.68848742090108,19.954245092914512,9.15289940379274,569.5213544230274,2.274061706946116,32.797296598522145
2024-02-25 17:00:00,0.9514677847955565,29.32190501272827,73.05542691937012,68.02282424312914,2.656855648662635,190.2935569591113,1.7394647795344667,24.502591390744147
2024-02-25 18:00:00,1.3763779500270625,28.61149293288115,76.90479950858553,7.219840897917584,8.958157315601946,275.2755900054125,3.550688724359726,20.0
2024-02-25 19:00:00,0.0,26.121011213006867,74.57981949467828,3.0652502205806065,1.0347506364658465,0.0,4.0609135894203305,20.0
2024-02-25 20:00:00,0.0,28.94125584526534,75.16503779053153,25.76828885112137,6.565627023996523,0.0,4.700002361250494,20.0
2024-02-25 21:00:00,0.0,23.89348109896066,87.4752909601489,46.26229567393163,9.069855184382437,0.0,3.379278681465084,20.0
2024-02-25 22:00:00,0.0,24.588436180240308,83.01065865688457,86.82725054083805,1.6874943839822953,0.0,3.771018696667297,20.0
2024-02-25 23:00:00,0.0,22.924515296463806,71.17992362053815,72.7169069766308,9.68326960099255,0.0,2.0333268427529365,20.0
2024-02-26 00:00:00,0.0,21.844134087895185,86.87840414373613,74.2706521199981,4.528833604155117,0.0,2.221477082734017,20.0
2024-02-26 01:00:00,0.0,21.618360087737614,83.17116362610055,42.54933344480754,9.457151084410246,0.0,2.327671135569194,20.0
2024-02-26 02:00:00,0.0,20.33728956067224,88.51720190626247,34.59349925469629,6.76820043630047,0.0,2.48503384500596,20.0
2024-02-26 03:00:00,0.0,21.93198930310086,88.0128945160383,37.10387629846027,3.0158686987355154,0.0,1.9115116028992105,20.0
2024-02-26 04:00:00,0.0,23.34099204581538,83.85564091052322,98.76495637360578,1.8830252491710642,0.0,1.8420950057594259,20.0
2024-02-26 05:00:00,0.0,21.82011288572182,86.70745584399117,4.010919141248248,3.037350462250994,0.0,1.7196746779947074,20.0
2024-02-26 06:00:00,0.0,23.407200766821354,83.06862866513757,86.70314961224486,0.9301740926267499,0.0,2.279336265319487,20.0
2024-02-26 07:00:00,0.4041165114011369,24.10457814571769,83.5451963815282,57.86754085723934,1.4386796634332977,80.82330228022738,2.1793985940165093,20.0
2024-02-26 08:00:00,1.9258385907640523,26.726542750930996,83.03649702644182,43.86154191895905,1.0466044034648114,385.16771815281044,3.8719481694214486,20.0
2024-02-26 09:00:00,1.5793543019790428,27.736592256717685,72.75957034281528,72.52576604151365,4.229435437415577,315.87086039580856,2.5434770329689633,20.0
2024-02-26 10:00:00,2.8610472233702717,29.55362740935823,72.99429426870957,48.666894142470284,7.955783762575864,572.2094446740543,2.0139665125226456,28.047266753052448
2024-02-26 11:00:00,2.201154163612219,31.294817617368906,63.38901951761884,87.34232380816606,1.413835542163402,440.2308327224438,2.341308351499702,26.57195951213157
2024-02-26 12:00:00,2.0861767963537954,32.01513400250521,71.27727778086881,90.07018640112585,1.3032043317233588,417.2353592707591,1.7520147336790526,29.746499107541624
2024-02-26 13:00:00,3.3585723234719804,31.423698972636863,73.67996675757965,42.17209268734554,6.434289495173307,671.714464694396,1.9927488961293376,42.72182166729673
2024-02-26 14:00:00,3.9801343596112146,31.190155098635927,71.54532273002842,27.682779723505156,1.9718298196806627,796.0268719222429,1.964370320182041,61.87158004187388
2024-02-26 15:00:00,2.4588001673884934,31.045942910518168,57.51326635412609,59.23503285933622,0.976100381089916,491.7600334776987,1.776669942179082,68.35181718136329
2024-02-26 16:00:00,1.2705919173736322,31.045942910518168,71.66049076381987,91.2363345616691,1.6684857820557764,254.11838347472644,1.6907482637058027,63.92911879891938
2024-02-26 17:00:00,2.3819918133032134,30.429524478107744,73.38364078049445,21.066218900566657,9.23731395876776,476.39836266064265,1.6845350507366441,70.5549580433018
2024-02-26 18:00:00,0.9176145763626008,28.36976792635356,65.40808892045303,62.296658356348274,8.214712527761908,183.52291527252015,4.596704543030094,38.97601067488075
2024-02-26 19:00:00,0.19581755423418148,29.189197132014904,75.38514920400112,63.156022009252055,3.540645623550941,39.163510846836296,4.8535774621867676,20.0
2024-02-26 20:00:00,0.0,25.858584209976566,83.83622000031733,73.3113022415281,6.5582076732739285,0.0,5.643748584967817,20.0
2024-02-26 21:00:00,0.0,26.365867241328807,79.3356735967402,13.15676851272598,5.372756736680381,0.0,4.638837314370852,20.0
2024-02-26 22:00:00,0.0,24.223523762541536,74.13305717757984,71.58249646820886,6.771242634825639,0.0,4.113334991329764,20.0
2024-02-26 23:00:00,0.0,22.730914550490883,94.0659342347369,90.9032520665641,6.826711524627593,0.0,2.3361128049276876,20.0
2024-02-27 00:00:00,0.0,23.34588396627551,88.98207514178281,17.968310887024195,6.287340150599929,0.0,1.717155333491065,20.0
2024-02-27 01:00:00,0.0,21.029712845951895,93.39316268180956,23.754332492387764,2.661013685373086,0.0,2.035631652847232,20.0
2024-02-27 02:00:00,0.0,21.6183302188982,81.18301868184412,97.13950940416396,0.3900642076281813,0.0,1.6458892464832873,20.0
2024-02-27 03:00:00,0.0,23.69285777455524,86.22062485217216,18.097695270948975,4.555667819901088,0.0,1.8901959672499022,20.0
2024-02-27 04:00:00,0.0,23.239320369201998,83.50064633687523,85.4385093369579,8.909738846907038,0.0,1.6085631447028095,20.0
2024-02-27 05:00:00,0.0,22.428778975923695,87.51571027693934,49.227785644803475,5.694972585185759,0.0,1.5367079828046284,20.0
2024-02-27 06:00:00,0.24843506571698937,24.569876375979522,77.47997541529693,24.723107440317705,8.323910417019079,49.68701314339787,2.024707541182266,20.0
2024-02-27 07:00:00,0.398238466981354,24.952817933473288,81.11886842293906,87.07499012725114,9.916243429612281,79.6476933962708,2.33620509961036,20.0
2024-02-27 08:00:00,1.5666691486809572,27.716006538911476,70.97137848813618,44.53052550026655,1.6361620413827627,313.33382973619143,3.6588004403978713,20.0
2024-02-27 09:00:00,1.9893223625247454,28.255425938548026,76.1006323309869,51.48173539296902,6.917776391419823,397.86447250494905,3.314988118512502,20.0
2024-02-27 10:00:00,3.0032735472041647,28.394009953915088,68.49810389101745,35.92333693997657,6.742935737000247,600.6547094408329,1.7036486411232774,32.34643660776843
2024-02-27 11:00:00,2.6627430981756293,29.067781566385637,71.98497270866821,59.29508514349274,9.799554473582784,532.5486196351259,2.0736665975490096,37.942663363721316
2024-02-27 12:00:00,3.986183306365462,30.842702788522505,72.65156688794488,16.352387258502276,9.856007339528004,797.2366612730924,1.7689043045614814,59.006813880859134
2024-02-27 13:00:00,3.4513311691398276,33.8530024628449,61.66275433556226,39.10815366517607,6.866786117241295,690.2662338279655,1.5525914712406785,77.04484101090105
2024-02-27 14:00:00,1.2260382388077073,29.644066712811565,73.14330309808135,96.94123223352875,2.4361479198219427,245.20764776154147,2.4326299657393595,64.3438754642521
2024-02-27 15:00:00,2.976807959167971,31.43128489301137,72.85822257293684,25.813343270112753,7.9855583813059905,595.3615918335942,1.5956862073059064,77.4645321069417
2024-02-27 16:00:00,1.9571922668782429,29.54863604605337,67.15866955277536,65.67366645412922,1.070291342110381,391.4384533756486,2.4307257945453973,72.47996865781377
2024-02-27 17:00:00,2.2846859863500835,32.63801378080705,67.02151127157921,32.51900642246949,7.806993041716287,456.93719727001667,1.5184659048932359,79.75905943165384
2024-02-27 18:00:00,0.6030818701034263,28.650575049364292,77.21414073495608,77.34731256866006,9.101961241446965,120.61637402068526,5.417716941056706,48.18011206323278
2024-02-27 19:00:00,0.0,28.701947610422476,67.78223052281972,13.087366071834982,3.8283339476843525,0.0,4.301181187938049,20.0
2024-02-27 20:00:00,0.0,28.67732038104222,63.520470503109976,96.98210450785447,6.306352949830805,0.0,3.316748138713284,20.0
2024-02-27 21:00:00,0.0,25.331413648969583,72.27929427643551,45.37895413836392,4.301427320968263,0.0,4.611624538184666,20.0
2024-02-27 22:00:00,0.0,25.493928143642197,77.35885040083396,23.605046334646396,4.3776505498812845,0.0,4.549963202185808,20.0
2024-02-27 23:00:00,0.0,24.46305719090297,84.74743395605903,7.349674733001265,3.1037088910812005,0.0,1.5250251015638665,20.0
2024-02-28 00:00:00,0.0,23.14713635138093,84.60420420276918,16.975790508754073,7.621296204503246,0.0,1.517388742925434,20.0
2024-02-28 01:00:00,0.0,22.388967391804698,84.42277588721191,51.977394855601766,9.361765641665052,0.0,1.853154402282538,20.0
2024-02-28 02:00:00,0.0,21.86719979877539,86.1082435514308,33.70031764312863,9.40750859234461,0.0,1.699323858950574,20.0
2024-02-28 03:00:00,0.0,21.587265560138054,92.30882331720454,82.88833658826094,1.7478128487493383,0.0,2.0142071744772863,20.0
2024-02-28 04:00:00,0.0,22.679760228999005,88.2291730752969,43.08875236618059,8.74743649656566,0.0,1.7651490022170107,20.0
2024-02-28 05:00:00,0.0,22.949100646420522,82.27342203352592,24.871427258762992,7.374314414271222,0.0,2.3589123260956413,20.0
2024-02-28 06:00:00,0.372791601070045,24.207920067383956,86.5139017818057,61.714498660403,2.528374006902893,74.558320214009,2.2398216343655966,20.0
2024-02-28 07:00:00,0.6245157312420322,24.90536878930863,75.87521610334223,70.67772168854458,0.6728461292151455,124.90314624840643,3.8521626935738373,20.0
2024-02-28 08:00:00,2.41837599630568,24.37597292412115,77.79799115268477,16.704190790094987,2.6799726688437797,483.67519926113596,2.421375834060603,20.0
2024-02-28 09:00:00,3.1302994697019506,28.886633059120907,69.68658708454595,16.761921628831765,9.122082367815256,626.0598939403901,2.3733678518286334,27.19085036979651
2024-02-28 10:00:00,4.034645096058582,30.548008220818694,65.76177011258588,3.667142693354297,6.331786748957723,806.9290192117164,1.7902974830440344,48.51215269343471
2024-02-28 11:00:00,2.507717690680627,29.281826261070993,73.97960019559511,73.64020150656405,7.210546608978719,501.54353813612533,2.4707281639857945,48.863553197035614
2024-02-28 12:00:00,2.253826053110821,30.732533128767777,60.118023077250314,66.38045276218051,2.5715235110909584,450.7652106221642,2.0900933994880075,50.419013406452336
2024-02-28 13:00:00,2.817409727787697,31.337302324766846,57.9868053596679,47.46308757498139,7.193881555748202,563.4819455575393,1.8627366479724836,59.488407664696865
2024-02-28 14:00:00,1.63644906442676,31.516700867267552,65.14093357648598,84.41704489691972,0.2812150627792376,327.289812885352,1.8934481532236358,56.78315409841396
2024-02-28 15:00:00,1.5177486434384044,30.37170129195007,69.37201019461187,80.56701529500532,3.753213457730138,303.5497286876809,2.1924403525181297,49.681136108101065
2024-02-28 16:00:00,2.2355127932388426,32.01302750830972,68.50882671252127,58.535436439675216,6.2675334854233125,447.1025586477685,2.3104019408589833,48.89282929104695
2024-02-28 17:00:00,0.7559301160957727,27.23556960333915,84.19612812634571,86.82712805132586,1.4609656554132022,151.18602321915452,1.9346023687179918,36.48575294765517
2024-02-28 18:00:00,0.8983738509642357,30.48389015376776,66.68656611182716,20.584121003676824,8.230035744469347,179.67477019284715,3.6725168302407054,20.0
2024-02-28 19:00:00,0.0,26.780489383158137,70.19163879097421,11.191961939772789,2.350312988119186,0.0,4.738216893259964,20.0
2024-02-28 20:00:00,0.0,27.103733016190223,78.93292745212081,26.974961151698963,6.522811128184463,0.0,4.093502893646377,20.0
2024-02-28 21:00:00,0.0,25.231570012484976,80.20513748031128,5.708685608931486,4.051971425753297,0.0,4.198200905334884,20.0
2024-02-28 22:00:00,0.0,24.51360929441522,84.7212715183939,53.1169528001032,5.960435954776472,0.0,5.247826010472313,20.0
2024-02-28 23:00:00,0.0,22.818921120427497,77.38119117891557,93.66056922949615,1.0745055262890812,0.0,2.3618281308246027,20.0
2024-02-29 00:00:00,0.0,24.171795440326168,81.87673229391235,3.9343540668509647,0.16912799921607324,0.0,2.0879337330342644,20.0
2024-02-29 01:00:00,0.0,21.179970661981496,91.53656103969819,12.21099140100268,9.095644273803012,0.0,2.075475277886365,20.0
2024-02-29 02:00:00,0.0,21.871053738215362,82.58301701728294,45.21990282834353,2.696300087671828,0.0,2.231967838352712,20.0
2024-02-29 03:00:00,0.0,21.773443910478747,85.11285136623606,93.38750175279048,8.196770027804591,0.0,1.9146901541657864,20.0
2024-02-29 04:00:00,0.0,21.95610273301546,81.0712853790916,31.61561049767505,9.993503004722001,0.0,1.6942329296955818,20.0
2024-02-29 05:00:00,0.0,21.158242878727364,81.09017810240198,50.723480868839246,2.114312579989112,0.0,2.2383916369360577,20.0
2024-02-29 06:00:00,0.0,24.52929993394367,87.72193370316428,4.15728590503921,2.6517074118335557,0.0,2.079221189571107,20.0
2024-02-29 07:00:00,0.8181032032727633,25.737927206760183,66.30872747723487,14.834320096208886,6.628597876346657,163.62064065455266,3.779427440248795,20.0
2024-02-29 08:00:00,0.6338353483171725,25.727166269111038,77.9756846975798,98.66301229588468,9.654486346006212,126.76706966343448,2.1857189458870425,20.0
2024-02-29 09:00:00,0.8867218172767858,29.74703977951211,70.83334473826184,96.51186964360456,9.15814348190744,177.34436345535715,2.3202564803692804,20.0
2024-02-29 10:00:00,4.073535829609752,28.98166193336629,71.44962463154307,0.49399809344096157,5.028755200655849,814.7071659219504,1.5769106387353347,43.717939313306964
2024-02-29 11:00:00,1.3339851634733224,29.919463095812254,73.46725554894978,95.18117854232389,7.951102825267247,266.7970326946645,2.3089273072177914,33.455390431786235
2024-02-29 12:00:00,2.817882970442509,31.249038630294976,52.331975928683704,63.91199378155004,1.3574585309990106,563.5765940885018,2.239551148734993,38.94954273800764
2024-02-29 13:00:00,2.3300836567662824,29.67398977127526,62.801109958762694,86.79182945200222,9.774381842040123,466.01673135325643,1.618324073003138,45.711258783757515
2024-02-29 14:00:00,3.210676155495816,30.900644294947003,74.37587028889,45.47398556338591,9.643532340359865,642.1352310991632,2.2386620535618253,54.94539275213042
2024-02-29 15:00:00,3.3966496124264585,33.05795851201167,68.91187721100755,51.55960285792502,1.6372895787917097,679.3299224852917,1.7656784655028372,70.43961864790481
2024-02-29 16:00:00,2.134109536533848,30.76008057519423,72.10693298540036,48.88465802569202,2.994231248031066,426.82190730676956,1.627053250238004,75.25665336771533
2024-02-29 17:00:00,1.268839893049525,28.996799471770068,86.47982170882653,66.68642575461044,1.0015499750676693,253.76797860990501,1.8377557614935853,69.26806527883048
2024-02-29 18:00:00,1.4053378621221484,29.57906157269467,73.17733157457853,13.96512547563129,2.717175988981797,281.06757242442967,4.456118685507583,37.68911791040943
2024-02-29 19:00:00,0.0,27.12906333520868,74.16137690932737,2.9973589872677953,8.159557894152066,0.0,4.035152607966171,20.0
2024-02-29 20:00:00,0.0,26.420150846512204,74.10167257595268,30.79299415911909,3.783156071652595,0.0,4.356280567171153,20.0
2024-02-29 21:00:00,0.0,25.830578128186342,69.61164059402262,70.46807627366466,0.8839696714675838,0.0,3.449931072454634,20.0
2024-02-29 22:00:00,0.0,23.343965241759346,88.87022688718656,20.185345212294838,3.4222552477890456,0.0,4.774027769395925,20.0
2024-02-29 23:00:00,0.0,23.56271690774863,84.53256595589805,67.34324333249174,9.813833342412801,0.0,2.3357874364522,20.0
2024-03-01 00:00:00,0.0,22.118846799094484,93.28828639620623,96.99120461072704,6.296835952592029,0.0,2.0032046700749637,20.0
2024-03-01 01:00:00,0.0,23.619478959245047,84.35940514439017,9.39007157894184,4.161609464061577,0.0,1.6037819281766719,20.0
2024-03-01 02:00:00,0.0,24.32292616033553,78.59577198909555,67.26021182251263,1.6653851349727,0.0,1.9316517625939609,20.0
2024-03-01 03:00:00,0.0,22.25046302398076,76.79701658175823,44.375021930457116,9.861767972836947,0.0,2.1028447467863507,20.0
2024-03-01 04:00:00,0.0,23.669394263009302,82.83193094068245,86.81422543775054,8.208490092631287,0.0,1.7084944749542605,20.0
2024-03-01 05:00:00,0.0,26.135316623510924,88.75362036336891,17.71497894473859,2.814773024509194,0.0,1.7052339267803092,20.0
2024-03-01 06:00:00,0.0,26.573366582444972,81.20112942837716,69.26259522261645,0.7006869572118946,0.0,2.4904716723472564,20.0
2024-03-01 07:00:00,0.3340696623035177,25.45467685910972,85.74882343161974,83.81152896481102,0.5662555737755803,66.81393246070354,2.9054508532598797,20.0
2024-03-01 08:00:00,1.0096356906545583,28.645598078959544,76.22862722605208,94.46142194740233,1.2037814950553383,201.92713813091163,3.8784369897553703,20.0
2024-03-01 09:00:00,1.8427026121871035,29.71486178803119,63.161437179069715,68.32480282896458,5.807685836144216,368.5405224374207,2.79725792328815,20.0
2024-03-01 10:00:00,2.403277512049798,31.222996934624323,73.74269665949748,49.71747640084273,9.287634212054924,480.6555024099595,1.9996702437290534,23.834269049047073
2024-03-01 11:00:00,3.051290459459441,32.35745538834864,67.30746583755543,61.78472402012139,4.9674342800598446,610.2580918918882,1.5833025831117964,37.7801538743497
2024-03-01 12:00:00,2.052846476367962,31.77959305072149,63.35716334877502,86.89049844787182,8.429454824561972,410.56929527359245,2.0039657798253936,38.2445204915041
2024-03-01 13:00:00,2.957427917334716,31.22589965641545,73.04761705493644,57.060974663882966,4.458866198598078,591.4855834669432,2.3487524666688433,44.02693727282988
2024-03-01 14:00:00,4.725180870666795,31.22589965641545,60.77211940341233,3.038705969683686,7.085835457678252,945.0361741333589,1.7723845792632895,72.07850204116319
2024-03-01 15:00:00,1.4835477134595523,31.854096195830714,64.82203564726748,93.09486955069778,7.318727372865008,296.7095426919104,2.381189236894309,62.6296438997447
2024-03-01 16:00:00,1.1444607902975592,33.36310125383622,56.72391472045256,68.95267510315611,1.7396370590333865,228.89215805951181,2.1454418331834963,52.093001343050624
2024-03-01 17:00:00,1.4070346052265061,31.322101208844813,68.31307826306005,67.65133857772466,3.6121605897581177,281.4069210453012,2.307314300769052,42.61637296891856
2024-03-01 18:00:00,0.9565997146066544,29.93615166814014,58.50059589302131,21.567515239771716,6.373021565380239,191.31994292133086,4.603978700247255,20.0
2024-03-01 19:00:00,0.2216272005188804,30.322054227770405,76.1438325908434,65.88854702326572,0.7069660818436618,44.32544010377608,4.747802810353498,20.0
2024-03-01 20:00:00,0.0,27.827186648106593,68.70030459462531,39.386440565415846,3.6154018776295658,0.0,4.065284299089569,20.0
2024-03-01 21:00:00,0.0,27.80154411256981,74.33273098283462,65.12329770414921,5.347994662811924,0.0,5.3275843159759555,20.0
2024-03-01 22:00:00,0.0,27.80154411256981,74.67875344947575,10.659303030799073,9.962244930446387,0.0,3.420117693793056,20.0
2024-03-01 23:00:00,0.0,23.31984842919067,87.06579928295221,65.7845304603036,4.745335626224407,0.0,1.9383808971409315,20.0
2024-03-02 00:00:00,0.0,23.47508335979457,81.52328751281804,99.94137257706666,8.160567571143236,0.0,1.6000180900243222,20.0
2024-03-02 01:00:00,0.0,22.165644640909203,87.31496102897826,4.821203886055603,4.320672850666178,0.0,2.445161457177897,20.0
2024-03-02 02:00:00,0.0,22.668500611700487,85.06481040641418,97.71741842213173,7.9639072261970885,0.0,2.431788543051174,20.0
2024-03-02 03:00:00,0.0,22.57397096257485,85.00212728793343,40.690796072287064,5.954148016201084,0.0,1.8424999930081374,20.0
2024-03-02 04:00:00,0.0,23.489065535990584,79.44854834381387,87.07534503372591,8.865954415023984,0.0,2.169926342161323,20.0
2024-03-02 05:00:00,0.0,22.152279091128964,82.7017427562105,78.23854840582734,4.109425523501099,0.0,1.6191570455404647,20.0
2024-03-02 06:00:00,0.0,25.11251133673031,78.53911926531738,56.70162609866678,6.043044198214789,0.0,2.0953733665488934,20.0
2024-03-02 07:00:00,0.40942790715148547,26.985144875708396,70.15330966560192,73.84492092513266,6.3001868061882735,81.8855814302971,3.2789368789842075,20.0
2024-03-02 08:00:00,0.8340163606798523,25.7309227270476,73.6527938151978,87.8515561301348,4.173829418004733,166.80327213597045,2.6069684171031215,20.0
2024-03-02 09:00:00,2.5441546112762676,31.874387124203377,75.80920081161503,40.4140321651033,1.4431204368748152,508.8309222552535,2.0533863171737083,24.662298793974315
2024-03-02 10:00:00,3.23633966351722,29.810344495099056,70.11324882843697,32.70331615632387,0.9355940691233555,647.267932703444,2.366188915265581,32.92873090236489
2024-03-02 11:00:00,2.0684176912810757,30.220785045622314,78.21722182465713,66.75933855635847,0.166715505996331,413.6835382562151,1.6470699045503434,36.93153487630684
2024-03-02 12:00:00,2.3002955341315787,33.10400419236501,67.99719800007807,80.78459419412586,8.735342642452146,460.05910682631577,2.1705800508269353,38.16383196770096
2024-03-02 13:00:00,2.8029299004909523,32.33225959830508,72.28444370219898,76.22851347766158,2.3647491223869457,560.5859800981905,1.5356744163605325,50.20275906693994
2024-03-02 14:00:00,1.9113935667482085,35.4398744669855,60.62646346648595,79.78136488586345,2.1150674928176807,382.2787133496417,2.140347346297737,47.79271928220806
2024-03-02 15:00:00,2.834908610670005,31.9972396864759,71.7288455482919,43.5583314812933,7.360354004260655,566.9817221340011,1.8423817660091883,57.221724306485825
2024-03-02 16:00:00,1.6154142117002557,31.954198773450834,67.39752515949648,81.78342161750216,3.2001611308739175,323.0828423400511,2.210667245942835,50.95590289340605
2024-03-02 17:00:00,1.9535365348134717,30.963631056122814,76.56846579537037,12.020905537060845,5.060446924118366,390.7073069626943,2.499459067186402,45.20934992105941
2024-03-02 18:00:00,0.9373306991030989,31.484592894895798,70.98417580366204,54.448909796084955,1.625110652974563,187.46613982061976,5.863135800662679,20.0
2024-03-02 19:00:00,0.0,29.753670713823674,70.59327808733119,0.575866049812157,9.597457214619693,0.0,5.041664542933446,20.0
2024-03-02 20:00:00,0.0,28.57726236720092,65.5909106226281,32.45858299002703,8.515814000172373,0.0,3.772736347493998,20.0
2024-03-02 21:00:00,0.0,26.02975572243568,68.3128066315959,36.646153487139784,8.637896229650032,0.0,4.587570296239701,20.0
2024-03-02 22:00:00,0.0,25.097689977247278,64.83608703220233,39.61726916092554,4.067737485720052,0.0,3.895766268864878,20.0
2024-03-02 23:00:00,0.0,24.818416888444247,73.79715507787915,69.54672066898621,7.623612137071728,0.0,2.2861154478031325,20.0
2024-03-03 00:00:00,0.0,22.83673145774884,89.65635568316145,38.85581012703457,1.4387615538978016,0.0,2.4514994392273524,20.0
2024-03-03 01:00:00,0.0,22.19995428899213,91.60254370588439,44.86936226225306,0.08619002591780278,0.0,1.789542747793705,20.0
2024-03-03 02:00:00,0.0,22.174902700054474,85.882500965662,23.754413087432745,0.19972932578028124,0.0,1.617676512645299,20.0
2024-03-03 03:00:00,0.0,23.692045517726406,79.53832971457902,37.325179162934006,5.8660173740456045,0.0,2.0138573592691227,20.0
2024-03-03 04:00:00,0.0,24.054928149015645,68.35231523360817,22.726962726315147,4.553949052479408,0.0,1.7141162434129356,20.0
2024-03-03 05:00:00,0.0,24.84581767522218,80.51442852469565,7.319592376844364,5.180153489085198,0.0,1.5734446910057613,20.0
2024-03-03 06:00:00,0.0,24.534029075388464,76.87109449059143,60.34485933813779,0.07463140417219405,0.0,2.3181097847441676,20.0
2024-03-03 07:00:00,0.8041151369359848,25.330755382447094,89.9994175691377,66.82127985550163,4.226866196574257,160.82302738719696,3.04365494872769,20.0
2024-03-03 08:00:00,0.6851312043224459,26.670640941065937,75.23616659617201,61.94903460096145,7.180681612008608,137.02624086448918,3.591126725004539,20.0
2024-03-03 09:00:00,2.3336738870262113,28.99315993254247,69.40901833350614,46.34940438005724,4.426937019674359,466.7347774052422,2.177038105126135,21.48803992805072
2024-03-03 10:00:00,3.657481469912286,30.577363730284098,73.29158966322669,37.978578017922985,7.322192063122222,731.4962939824572,2.36070203254215,33.80744458306701
2024-03-03 11:00:00,1.7623960459645105,33.24783859337034,62.37710717617432,86.33336495718252,2.330189643968348,352.4792091929021,1.9065383138870131,32.290157552303825
2024-03-03 12:00:00,3.2728414267505883,31.92397560234839,61.41713496721648,51.908178513621806,8.131420044817254,654.5682853501177,2.4173619850652766,40.417212248314286
2024-03-03 13:00:00,3.2768919882785834,31.648435592015847,61.94935387304853,47.9181877629731,5.884312404534523,655.3783976557166,1.957813650084625,52.94845646115689
2024-03-03 14:00:00,4.5092173313701185,34.17481405758569,52.25546716105948,2.5642065806435688,2.107630994299062,901.8434662740236,2.4939977334136714,72.09304264174314
2024-03-03 15:00:00,3.778421888846225,32.78796910806401,56.59390870378891,34.12478276261564,2.367204758538329,755.684377769245,2.454617371504054,84.66918555649376
2024-03-03 16:00:00,2.2803271878616522,31.96206873677851,64.03791580314451,38.019561878585705,6.28030464569537,456.06543757233044,2.299227106291527,84.47023904670561
2024-03-03 17:00:00,1.694685769895016,32.3230772302596,58.30610113744276,39.88227808969005,8.299395932124433,338.9371539790032,2.257846292932471,78.5422335410482
2024-03-03 18:00:00,0.56154197336457,31.138184040728213,68.7872625245025,58.017236922733225,4.156277820291551,112.308394672914,5.4004747099943895,46.96328617262715
2024-03-03 19:00:00,0.290743956559009,29.822730040847166,77.28592032870979,53.360254672687844,2.5830042912759223,58.148791311801794,5.496788657910447,20.0
2024-03-03 20:00:00,0.0,26.872409048791237,88.4981168432878,60.79050927934446,8.670116069106005,0.0,4.909923106076183,20.0
2024-03-03 21:00:00,0.0,25.806227092204395,75.52409986345138,76.48832615421283,6.692682917508349,0.0,4.849763514213739,20.0
2024-03-03 22:00:00,0.0,25.3756990611215,78.8548374465338,81.29857387160935,4.480854872830765,0.0,3.0016625537557617,20.0
2024-03-03 23:00:00,0.0,22.854562892723578,90.61594538491133,71.81230762264944,4.879001952793018,0.0,2.252310970673456,20.0
2024-03-04 00:00:00,0.0,23.40792797465345,71.5037960255868,95.55236959549347,2.042564679363964,0.0,1.907084972815385,20.0
2024-03-04 01:00:00,0.0,21.877360452798406,93.0120537073442,1.823258267636163,6.268026300648439,0.0,2.4637676499423087,20.0
2024-03-04 02:00:00,0.0,22.90199903321666,88.24531185792105,19.57779856835461,3.5874251054288866,0.0,2.036430396789492,20.0
2024-03-04 03:00:00,0.0,24.036232426888446,87.27097191451765,0.756287497814212,9.956451766743493,0.0,2.390678595605471,20.0
2024-03-04 04:00:00,0.0,24.687404405008436,78.31060929255149,64.7474714154603,4.801835152618878,0.0,2.197634822832664,20.0
2024-03-04 05:00:00,0.0,23.371999053590923,89.25847361501823,89.8030548949987,4.858856061896132,0.0,2.2856017924230225,20.0
2024-03-04 06:00:00,0.0,25.33166236576281,80.53401021237656,24.34822965762993,5.658517874106719,0.0,2.489548119294877,20.0
2024-03-04 07:00:00,0.3898316731930234,28.300824982573413,65.63113911110614,92.70345447963066,9.167560031187467,77.96633463860468,2.7637152504436653,20.0
2024-03-04 08:00:00,2.3939462786556898,27.39597011452523,76.30408070911749,6.026739028956085,8.008180998597503,478.789255731138,3.700725575315701,20.0
2024-03-04 09:00:00,1.2720404255188476,29.455886766115324,66.83333432150458,93.44360268055144,4.511300697978414,254.4080851037695,2.0248321783388468,20.0
2024-03-04 10:00:00,3.226152176348273,30.84672401624195,66.62142009410921,35.16226872396344,7.186992659727959,645.2304352696545,2.2827357103601917,28.962456426886767
2024-03-04 11:00:00,4.430055295590192,33.01836677231864,62.75487663279636,10.142082844921651,5.862354987807617,886.0110591180382,2.053392440229764,51.540753552810834
2024-03-04 12:00:00,3.2726573829376058,31.285460488290948,69.70345802673731,48.58717591863256,4.923670487012489,654.5314765875212,1.5576426955973934,67.83339308254284
2024-03-04 13:00:00,4.237718246373451,33.26947201791817,64.11740032002119,25.677656772050796,1.9231577278435052,847.5436492746901,2.1991931979813764,87.19938104226755
2024-03-04 14:00:00,3.541014527532318,34.25888620574282,61.955634535868015,28.487290196192284,4.63936263454891,708.2029055064636,2.2059066693266582,95.0
2024-03-04 15:00:00,3.053906942552739,32.771762972231,56.936319104793775,30.728996492628657,2.4581858702257464,610.7813885105478,1.5033788468084124,95.0
2024-03-04 16:00:00,1.7608327537365125,33.12051809545766,66.36152629222607,80.30258978326634,9.148421498516546,352.1665507473025,1.7276866259295984,95.0
2024-03-04 17:00:00,1.4029378657107512,29.515477491409513,82.07144812478693,53.91612766752545,3.3540681349634696,280.58757314215023,2.4181917732297338,84.31311676295807
2024-03-04 18:00:00,1.113104087971384,31.84511717361179,63.300279848113355,31.130769915600364,9.522640145333723,222.6208175942768,4.195133026978292,52.73416939453702
2024-03-04 19:00:00,0.0,29.456318442411437,74.67786705954722,61.03337833109184,5.3305529009471115,0.0,3.1477332042248674,21.155222026115972
2024-03-04 20:00:00,0.0,27.850121966477833,79.86121831650298,71.61506742231936,6.315443786761604,0.0,3.0120758365619125,20.0
2024-03-04 21:00:00,0.0,25.468204959846982,77.12019811303783,27.262400073353376,5.429404444893278,0.0,4.873201462416489,20.0
2024-03-04 22:00:00,0.0,25.35968377195284,89.36966470005946,41.354910152535155,1.293806169667009,0.0,3.1215585763190097,20.0
2024-03-04 23:00:00,0.0,25.435855983494807,81.34531647072149,12.188609333694755,3.7582121900794094,0.0,2.2203242773264016,20.0
2024-03-05 00:00:00,0.0,23.213704633597747,86.0854646046617,18.11493495346803,0.9914611227762393,0.0,2.388887939656483,20.0
2024-03-05 01:00:00,0.0,21.975262308294454,89.51064981075238,68.11178539649828,6.229540441833818,0.0,1.7517444642825304,20.0
2024-03-05 02:00:00,0.0,23.945497304659394,81.71202348375374,18.143834769562694,4.46874195200439,0.0,1.6495976561475585,20.0
2024-03-05 03:00:00,0.0,22.624711875343227,89.01202469657761,52.516338366706016,7.779849715709368,0.0,2.308586169429098,20.0
2024-03-05 04:00:00,0.0,23.534271741176926,86.86142058116181,70.90462617224327,2.2047048099936983,0.0,1.8650506541055307,20.0
2024-03-05 05:00:00,0.0,24.601599495386477,87.82539422619837,10.687692309474384,1.6456605842933492,0.0,2.184449048463197,20.0
2024-03-05 06:00:00,0.0,24.457071738191264,82.93111676656731,56.73122196289035,4.0633223096376785,0.0,2.432282144070781,20.0
2024-03-05 07:00:00,0.7568382759331257,27.139973261670573,79.93658684882362,25.656278370136377,9.265853832183812,151.36765518662514,2.569310786987184,20.0
2024-03-05 08:00:00,0.8492254358326067,26.843872632848967,70.76843025727709,96.29268752375798,7.104218150124117,169.84508716652132,3.765904911694994,20.0
2024-03-05 09:00:00,1.9169924846448272,30.896939472690573,73.71481930234182,48.35456467199247,4.189236247929187,383.3984969289654,3.5058971993262213,20.0
2024-03-05 10:00:00,1.241416412316386,30.18879171082632,64.16718299237698,80.59925497751581,5.172721697543105,248.2832824632772,1.8221125959691382,20.0
2024-03-05 11:00:00,3.0448793696311562,31.272693406470346,62.258882535257214,55.022654215626176,0.8421301117709834,608.9758739262312,2.2093907452511288,27.937141931610267
2024-03-05 12:00:00,4.64783448813848,32.43619959530903,68.66655888015704,4.341253285481916,9.845758963761131,929.566897627696,2.3644769036178284,49.62903898455646
2024-03-05 13:00:00,2.389855393291398,33.00011381214226,68.00886882672074,63.31513755940223,6.66407304694919,477.97107865827957,2.4791121697448024,48.68949396925747
2024-03-05 14:00:00,1.3889717228160516,34.558349960141975,64.19483079155756,95.14033422066571,2.854040684634225,277.7943445632103,2.2975993494897886,39.12499263584971
2024-03-05 15:00:00,2.0749232628690923,32.74376523064758,64.76848909157465,60.16118201463312,5.858083942152444,414.9846525738185,2.0971507044831474,38.89101956622808
2024-03-05 16:00:00,0.9312408401048404,30.294224448817417,66.69755624378034,81.91888594267903,1.0948236606899397,186.24816802096808,1.938122347080863,28.292266861217314
2024-03-05 17:00:00,0.39671352707499763,31.205735648886897,72.1750826945802,88.42064633484078,9.658366688075835,79.34270541499953,1.7379241622449835,20.0
2024-03-05 18:00:00,0.9793997568248599,30.500539362628878,70.5137328122359,22.807977194893247,1.7478498788336594,195.879951364972,5.599245388574473,20.0
2024-03-05 19:00:00,0.045640747673834324,27.899797475308187,67.91217786038838,21.204483990822666,6.480303180552141,9.128149534766864,5.452429317914762,20.0
2024-03-05 20:00:00,0.0,26.571932823894556,72.31579949841105,61.09809888509917,2.454544625389304,0.0,5.484375575570703,20.0
2024-03-05 21:00:00,0.0,27.485677584890524,76.38477290121473,41.10284698067047,7.175613826485358,0.0,4.889651111013598,20.0
2024-03-05 22:00:00,0.0,26.207678244027242,80.1173154688751,83.98613028667204,7.76821367240281,0.0,3.164218907729811,20.0
2024-03-05 23:00:00,0.0,25.011461818944902,86.61687375546501,90.00231233980112,6.734197289114326,0.0,1.5695077965151931,20.0
2024-03-06 00:00:00,0.0,22.82149517719567,84.44415441039916,35.34213793027181,6.144994602551925,0.0,2.2359472017232225,20.0
2024-03-06 01:00:00,0.0,23.77456741770436,82.76058533948222,23.687055897448207,8.924690939520117,0.0,1.6831353715717698,20.0
2024-03-06 02:00:00,0.0,21.690268025632367,89.0270021036918,78.05255152438619,0.7862671098975804,0.0,2.1140649847273982,20.0
2024-03-06 03:00:00,0.0,24.13213105009001,86.55200978276517,27.48060355481361,3.309147657801952,0.0,2.3150739906826097,20.0
2024-03-06 04:00:00,0.0,24.968207470853226,74.6261942177317,82.26143185136785,2.48287479630846,0.0,1.9985862873912121,20.0
2024-03-06 05:00:00,0.0,24.693785010855283,73.88368445804159,42.37382536487628,9.880139620654216,0.0,1.9074356527661438,20.0
2024-03-06 06:00:00,0.0,26.72071519549544,74.39181683358647,66.75498992914704,3.893897796668735,0.0,1.5580633388910914,20.0
2024-03-06 07:00:00,1.471994102760238,26.633557299336726,71.61546646948307,9.553531383466819,7.326126992403987,294.3988205520476,3.8772006315894547,20.0
2024-03-06 08:00:00,1.157148403795953,28.943193303477795,74.34335227867092,62.3859324676573,6.847251638810046,231.4296807591906,2.957404401701571,20.0
2024-03-06 09:00:00,2.0451226507096645,30.6292078933167,65.79979910103839,45.17676787372291,2.1208123747737773,409.0245301419329,3.5562513225730434,20.0
2024-03-06 10:00:00,2.210095809707663,30.80955564676715,71.09758669146093,58.66084631754741,2.3899768021155134,442.0191619415326,1.5569479486984483,26.204904679587536
2024-03-06 11:00:00,3.5688118327280605,31.463056186338704,63.87024456418937,16.801420774486342,2.812845635530341,713.762366545612,2.1091206222132968,40.07197117947779
2024-03-06 12:00:00,2.1316314533331053,33.335057312990074,61.36588028961414,73.68737449441821,4.111272782593792,426.32629066662105,2.2975655525345218,38.32529645104183
2024-03-06 13:00:00,2.4254989075870426,32.93244337460041,65.33735077649924,86.27970775432286,2.343250656505268,485.0997815174085,2.01455309133378,42.229281705447825
2024-03-06 14:00:00,4.07900647780137,33.2505142037556,60.18351072336186,21.673980009077564,0.19651482746847804,815.8012955602738,1.7843439098197933,64.02857610127279
2024-03-06 15:00:00,4.362898603195453,32.56341618103885,67.24202944721654,9.571455552016172,8.793930568071955,872.5797206390906,2.096327605003862,85.56100058409291
2024-03-06 16:00:00,3.4647700651761095,30.646123001126025,65.16260948617308,2.3638586046336396,9.65609831380884,692.9540130352219,2.1436337881196206,95.0
2024-03-06 17:00:00,1.6263369682479332,32.71187796210419,64.37708909937172,64.1971500443266,3.4157038703156797,325.2673936495866,1.8068381307026185,93.0999877636349
2024-03-06 18:00:00,0.31134285279268137,31.612046842103208,64.01832766527868,60.70940360887808,3.3850687942547286,62.26857055853627,5.394139748510462,61.521040395213845
2024-03-06 19:00:00,0.0,29.440310021890166,67.64177638068743,54.669741271407005,0.07091812774370987,0.0,3.699762965467645,29.942093026792794
2024-03-06 20:00:00,0.0,25.978997679123758,78.8917281970099,23.194709611597542,6.8025068833037405,0.0,3.4624681488760243,20.0
2024-03-06 21:00:00,0.0,27.761275732349752,73.81659717944625,39.09059959055147,8.254398957486288,0.0,4.711658564849916,20.0
2024-03-06 22:00:00,0.0,25.28443205658105,80.77197063594777,59.4476335186173,1.4660830036000316,0.0,3.500921621017662,20.0
2024-03-06 23:00:00,0.0,23.298407975488928,95.0,49.67668588591694,1.5966634936715074,0.0,2.160172641646957,20.0
2024-03-07 00:00:00,0.0,24.325989182938077,85.1940980202691,98.77855202148874,7.900832499714378,0.0,2.442261173658561,20.0
2024-03-07 01:00:00,0.0,21.867061184946643,84.00774718657607,13.643975255673313,6.162907483541447,0.0,2.0509126399478856,20.0
2024-03-07 02:00:00,0.0,22.667727298749913,81.60179089072987,69.51445540475937,0.4486055762771701,0.0,1.7078880552631444,20.0
2024-03-07 03:00:00,0.0,22.269215917215703,84.26280154174789,40.431876810429216,6.225469904622817,0.0,1.5318417445480979,20.0
2024-03-07 04:00:00,0.0,24.796306697823837,88.41734987741938,42.819961492561475,3.0891772284376606,0.0,2.2083589360386613,20.0
2024-03-07 05:00:00,0.0,23.681433295468356,84.26516181628041,71.75977656581762,3.6872515547084594,0.0,1.7910788813756464,20.0
2024-03-07 06:00:00,0.056765763286037406,24.72141295318829,83.77749870840952,69.24361513243696,7.697314182968801,11.353152657207481,2.0941593578796516,20.0
2024-03-07 07:00:00,0.57043614768767,26.62868306288897,73.55118972113844,99.12559937021884,8.109351926726106,114.08722953753401,2.4201058403586106,20.0
2024-03-07 08:00:00,2.252698613146841,26.62868306288897,77.84467766476469,12.839428945412523,4.003566268398306,450.53972262936816,3.1271566855530977,20.0
2024-03-07 09:00:00,3.305227785351917,31.190983973384682,63.10496594060955,10.410964938416633,9.471529360063547,661.0455570703834,2.7055369317139117,25.697063109561054
2024-03-07 10:00:00,2.485164039515193,30.112618254985286,73.54083072211021,72.43388171287411,4.0646271795207225,497.0328079030386,2.4999248268331766,25.541686400950702
2024-03-07 11:00:00,2.3536166614581693,31.952980940343537,56.567109779848096,57.83869170064091,7.718360352301099,470.7233322916338,2.3425883794336677,25.64645508018347
2024-03-07 12:00:00,3.516079758348189,32.95289614414974,68.21099185908638,27.416066655980586,4.838772645642591,703.2159516696378,2.1087304825848485,39.016273199935206
2024-03-07 13:00:00,4.452681948147722,32.41619032906883,64.30774831243522,7.9419368988986605,8.97532326522084,890.5363896295445,1.9647219561987495,62.65189312345045
2024-03-07 14:00:00,4.173778984545664,32.634219254697996,64.37363302613461,8.565824959643054,9.077612436501786,834.7557969091328,2.334449957347763,80.1255188818305
2024-03-07 15:00:00,1.9439200209477678,32.97271406847334,62.78887211575179,89.41908746641182,0.8741680787108386,388.78400418955357,1.9292107795416997,80.26525667518814
2024-03-07 16:00:00,2.992611298201836,32.025504370567454,68.8098569140524,19.18673247187429,9.364933313102258,598.5222596403671,1.6951938142759255,92.5907227724843
2024-03-07 17:00:00,1.6162566671423275,32.007403853809414,69.76785179731472,32.33715621155208,8.255348415204157,323.2513334284655,1.7400384187641498,91.2877569659388
2024-03-07 18:00:00,1.0586931348482718,29.57951121226042,75.09115955142701,22.6656402226988,7.913107143126669,211.73862696965435,3.7344351938524065,63.12205108168474
2024-03-07 19:00:00,0.0,29.249050747057453,64.10535977496815,35.49963058319373,2.0091133968552244,0.0,3.328874958990007,31.543103713263687
2024-03-07 20:00:00,0.0,25.630975688418747,77.75127284648919,6.942384274609337,8.05119208754665,0.0,5.084661257421841,20.0
2024-03-07 21:00:00,0.0,26.889851176988817,82.82151248228571,51.90597909082704,8.501327346850369,0.0,3.0965892662620105,20.0
2024-03-07 22:00:00,0.0,24.943835430578,80.85613280552246,6.76125635922149,2.8915033445415093,0.0,4.849068970797075,20.0
2024-03-07 23:00:00,0.0,23.46365690002457,86.1362176301232,80.03565078223616,9.522600783623238,0.0,2.3193461487217713,20.0
2024-03-08 00:00:00,0.0,24.419811374022643,72.72599249508944,23.3712081910433,0.4986014639916425,0.0,2.4148151491912277,20.0
2024-03-08 01:00:00,0.0,24.141256757642818,78.9971903946202,54.00119146045106,1.4990925324713966,0.0,1.5094751312616965,20.0
2024-03-08 02:00:00,0.0,23.74042121404775,85.86858002298321,88.00790875614582,5.3758113805151435,0.0,2.430026837888162,20.0
2024-03-08 03:00:00,0.0,22.86894937930974,82.1135042958847,65.08773690471942,5.757924711223097,0.0,2.403724920373808,20.0
2024-03-08 04:00:00,0.0,24.2078489509043,76.81999689525989,53.29577865513353,6.4515008330090335,0.0,2.0304630000408155,20.0
2024-03-08 05:00:00,0.0,24.232230632743757,79.28167686804562,32.43337531153756,0.16969129315466458,0.0,2.020372216440968,20.0
2024-03-08 06:00:00,0.0,25.955146380949518,81.95334912769793,33.300191305819794,9.603667746221303,0.0,1.7986839838141342,20.0
2024-03-08 07:00:00,0.3952301256236352,29.08037105777139,70.69023936787836,66.94869551981901,0.4458809273414399,79.04602512472704,2.057036987822585,20.0
2024-03-08 08:00:00,0.5699801952587901,27.671275187033707,67.62339690290823,99.41393612211675,1.4306195272340239,113.99603905175802,3.1781203070505826,20.0
2024-03-08 09:00:00,1.8031381659796761,29.196474529738527,67.59788300592409,66.18391898493786,0.1401451752605698,360.62763319593523,3.8863261049208786,20.0
2024-03-08 10:00:00,2.3343032907567878,29.196474529738527,62.45215705593566,55.77834173700249,5.668584332940947,466.86065815135754,2.267506695395364,20.634567655933527
2024-03-08 11:00:00,2.1210109831580293,31.376205328423385,67.09751068291372,73.06505102392461,9.322668839209722,424.2021966316059,2.2230344308507957,20.0
2024-03-08 12:00:00,3.536460282365194,31.00261952838476,65.48887525846531,46.52056122837182,6.659471660804642,707.2920564730388,2.422694983954367,30.58077033490285
2024-03-08 13:00:00,4.164911238089228,33.51956940834143,63.55624402444018,6.0142342600785215,8.226574684804273,832.9822476178456,1.863128442846072,52.44770688971283
2024-03-08 14:00:00,2.625848283106527,33.86068542136863,58.114312781490064,56.22968158779098,0.13281203458580082,525.1696566213054,1.9036736576240278,59.30836583179657
2024-03-08 15:00:00,1.4141018522629236,30.96318097868187,70.33561045908812,95.76252845053801,5.4201529847972605,282.8203704525847,2.1667560613073773,51.38568994711811
2024-03-08 16:00:00,2.7738901067916175,33.842194968063644,61.546121193944536,17.530294235765965,4.595629775055219,554.7780213583235,1.5956635864188415,62.578841890659476
2024-03-08 17:00:00,1.065405908774513,31.708601554503293,66.32879629882785,69.00048908206658,4.9896794422079305,213.08118175490256,2.3258534343389647,49.310973200507355
2024-03-08 18:00:00,0.7229509481593124,29.545130918415925,63.205949121591345,20.093368865905646,0.7221318533518795,144.59018963186247,3.3511244480653306,21.645988990970324
2024-03-08 19:00:00,0.0,30.15848672291927,71.91622906243839,53.582768447308126,6.844353610693075,0.0,3.1920002482571608,20.0
2024-03-08 20:00:00,0.0,27.760544906234415,73.11324946893491,9.667644964671961,5.032204148586344,0.0,4.895946278949919,20.0
2024-03-08 21:00:00,0.0,27.647558165427903,85.44380780534675,45.037093625818514,7.65148849861264,0.0,3.751504274087819,20.0
2024-03-08 22:00:00,0.0,24.723137901378607,79.31246862793732,75.61633288952461,4.852906340617153,0.0,3.6793818112741645,20.0
2024-03-08 23:00:00,0.0,25.125189918526253,80.91992671741906,34.757152423898205,1.4938163622643208,0.0,2.142741900401425,20.0
2024-03-09 00:00:00,0.0,23.964449781618125,78.83691891592562,66.4911724487218,6.48256954077822,0.0,1.7528362030747902,20.0
2024-03-09 01:00:00,0.0,24.788332011509546,74.43535028808404,79.54499607897291,1.7238636210516622,0.0,1.936487349307707,20.0
2024-03-09 02:00:00,0.0,22.207996425904756,79.6171130859714,92.71778194794527,8.72394563354815,0.0,1.8415481169231764,20.0
2024-03-09 03:00:00,0.0,21.768352372906783,85.49528327414944,23.464208185545353,6.131162390692415,0.0,2.311016110262656,20.0
2024-03-09 04:00:00,0.0,23.245397063486028,80.99627330349952,39.931591580930814,1.5720388355695425,0.0,1.8660133918401511,20.0
2024-03-09 05:00:00,0.0,24.447583114152142,75.81205355997427,15.241601333041743,9.623380574812067,0.0,1.7764105410936746,20.0
2024-03-09 06:00:00,0.0,23.96297399887207,92.99520501103036,99.24835021583752,5.183654633353206,0.0,1.6410496902498402,20.0
2024-03-09 07:00:00,0.34833537386127994,26.544040009129667,74.82032288203337,92.70009679242953,0.72898451871655,69.66707477225599,2.106833343869021,20.0
2024-03-09 08:00:00,1.814987263631516,29.52621595879628,74.78511349149393,53.99571302805596,6.268329044150672,362.9974527263032,3.4259176311190522,20.0
2024-03-09 09:00:00,1.4584401244393217,28.2474761174191,75.04952923150829,84.20332943764213,2.5319890701281023,291.68802488786434,3.149284141243678,20.0
2024-03-09 10:00:00,0.0,30.279210850207946,67.41406146681366,52.09579772720422,8.036934518773025,549.5648986921502,1.7580438940367156,29.402915694528335
2024-03-09 11:00:00,2.55864037949644,29.75733117836689,71.30369645441482,62.35856880027597,8.178220735661906,511.728075899288,1.7990802116554114,36.618737289018114
2024-03-09 12:00:00,4.727172525509195,31.267886701578906,66.78486135502321,8.912443211601662,9.789473558546618,945.4345051018389,2.401585626209863,58.711812832361765
2024-03-09 13:00:00,2.337561500143409,34.183080692921465,65.16275804017722,75.52704204968079,5.018695310245037,467.51230002868175,2.3918682043813257,58.140163314067905
2024-03-09 14:00:00,3.9847532257276215,33.70059539727713,63.21609698629146,12.771348363523483,4.549568797277371,796.9506451455243,1.545477951306037,81.31327842107297
2024-03-09 15:00:00,1.895604838535625,31.395048270540997,75.17752345196541,82.60676302525283,7.534756054464806,379.120967707125,2.2735191902421032,77.33523261363635
2024-03-09 16:00:00,1.6282652735034628,32.14551602448514,59.92040333132337,78.20280876703859,1.3247065634192656,325.65305470069256,1.657946372421768,77.02279999344366
2024-03-09 17:00:00,1.2416901847478585,30.517584459797586,68.02017322206385,70.87446977429764,5.469155137931242,248.3380369495717,1.791402266288245,71.23635702986066
2024-03-09 18:00:00,1.1650299946802962,30.361498978060048,75.1279637142327,3.6160380524762115,5.462476001308509,233.00599893605926,3.2536300061403693,49.25109375133356
2024-03-09 19:00:00,0.05723505379113562,28.85087653308491,72.50606089699795,30.31283559453286,0.8947312281038722,11.447010758227124,3.7695978528329355,20.0
2024-03-09 20:00:00,0.0,27.219595394071373,76.14839730764773,26.311256991084285,4.179840855069136,0.0,5.399673912806451,20.0
2024-03-09 21:00:00,0.0,25.420783275922773,73.32251217891614,36.01364074715191,8.532847985672019,0.0,3.1052628336489,20.0
2024-03-09 22:00:00,0.0,25.98574714745546,88.56320661640501,8.764274676383854,8.561536219946603,0.0,4.378039113982024,20.0
2024-03-09 23:00:00,0.0,22.475497026321424,85.20112434756955,93.69578230310628,0.99237664919681,0.0,1.6804830080681326,20.0
2024-03-10 00:00:00,0.0,22.897724017365864,87.4713938842477,55.38022407123763,0.9072088274783086,0.0,2.1876051009937934,20.0
2024-03-10 01:00:00,0.0,23.341472270487337,72.41432134656787,30.552431065802356,2.6269547700193527,0.0,2.43386703985132,20.0
2024-03-10 02:00:00,0.0,23.00031861146507,81.2129562289971,39.698151707428345,8.747660625539934,0.0,2.3544229603276183,20.0
2024-03-10 03:00:00,0.0,21.57565846401184,89.99245464461556,44.72025405048357,1.2890258507349894,0.0,1.8976811351450342,20.0
2024-03-10 04:00:00,0.0,24.373091235934552,82.8756473993499,60.05943333606173,7.199968026274463,0.0,1.5410663737466117,20.0
2024-03-10 05:00:00,0.0,24.254254152170766,78.91737221385483,51.567942769649775,1.0116561961310322,0.0,1.732779684437479,20.0
2024-03-10 06:00:00,0.0,24.64089572594986,77.09554720292904,91.93919732144174,6.231378537478253,0.0,2.433954131795238,20.0
2024-03-10 07:00:00,0.6730501475612474,26.43935747020665,75.33896799057148,49.696348290583025,3.5606729911914483,134.61002951224947,2.4925314479615714,20.0
2024-03-10 08:00:00,0.6307658567669481,27.771215656080617,75.29602636213657,99.21580148233127,7.88913962965867,126.15317135338961,2.5256460524247775,20.0
2024-03-10 09:00:00,1.4130223966530084,30.452762248853904,75.3472617348442,85.14249577450957,2.3369044882536363,282.6044793306017,3.5573043021498187,20.0
2024-03-10 10:00:00,3.5163332571726036,30.065265031875807,62.3934819997326,20.85105143573358,6.392018293899598,703.2666514345207,1.8293873219865964,36.025986384267064
2024-03-10 11:00:00,1.6014163534189607,31.527825254450494,64.97045820733061,93.05952146439162,2.3568253457588497,320.2832706837921,1.8268787897653196,33.65269758062118
2024-03-10 12:00:00,4.28353743163811,31.912861653599798,65.7572230190676,11.636639788547608,7.136602831121538,856.7074863276221,1.7522183932683721,57.70022844513368
2024-03-10 13:00:00,2.377890394146673,32.39480851857923,64.34812915270008,81.74497084911916,8.736780345607487,475.5780788293346,1.7737979914019122,63.439106271208914
2024-03-10 14:00:00,3.5091791981646105,31.92984153649314,67.47599840932237,38.06232934765801,1.2680179912676004,701.8358396329221,1.737523041848069,80.26983975621607
2024-03-10 15:00:00,2.0916993971615914,31.170854506359312,67.17783489143771,87.79743204450695,8.665956885955035,418.3398794323183,2.271989070254691,78.37205372365713
2024-03-10 16:00:00,1.387938904683657,31.083733520383028,62.12260260577054,86.80566901074504,5.9357525441429795,277.5877809367314,2.25987870403879,69.19374004623468
2024-03-10 17:00:00,0.7111077487354095,31.14423401603436,82.34231866052275,80.59254001176211,1.2711049086702397,142.2215497470819,1.5595441380024964,60.2628306855285
2024-03-10 18:00:00,0.13319433224553998,31.91984448737305,67.5128784025859,79.00304363070614,4.27541855359712,26.638866449107994,5.002644817003011,28.683883317107444
2024-03-10 19:00:00,0.0,29.799484237244744,73.82431923052576,30.46791390980408,1.608602934850979,0.0,4.462696089836774,20.0
2024-03-10 20:00:00,0.0,29.467375988327678,67.08218517520476,8.091928305125219,7.003478888665695,0.0,5.651628335957645,20.0
2024-03-10 21:00:00,0.0,28.611693008850065,73.32324889711211,40.29801787651615,7.588681344179497,0.0,5.5668736985276315,20.0
2024-03-10 22:00:00,0.0,26.75215903696611,75.88083719289594,17.35245149865087,1.0579652027279896,0.0,3.5328594583656066,20.0
2024-03-10 23:00:00,0.0,24.91344223848894,75.31427523432265,69.49510889024617,5.061398526946443,0.0,2.3701430055517374,20.0
2024-03-11 00:00:00,0.0,23.96115664676806,86.0538579527498,34.609972653778556,8.146250560259173,0.0,2.0254892302093177,20.0
2024-03-11 01:00:00,0.0,24.307020574930206,77.18951116659719,97.56102008599149,9.361630415509964,0.0,2.031981799905001,20.0
2024-03-11 02:00:00,0.0,21.471412017736334,94.84310912641112,64.0972077345332,5.1351786674177005,0.0,2.4648231254722477,20.0
2024-03-11 03:00:00,0.0,23.85307651630156,82.85277012404617,82.24805636343609,9.50279223611407,0.0,1.5075914161739141,20.0
2024-03-11 04:00:00,0.0,25.345791768687185,82.11222280265349,13.252467274184843,5.356889704560298,0.0,2.245080171162218,20.0
2024-03-11 05:00:00,0.0,24.31507188046484,73.77493332129325,86.20144822726226,3.9419049459990796,0.0,1.5611376300122237,20.0
2024-03-11 06:00:00,0.0,23.164069302944903,85.81705923194794,92.27571905133944,8.482031285528954,0.0,1.8914360202228555,20.0
2024-03-11 07:00:00,0.795320290889351,26.369701037820633,78.72046392469267,48.70619188189359,4.929827104580891,159.06405817787018,3.5840384158802703,20.0
2024-03-11 08:00:00,1.3010654929520888,29.929269996621283,69.62762269931943,60.625293775097745,4.719025105645231,260.21309859041776,3.6180370845333947,20.0
2024-03-11 09:00:00,1.5530424192021262,28.32869901537968,82.83952077408037,76.48098009029954,4.9031248940982834,310.6084838404252,3.491502659968554,20.0
2024-03-11 10:00:00,3.2487657449130065,31.04639895166727,66.1144894588524,17.483862726041256,8.467850018697455,649.7531489826013,2.3654158817884436,28.39182369968335
2024-03-11 11:00:00,2.9055623565412896,31.334495134066103,74.93608443857978,50.25660764634424,8.31941541688052,581.1124713082579,2.048033072221593,36.538351900720464
2024-03-11 12:00:00,3.1296149322799933,33.52761555896036,60.662290834558796,39.86630277723131,4.035199924402112,625.9229864559986,1.609597870335127,50.97851398919669
2024-03-11 13:00:00,4.6884112259545665,34.215204365386825,59.7693824000641,14.63739921622491,3.33299859870525,937.6822451909134,2.1393387635014056,75.19470238250172
2024-03-11 14:00:00,3.5124752968984496,34.5092400198275,62.89210581330759,36.753442229153144,4.919280240391293,702.4950593796899,2.124739459906458,88.37819283392564
2024-03-11 15:00:00,4.037953123846454,34.44441238569267,64.27346865935554,6.817230938549357,5.72772509737109,807.5906247692908,2.261813096875864,95.0
2024-03-11 16:00:00,3.030126391328213,31.930069585039664,65.86435358125907,2.5811906949486985,2.3833721062799693,606.0252782656426,1.621442615728375,95.0
2024-03-11 17:00:00,2.087277784862655,31.20249413019382,66.92094411114037,13.516628915482276,7.939550847155906,417.45555697253104,2.188512188409563,93.93437469950624
2024-03-11 18:00:00,0.36152975840724433,31.002234720351975,59.88392749282721,96.31151115891738,4.864827657324229,72.30595168144886,3.7947215804934604,62.35542733108519
2024-03-11 19:00:00,0.0,29.4256468656901,71.64071460269415,54.952953589501696,3.340455484199596,0.0,3.7436267169718525,30.776479962664133
2024-03-11 20:00:00,0.0,28.64760598256707,75.1724745058847,96.582216115322,1.0682099296399061,0.0,4.715948056032038,20.0
2024-03-11 21:00:00,0.0,27.05366542271429,80.32677771670834,43.2497878330132,2.388451604036069,0.0,5.838521114389036,20.0
2024-03-11 22:00:00,0.0,26.187550719592494,69.7387503801544,31.181613308525957,9.492811717559837,0.0,5.070394043810676,20.0
2024-03-11 23:00:00,0.0,25.40149282547611,77.87599119738194,50.61418628402441,3.050996868195266,0.0,2.4798031631041546,20.0
2024-03-12 00:00:00,0.0,21.2094371589816,86.88023603291008,43.95116886329101,1.6885928936703531,0.0,1.9719379285564587,20.0
2024-03-12 01:00:00,0.0,23.566837840183506,87.67315675988262,10.566468426174392,4.606727916549932,0.0,1.544772372518095,20.0
2024-03-12 02:00:00,0.0,22.646879819997555,84.8604878237896,64.08263146902063,3.0708774336024867,0.0,2.2785353710034055,20.0
2024-03-12 03:00:00,0.0,22.839674723111887,74.17928535088228,21.60381825095996,0.35159250271194153,0.0,2.2986781059076318,20.0
2024-03-12 04:00:00,0.0,22.283383560386564,82.81401702765989,61.95879548978296,3.2314521727941727,0.0,1.8379014257750632,20.0
2024-03-12 05:00:00,0.0,23.183488659628736,78.6124605569503,65.02010923981534,5.441086239394686,0.0,1.734062492572075,20.0
2024-03-12 06:00:00,0.0,26.01067613785881,82.67319188448018,15.20248531286481,5.5171237201996695,0.0,2.006711763932798,20.0
2024-03-12 07:00:00,1.16320992579166,25.3726877205364,84.23274627020605,6.134962711066816,3.565589211768887,232.64198515833198,2.7611322658944326,20.0
2024-03-12 08:00:00,1.0935311565561265,27.875543370285577,78.58469770492978,78.07615860684398,4.473027562526006,218.7062313112253,3.8151514079265327,20.0
2024-03-12 09:00:00,2.0261064472022183,29.385367123680176,58.05007090507362,45.98004237693202,9.655179182347664,405.2212894404436,3.281783329674414,20.0
2024-03-12 10:00:00,3.7070138476101495,29.139976423689404,70.65574773883935,5.816379550547579,3.7734847723031164,741.4027695220299,2.285294666722673,33.50633221843103
2024-03-12 11:00:00,1.7593234505774544,31.483821115372468,62.01953351926729,99.48663171697672,2.58226813259983,351.8646901154909,2.3874074739689632,26.894921445888826
2024-03-12 12:00:00,4.323340049724652,32.37971884658378,67.2799575613199,5.778056099636664,2.434670440667601,864.6680099449304,2.0845060359833143,48.16384457643153
2024-03-12 13:00:00,2.4115519099629465,33.4002138315652,54.21289744720325,69.50352288585532,4.5776461270413416,482.31038199258927,1.5671851965239014,56.18532835410246
2024-03-12 14:00:00,2.0244594012327006,32.230292900762144,62.38956403919726,98.36789252634136,7.59520148716944,404.8918802465401,2.1085717243060165,55.299935479646514
2024-03-12 15:00:00,2.960588663584226,33.76999882006864,55.90323290026328,23.918010421592562,2.059881841884732,592.1177327168451,2.33423842964064,61.25026270211057
2024-03-12 16:00:00,3.4786075390764593,32.63682396095203,64.65163168099058,14.224936868719617,7.092961271407681,695.7215078152918,1.5503629989933958,79.56858583289967
2024-03-12 17:00:00,2.229206782199593,30.73924371694065,73.24389822711122,12.138493942242889,0.21149823349416286,445.8413564399186,2.4424578385332962,77.32383787149229
2024-03-12 18:00:00,0.6471619497550236,29.066959595382144,82.82427208451065,30.327514756759555,4.18932977983946,129.43238995100472,5.568448717787824,45.744890503071225
2024-03-12 19:00:00,0.21745642034900176,29.51422441300038,70.43701872354553,10.10458110106467,7.758650652027868,43.49128406980035,3.8412895847207307,20.0
2024-03-12 20:00:00,0.0,28.421968821433456,69.03239245962128,69.2161341694132,3.387329557744314,0.0,3.9366955188622055,20.0
2024-03-12 21:00:00,0.0,26.971990195554437,79.24211006566772,6.229179813006269,5.637371014453994,0.0,4.937055975522722,20.0
2024-03-12 22:00:00,0.0,24.91325523926999,80.55715381842481,50.94221281497897,2.049792328259108,0.0,5.795767307056761,20.0
2024-03-12 23:00:00,0.0,26.281411919273133,79.05238428039063,99.66968538529768,7.419953911261723,0.0,1.556209557866222,20.0
2024-03-13 00:00:00,0.0,24.96781317461294,83.29478985683339,81.39702695060188,0.5227910326875962,0.0,2.2785142948525574,20.0
2024-03-13 01:00:00,0.0,22.440979534184486,88.71695568996749,61.52194382310109,8.525426448755004,0.0,2.475398477605226,20.0
2024-03-13 02:00:00,0.0,22.846191222118964,85.90175277365974,30.625362078661166,1.9819638642166815,0.0,2.189284081750965,20.0
2024-03-13 03:00:00,0.0,23.360284839474772,82.9507855992883,62.389583629163845,8.743980317083308,0.0,1.6015038583035355,20.0
2024-03-13 04:00:00,0.0,20.88691254873459,87.7904329408537,52.70414639116516,3.5252924130051735,0.0,1.826023452277985,20.0
2024-03-13 05:00:00,0.0,23.56900778034786,84.62809977703856,42.60833838903715,7.226835744744866,0.0,2.216662418133697,20.0
2024-03-13 06:00:00,0.04951423147128755,25.13119673481113,84.46731133357494,13.071037674019948,3.1922529778618847,9.90284629425751,1.5457266147622728,20.0
2024-03-13 07:00:00,0.531614127772512,24.671548906603036,78.98136446015378,88.66042152404667,9.059116712346476,106.32282555450242,2.0762632281829454,20.0
2024-03-13 08:00:00,1.704262819188161,27.023574460268403,80.82952975390698,44.97846488213225,1.2663712551837436,340.8525638376322,2.2176147804601314,20.0
2024-03-13 09:00:00,3.049749090708403,31.042230798036886,67.50538522238044,19.462251182076507,1.785197892725987,609.9498181416806,3.468894555597376,20.0
2024-03-13 10:00:00,2.814942152803658,33.00323780506949,64.11592273912058,36.77593508772896,4.930301251588023,562.9884305607316,2.0425702034080677,27.337533519258105
2024-03-13 11:00:00,3.0385632886034806,30.90189404002216,57.856415483191896,41.4129752528927,0.8193843903814613,607.7126577206961,2.172567195094623,35.56449640759225
2024-03-13 12:00:00,1.8481913634189158,32.10224273054028,66.27355225948232,82.75378955668742,1.9598018470176193,369.63827268378316,1.5968921611641682,37.95183882901235
2024-03-13 13:00:00,2.842100613117793,31.074527100174183,65.48013737216003,73.3614380561402,9.437663822120143,568.4201226235585,2.2867967090645758,43.22722591751791
2024-03-13 14:00:00,2.296022946093163,33.17044299872136,67.29346662128195,76.93048936413398,9.764896611478871,459.2045892186326,2.4558117431743742,41.54523857982095
2024-03-13 15:00:00,4.276790099165754,32.2152056069975,74.35494549366084,1.1031264428647214,3.7625932933042194,855.3580198331508,1.837474695036673,64.71873491904722
2024-03-13 16:00:00,2.3981667865042735,33.761715924136304,58.862666874504924,41.615399817976154,9.232860210139357,479.6333573008547,2.2898479084853474,65.74776426022703
2024-03-13 17:00:00,1.4025159445924706,32.17781216260377,63.22017605394813,48.13441516353236,5.448246756734317,280.5031889184941,2.03203468683339,59.121251184006816
2024-03-13 18:00:00,1.4153034906834487,30.95916131597856,62.5809652866877,1.9192276823056686,2.6974246587376705,283.0606981366897,5.424331039843031,27.54230381558577
2024-03-13 19:00:00,0.0,28.622884150378717,66.14509614050361,25.98132087450342,7.023987210805986,0.0,4.940324883245798,20.0
2024-03-13 20:00:00,0.0,26.985083429200916,73.03331919847955,76.0289823122135,6.589018065748572,0.0,5.4391536214299245,20.0
2024-03-13 21:00:00,0.0,26.229921250162175,80.93979668235224,13.710970572899905,9.891253191087333,0.0,3.9769343308496783,20.0
2024-03-13 22:00:00,0.0,26.229921250162175,77.52753286087753,53.531013145259166,2.650472874092833,0.0,4.507948003866847,20.0
2024-03-13 23:00:00,0.0,23.495691355658256,91.95711223666541,21.52018720172375,6.720595026617354,0.0,2.131014193504531,20.0
2024-03-14 00:00:00,0.0,22.0966600415161,80.20625425434012,1.2120774643893273,0.5202375502944689,0.0,2.13448007317348,20.0
2024-03-14 01:00:00,0.0,21.53816753158365,90.52298578106881,24.12014575995415,1.136460386967194,0.0,1.6493484503194735,20.0
2024-03-14 02:00:00,0.0,21.8310190897875,77.27976258483307,97.58737549100537,0.03918374951093262,0.0,2.128684333424605,20.0
2024-03-14 03:00:00,0.0,22.443432270982633,82.07114389254573,80.15371118829896,9.994606810596732,0.0,2.0022944086937837,20.0
2024-03-14 04:00:00,0.0,25.30982966290647,76.8635569839397,95.95766443210334,8.022736971474778,0.0,1.742415912544864,20.0
2024-03-14 05:00:00,0.0,25.405728817027022,80.3471473670169,48.785404392636245,7.867230147335408,0.0,2.4106777399183046,20.0
2024-03-14 06:00:00,0.0817688045133269,25.309474810379964,80.83792266043298,10.973619867750351,5.097260752881797,16.35376090266538,1.6869353450416764,20.0
2024-03-14 07:00:00,0.9214151706377596,26.860553317724023,82.89502810342651,54.79594889736929,3.0006708290543993,184.2830341275519,3.855228470296113,20.0
2024-03-14 08:00:00,1.2662537999652514,28.23167268419506,73.89838071820579,45.43773345599609,1.5126428446267592,253.25075999305028,3.086025020028691,20.0
2024-03-14 09:00:00,1.5645052502556727,27.976295473403628,78.57810364364964,84.4357082739616,2.8467473884646366,312.9010500511345,3.493949209373541,20.0
2024-03-14 10:00:00,3.5757203712347096,30.80678996246145,57.72082398648654,9.808258078424458,3.759712219291391,715.144074246942,1.5800413240914406,38.958950947861055
2024-03-14 11:00:00,3.2229669758900132,31.70594932352585,66.68493799038487,48.82411370217782,7.5631009698029406,644.5933951780027,2.483016430706148,45.988481127107775
2024-03-14 12:00:00,4.687705873561682,32.45089748447355,61.90287836689282,15.004866469398426,5.396617889031524,937.5411747123364,1.8612227352342863,72.84007094121804
2024-03-14 13:00:00,3.7276964768504808,32.39885752276496,68.41987334271978,32.467592689006,0.7748362655548269,745.5392953700962,1.8746530916532609,90.44398310059162
2024-03-14 14:00:00,1.949872403178181,32.957732001565205,63.15379490204135,73.73570773877996,0.1802900895891224,389.97448063563616,1.9319875924251573,90.61388880274534
2024-03-14 15:00:00,2.5878987348938893,33.61511172127492,63.3893177856305,47.601812936876655,1.0233217953406315,517.5797469787778,2.256294923860394,93.76412500756354
2024-03-14 16:00:00,2.4271255427081364,30.701872971207017,59.748702875823604,37.58882851457693,4.104987136973794,485.4251085416273,2.02925554095075,95.0
2024-03-14 17:00:00,2.288831270157958,30.322793291057934,72.57475613285892,39.44762785700353,9.331929170490183,457.76625403159153,2.016233097935829,95.0
2024-03-14 18:00:00,0.8360978271533904,30.221415276243285,71.32236568958844,45.94467684059866,6.374024812092216,167.21956543067807,4.03547239240794,63.421052631578945
2024-03-14 19:00:00,0.0,29.034408362071538,76.61791316633543,78.50165438370568,8.018258998755151,0.0,3.517757382147816,31.842105263157894
2024-03-14 20:00:00,0.0,27.480325521796363,62.14788470570463,89.20846889402344,4.663745945045486,0.0,4.377712174092273,20.0
2024-03-14 21:00:00,0.0,26.811344000668768,79.27890788496022,95.53346865039283,3.616660831950428,0.0,5.387183144909515,20.0
2024-03-14 22:00:00,0.0,24.021326403689702,70.8089639889707,78.6903386255295,1.0840037271662273,0.0,5.637979497047471,20.0
2024-03-14 23:00:00,0.0,24.211863406446106,83.48997128065005,31.540689574801274,8.759330221862049,0.0,1.6992418785846182,20.0
2024-03-15 00:00:00,0.0,24.613032182077973,80.72958097439619,68.81347060865421,7.831600290279028,0.0,1.8223550934061763,20.0
2024-03-15 01:00:00,0.0,24.485111133375973,85.8305972172761,43.760312405539196,1.6811809759772511,0.0,2.278674664894156,20.0
2024-03-15 02:00:00,0.0,20.981765888568802,94.64955742916626,25.467062204605117,5.1226056387626056,0.0,2.467015988798973,20.0
2024-03-15 03:00:00,0.0,24.64908243658813,84.30312842098762,84.08715794259226,4.873748079212449,0.0,1.8449828456958783,20.0
2024-03-15 04:00:00,0.0,22.48402065183894,89.19241878819184,3.8426348962324997,6.2509155268652865,0.0,1.7450969175286362,20.0
2024-03-15 05:00:00,0.0,24.64624271886202,89.82926222808744,90.17619921354235,9.461868939912613,0.0,2.1832766104223897,20.0
2024-03-15 06:00:00,0.5294325007521412,26.153892610271026,70.05661080277916,46.147746462473414,5.797714417624796,105.88650015042825,1.7908797322442194,20.0
2024-03-15 07:00:00,0.8178565371871244,25.48134783426231,83.43918144674826,63.72014768082804,5.402172667786186,163.57130743742488,2.5198329477154475,20.0
2024-03-15 08:00:00,1.523774240688691,29.027552713675156,65.58847332707917,65.93539222057827,0.5032293293466394,304.7548481377382,3.365397009551674,20.0
2024-03-15 09:00:00,0.8466155342567981,30.3390757206458,61.64144018087888,89.51177407065364,0.6290747601802393,169.32310685135963,2.509635247288763,20.0
2024-03-15 10:00:00,2.346983033742729,30.97900262409199,63.77416332830299,63.66696821672073,1.8734679132678889,469.39660674854576,2.40666881461519,20.0
2024-03-15 11:00:00,2.5924498533935894,31.776609984736034,72.02303249693684,61.39335847600618,0.3247077169174828,518.4899706787179,1.6580613002916493,28.87669125446843
2024-03-15 12:00:00,4.928467440699132,33.476598896410096,67.000233257309,6.665204056068996,7.433528955700124,985.6934881398263,1.5432199372549573,57.376691254468426
2024-03-15 13:00:00,3.2473381071224003,31.680449529228564,64.9767346789849,51.84080219452041,7.233303039939631,649.4676214244801,2.1973580668337704,67.3515016372104
2024-03-15 14:00:00,3.95757082457297,31.718585020221973,66.20429822813121,15.016900081704165,1.3605623443164294,791.514164914594,1.8424725562358288,87.44493518641325
2024-03-15 15:00:00,2.1243543458899645,33.62024685028532,54.24159549806457,73.74337687214856,8.360789007952809,424.87086917799286,1.8779881162099616,89.78541436837327
2024-03-15 16:00:00,2.0662104005746054,31.8674977423293,68.54088286468553,51.22219208126745,1.5478603484611198,413.24208011492107,1.9243767670138783,91.13283388720015
2024-03-15 17:00:00,1.398886857216702,30.945774665265603,57.24169526999035,68.02277792083532,3.0117558699735882,279.77737144334037,2.289911700222805,81.7536250134517
2024-03-15 18:00:00,1.5473949252059966,30.42189098988721,66.51940133162503,4.167290060238427,2.48976899161365,309.47898504119934,5.898828755692188,50.17467764503064
2024-03-15 19:00:00,0.001729862122145555,28.063116728707346,75.49727846033893,8.479201604580322,3.7230709857304776,0.34597242442911097,3.9067481847395924,20.0
2024-03-15 20:00:00,0.0,26.388997232114832,72.62251468353956,71.63233880626822,2.546637658899619,0.0,3.291162392950133,20.0
2024-03-15 21:00:00,0.0,24.815562972220345,76.4371935361729,7.208433599867337,4.889509264384521,0.0,3.3678576613723155,20.0
2024-03-15 22:00:00,0.0,26.149581331646175,75.98724845231693,7.12567277652586,4.074078813546854,0.0,3.9061465964680204,20.0
2024-03-15 23:00:00,0.0,25.255952021352496,87.04486169718268,1.210847523488745,9.865694907793266,0.0,1.9271811624083717,20.0
2024-03-16 00:00:00,0.0,23.011914853412293,77.42161025781462,95.65013982994802,0.5592635012822567,0.0,2.092107213471043,20.0
2024-03-16 01:00:00,0.0,21.994141616217174,82.93303843270786,73.75083594590069,1.4218137638735162,0.0,1.616462748891632,20.0
2024-03-16 02:00:00,0.0,22.84079828841336,89.38311784652218,35.32514085020642,0.5282589390860248,0.0,2.12520832174293,20.0
2024-03-16 03:00:00,0.0,24.25419151038592,81.3521325108781,29.65355812876552,6.258411949823758,0.0,2.046934852448211,20.0
2024-03-16 04:00:00,0.0,24.475112838982216,80.86753772074539,34.97032297458495,0.5450927741371958,0.0,2.2196895960453547,20.0
2024-03-16 05:00:00,0.0,24.475112838982216,82.28683362631263,77.46535311811819,8.364397373761234,0.0,2.0451908290902967,20.0
2024-03-16 06:00:00,0.46568992159507056,27.56994773906968,79.13195112360776,66.13706110704143,5.119386306819278,93.13798431901411,1.6084812575664156,20.0
2024-03-16 07:00:00,1.3006092236884257,26.07653056328094,70.58934828129625,18.519556786746794,5.270076245815337,260.12184473768514,2.3219109749134583,20.0
2024-03-16 08:00:00,1.7051391029588074,29.73790476183525,65.6486961973948,17.410933533408436,5.615945077121943,341.0278205917615,3.2265727876662593,20.0
2024-03-16 09:00:00,3.0121150242892196,30.822076799152114,76.22356100194436,9.839564971339732,1.7081370630621073,602.4230048578439,3.092288940926754,20.0
2024-03-16 10:00:00,1.9884691358385649,30.738566126142075,79.35766408395068,66.03027197013381,1.9769030311448754,397.693827167713,1.6597855621135704,23.122493950387447
2024-03-16 11:00:00,2.082962729341001,31.515853151604468,61.627974458976865,76.43726622217359,3.188173228730047,416.59254586820026,2.4636871659566513,20.0
2024-03-16 12:00:00,4.17370312041649,32.17704328591253,67.73255993647713,26.5046428325004,5.934964158218515,834.7406240832979,2.3155869805157687,37.65210332905685
2024-03-16 13:00:00,5.099061623606135,35.0000813103899,63.90721047352648,2.094496103091281,2.1011777594021455,1019.8123247212269,2.009722705566481,66.15210332905684
2024-03-16 14:00:00,4.158005006337663,35.39844928558807,61.858527083703606,8.217166747642734,1.1633172713326123,831.6010012675326,2.3958669391578677,82.8924149672649
2024-03-16 15:00:00,1.3990757840425514,32.28082410866818,63.11491717004294,96.78600348450304,9.701168864184321,279.81515680851027,2.4817673511979654,71.49566162878685
2024-03-16 16:00:00,2.6316530785533057,33.02855215330656,66.24388409953708,29.544477747742025,0.21981814809622913,526.3306157106612,2.198598286727039,75.60968215113638
2024-03-16 17:00:00,1.2013149102451472,30.89933546473061,78.20209163300332,76.92231478381336,8.026974053360217,240.26298204902946,2.3178740635904727,63.85642790539612
2024-03-16 18:00:00,0.5462908156388772,31.529566923822752,65.08554600785023,62.46635688542638,7.8803514957502205,109.25816312777542,3.130036859781977,36.65910112494243
2024-03-16 19:00:00,0.0,28.546310121146625,66.2255232413224,38.19396396528959,2.9721411384509597,0.0,5.415811791621753,20.0
2024-03-16 20:00:00,0.0,27.197278283775084,85.31832932660299,20.56872621955551,1.356266160073134,0.0,4.956341935871245,20.0
2024-03-16 21:00:00,0.0,28.169648899478243,80.23293670092849,12.138641815940643,1.4562864670542341,0.0,5.322403976122281,20.0
2024-03-16 22:00:00,0.0,27.058384011880783,72.48712229014794,61.50129680388666,6.974316172371925,0.0,5.0519409976805685,20.0
2024-03-16 23:00:00,0.0,26.631826472810467,82.23965629212906,77.4633780637788,6.428065910861736,0.0,2.4986478849342206,20.0
2024-03-17 00:00:00,0.0,23.78070935977003,75.30626172334122,64.39042535411306,7.827456742513867,0.0,1.8461853077136388,20.0
2024-03-17 01:00:00,0.0,21.603569367485175,87.55011161641538,53.030213324915835,9.374811723991046,0.0,1.547612378427488,20.0
2024-03-17 02:00:00,0.0,21.148413165709414,91.79591725078116,4.195122343163627,6.91927363266592,0.0,1.6819414017484338,20.0
2024-03-17 03:00:00,0.0,22.83321031712657,83.6750551360738,96.84887775943838,1.5585153655144346,0.0,2.4504422340901035,20.0
2024-03-17 04:00:00,0.0,24.940718602153357,81.75669388233537,79.87141916545745,2.434426167654107,0.0,1.9231181975477303,20.0
2024-03-17 05:00:00,0.0,24.42622758638917,85.76999892008851,29.282203670096475,8.421937308731145,0.0,2.0739453222006694,20.0
2024-03-17 06:00:00,0.0,27.24449554935989,75.20417870078066,97.99703293588506,2.0930607583420855,0.0,1.6455395313226462,20.0
2024-03-17 07:00:00,1.3106893795678736,27.188753520235505,74.36180469628192,60.18815896363221,0.7252231695448141,262.1378759135747,2.191951393392226,20.0
2024-03-17 08:00:00,1.6395676551769702,28.34974781524798,60.94718795510704,58.24226582072465,7.032800540422505,327.91353103539404,3.2968478635431575,20.0
2024-03-17 09:00:00,1.4595548832732896,28.799597251697627,76.34123270044543,74.8073179429532,4.025263554901421,291.91097665465793,2.9865871611253847,20.0
2024-03-17 10:00:00,1.7384798087599083,30.937952262979756,68.11652295930026,81.17697880901376,9.200400525459036,347.69596175198166,1.6405791286630822,20.930056460919847
2024-03-17 11:00:00,2.4590148323197885,32.01824666648888,65.66830750906881,65.64786073315027,6.502550710936616,491.80296646395766,2.441019822697234,21.10100905233411
2024-03-17 12:00:00,4.490008974024544,32.363694666991194,70.71950984679066,12.809574636620003,0.9041897779166075,898.0017948049087,1.7155011558337656,47.45883332514651
2024-03-17 13:00:00,3.952132177526586,32.84466305698714,58.12246025538558,33.82675059944984,9.478565672536607,790.4264355053172,1.6577203170832497,69.25574599935821
2024-03-17 14:00:00,1.411320207914773,33.79213739914547,63.67679021852338,92.80836403260497,2.5855726364024587,282.26404158295463,2.0873835952686473,62.13928929037007
2024-03-17 15:00:00,3.8204029072718844,34.13618319917985,64.96802365770785,22.461561184385193,3.372124904062858,764.0805814543769,1.9232591427658292,80.16215505317759
2024-03-17 16:00:00,2.431431349652725,30.785527292016567,74.1901986753306,37.21670238375133,4.022604136835421,486.28626993054496,2.430480819579867,80.17118508886973
2024-03-17 17:00:00,1.6751234647349296,31.168931336093994,64.08516947161615,43.2076882944196,0.5122429640431325,335.0246929469859,2.384993613395026,72.69886773455293
2024-03-17 18:00:00,0.9909317982160265,29.59559949766913,66.72986237881888,43.940498969445215,4.965154222306048,198.1863596432053,4.63406428030193,41.11992036613188
2024-03-17 19:00:00,0.0,27.586752271863006,83.9378515898902,61.29395824945255,1.2331849107529225,0.0,3.949613194004877,20.0
2024-03-17 20:00:00,0.0,27.41404923128619,77.71712726141335,94.30758377447076,4.009703266883518,0.0,5.347862367231028,20.0
2024-03-17 21:00:00,0.0,27.962408892427508,79.69250580476421,24.069271183250496,3.5070978799208428,0.0,4.4446601913817805,20.0
2024-03-17 22:00:00,0.0,24.91066343541482,81.34977519716816,12.150137630091805,7.728400834265034,0.0,5.554653351148102,20.0
2024-03-17 23:00:00,0.0,26.043499795159267,80.44532571932191,19.747048985993732,8.031705116327311,0.0,1.5762515643462534,20.0
2024-03-18 00:00:00,0.0,23.237751937948385,95.0,88.69249002092695,1.5341288238908801,0.0,2.2413949722797497,20.0
2024-03-18 01:00:00,0.0,23.089309006670085,73.49287149750923,64.5810812655206,3.665511873792262,0.0,2.4161510268144015,20.0
2024-03-18 02:00:00,0.0,22.134790946147753,81.88914150574564,28.590678923916013,3.733531610318317,0.0,1.7976645059293141,20.0
2024-03-18 03:00:00,0.0,21.31913229240293,84.43848243867805,81.59469389686173,1.5141044393608505,0.0,1.874212795739058,20.0
2024-03-18 04:00:00,0.0,25.015747984255526,83.06081599343004,86.1369996363436,7.984535050511905,0.0,2.235558198267917,20.0
2024-03-18 05:00:00,0.0,26.917327715209662,81.35712049409354,84.6514338690278,7.072283283354233,0.0,1.552586860214377,20.0
2024-03-18 06:00:00,0.7741472240356373,26.247058827824123,70.89983618507111,91.89265336395545,1.9038178629703473,154.82944480712746,2.3330496310689908,20.0
2024-03-18 07:00:00,1.7061028499604534,26.734470537264983,82.99048843479292,25.224102017336158,3.6672190859379903,341.22056999209065,3.8101680755219074,20.0
2024-03-18 08:00:00,0.9564002352207944,28.13012943809804,66.21899846906403,75.50419287462783,1.0580502485651422,191.2800470441589,3.6162375099706425,20.0
2024-03-18 09:00:00,2.3586516741126493,29.811305441671564,64.24665229405763,46.053949727414,6.282065970930439,471.7303348225298,2.946708358665602,20.0
2024-03-18 10:00:00,1.9141511882121944,31.556730430775676,74.06698586935873,84.19985528900615,1.2137192454861967,382.8302376424389,2.0192634144878445,20.0
2024-03-18 11:00:00,2.2934966999968665,31.371900235075245,63.61137041990576,72.84906771616131,9.859341686249177,458.6993399993733,2.4221203897976373,20.0
2024-03-18 12:00:00,2.1192211616635546,32.44527933336267,58.55075787204903,77.64474464997247,7.806820746878623,423.84423233271093,2.027373289970841,20.87255478108078
2024-03-18 13:00:00,2.4872519628348253,33.45510513174939,67.02495709625046,65.61618376810715,3.9023854958399506,497.4503925669651,2.0643411678731507,24.890207333216686
2024-03-18 14:00:00,3.553765725989925,34.3101948560543,65.70253424665025,17.742876946970686,5.7856393227935445,710.753145197985,2.1481179230208345,38.24386146142304
2024-03-18 15:00:00,2.754133787058698,33.75068225949327,61.64507547473086,54.502691889693835,9.113418162164088,550.8267574117397,1.8144100263737952,47.17123718792962
2024-03-18 16:00:00,1.0295356502806063,31.163304249388126,57.598349303688295,98.46697395245081,5.540992803958261,205.90713005612125,1.9943142480500597,37.01567300088274
2024-03-18 17:00:00,1.085593082306158,30.737711784489957,59.63190008504731,93.73880664971189,1.7449848639795518,217.1186164612316,2.1131075959555896,26.199730751941352
2024-03-18 18:00:00,0.9333773048687399,29.96991041399513,70.5446685521813,4.317373579701167,3.7870335558115933,186.675460973748,3.4302558367088247,20.0
2024-03-18 19:00:00,0.22939981756490604,28.871894540707864,72.72131735969143,16.481481572943714,8.431448650297455,45.879963512981206,5.099878238141512,20.0
2024-03-18 20:00:00,0.0,28.479510562941304,75.73925274584275,13.172877345456191,6.442130159896179,0.0,5.647816871186524,20.0
2024-03-18 21:00:00,0.0,26.642927854672905,79.12892795957458,72.59799099852955,6.507243843338003,0.0,5.851006400005172,20.0
2024-03-18 22:00:00,0.0,25.179253628521153,80.47557304054908,81.77853298569451,8.668214856884891,0.0,5.045349363637037,20.0
2024-03-18 23:00:00,0.0,25.074180822720777,81.25413846915761,21.35113663106719,8.939730574625047,0.0,1.872932132470092,20.0
2024-03-19 00:00:00,0.0,23.47528831803814,83.21877611109994,50.5852692951829,9.197925717794362,0.0,1.832075242181336,20.0
2024-03-19 01:00:00,0.0,23.206591439019927,79.96230249066028,84.07030280112,0.948491932531561,0.0,2.3174476505069532,20.0
2024-03-19 02:00:00,0.0,23.13528250855232,76.49334608660557,73.28015447662506,5.4412600196310095,0.0,1.7040086365107672,20.0
2024-03-19 03:00:00,0.0,23.20081043094944,78.34863124844799,54.223720549184826,7.405095212183186,0.0,1.5791486209497276,20.0
2024-03-19 04:00:00,0.0,23.240690690850155,83.91859789451759,59.03476904587729,7.569268451270138,0.0,1.6067149718683755,20.0
2024-03-19 05:00:00,0.0,26.661949815121844,82.68593354234778,50.83605469162799,6.067162019700039,0.0,1.5289869300937582,20.0
2024-03-19 06:00:00,0.0,26.684299431156724,77.91499700166526,29.754845131882057,1.6678733518367417,0.0,2.092474647563615,20.0
2024-03-19 07:00:00,0.7428164425982132,27.10490953373125,74.74224210152293,56.50219928590161,7.974205539416643,148.56328851964264,3.7106953373672455,20.0
2024-03-19 08:00:00,1.5631110009753335,28.54752653043562,76.53289781654037,68.88853020500906,7.201113335149457,312.6222001950667,3.6127905866699663,20.0
2024-03-19 09:00:00,1.5852783529858798,30.36972201953026,62.97203600537519,87.33229158608077,0.8613577154903629,317.05567059717595,2.7519222043227076,20.0
2024-03-19 10:00:00,2.1461405019260407,30.65709865064383,69.02920624696503,63.629135397924806,4.638098246743763,429.2281003852081,1.946057225664441,21.900791124485195
2024-03-19 11:00:00,1.9576408927769768,32.36138657576045,59.694513631741415,76.1121537043158,1.7397739952180358,391.52817855539536,1.9314057036697854,22.150025421003512
2024-03-19 12:00:00,4.260293492375587,33.82485802619149,55.5542776043004,16.0071634954573,3.374770457129719,852.0586984751175,1.7137211528220173,46.34246264676243
2024-03-19 13:00:00,3.6609884698838435,33.73760888925048,68.67070035120304,46.15574744197899,0.18081092205685434,732.1976939767687,2.4011312392861717,58.31110633744031
2024-03-19 14:00:00,4.6092325017788,35.33303556211147,61.353630956118586,0.9331619827093296,4.003298684107582,921.84650035576,1.7273024072385237,85.68944223557293
2024-03-19 15:00:00,2.983110065659974,31.97312717432592,66.19412832382089,24.667886452162303,5.498769211562104,596.6220131319948,2.3124559504031126,92.0606563305131
2024-03-19 16:00:00,1.039930972926449,32.89537414289692,71.7804897141106,72.64617151130048,6.195825928270868,207.9861945852898,2.472709973561386,76.97877211330322
2024-03-19 17:00:00,0.808394234824274,32.814407670633116,56.36076961123655,99.18099513493634,6.634903451287101,161.67884696485478,1.7300907920400395,67.27670308997938
2024-03-19 18:00:00,1.3643345948922914,30.98884588981299,79.94529722203136,9.917809958721591,8.3629131310246,272.8669189784583,3.206341973092977,47.887151740498474
2024-03-19 19:00:00,0.0,30.559618146931147,71.74944111728703,40.14943158612883,2.1546290727573005,0.0,5.587767724024092,20.0
2024-03-19 20:00:00,0.0,27.219195048421007,73.12024127967454,80.00709686991596,1.2048182243846794,0.0,4.3472638715057315,20.0
2024-03-19 21:00:00,0.0,28.0789471038722,68.41064750726596,20.403563462889885,8.515371718979257,0.0,5.899304430252959,20.0
2024-03-19 22:00:00,0.0,24.939646843940157,79.24391544014549,55.50849493022862,1.5661281489264989,0.0,5.692842025027156,20.0
2024-03-19 23:00:00,0.0,24.919674342168914,81.00873534925037,73.30712960296748,9.747600813361952,0.0,1.6996596866489782,20.0
2024-03-20 00:00:00,0.0,23.654947608634846,79.78288935101654,61.5985450260179,8.42538229398637,0.0,1.9506234145701251,20.0
2024-03-20 01:00:00,0.0,23.654947608634846,82.52121152454254,18.802473461541613,5.008766058895992,0.0,2.322583732161432,20.0
2024-03-20 02:00:00,0.0,22.027549362312996,88.27523501676703,35.538456868573945,9.814214249220253,0.0,2.2343234082185246,20.0
2024-03-20 03:00:00,0.0,22.631868216331995,92.89346557632733,78.37917844853972,0.9737672910800421,0.0,2.4247859097140134,20.0
2024-03-20 04:00:00,0.0,23.147917415601913,79.96865140046084,55.42265141320166,3.0306576117510167,0.0,1.5632243392506338,20.0
2024-03-20 05:00:00,0.0,24.974342076974022,86.23742406047387,0.5229613542912737,6.382244150406114,0.0,1.8149403056812496,20.0
2024-03-20 06:00:00,0.0,25.325288962070026,73.11772060775559,76.09907600280938,3.5000686847317874,0.0,2.3755763666677145,20.0
2024-03-20 07:00:00,1.1960517899362817,25.838931318054843,87.1212019797587,3.531135494023907,9.283725519807918,239.21035798725632,2.071421898056286,20.0
2024-03-20 08:00:00,1.0633615848904143,27.65201045040442,63.43331152527291,74.57337827312321,0.6562608817781757,212.67231697808285,3.7406075569996853,20.0
2024-03-20 09:00:00,2.8161527866774385,29.137901325415406,73.51613041481006,20.24805601652374,5.494118320609646,563.2305573354877,2.16632346626493,26.17337854391883
2024-03-20 10:00:00,1.3490351932606919,30.717439080725843,68.89582741429334,95.80734801193802,5.908662673951145,269.8070386521384,1.6627491077823806,22.87112681211158
2024-03-20 11:00:00,3.42880142883491,31.948175267375703,67.206684080043,36.79407513020845,6.527281237772241,685.760285766982,2.4116830043297357,32.53375184491073
2024-03-20 12:00:00,4.03436317705886,33.71025030850759,65.376276431562,32.69316163380791,2.5566622333181446,806.872635411772,2.327276954871939,48.75107095568648
2024-03-20 13:00:00,4.931976018358776,34.055733716779415,63.670161714306474,14.888805033244468,3.6456642751986443,986.3952036717553,1.7369563625881568,77.25107095568647
2024-03-20 14:00:00,3.906885427770203,32.817281538185675,72.75385737812769,30.560421549021488,8.436805296649776,781.3770855540406,2.1967136003530285,93.49770331614963
2024-03-20 15:00:00,1.7721317985278962,32.19918394065216,59.349261400678245,87.66507618282006,1.9494276897015983,354.4263597055792,2.4035829853016417,86.85084871853125
2024-03-20 16:00:00,0.8569259377309587,32.61257678297779,61.15292060843357,99.63343376272474,8.26867847173362,171.38518754619173,2.4541380793838092,70.03808933271178
2024-03-20 17:00:00,1.9209355336045237,32.709375926299444,62.28123782684208,36.83095305068483,5.626554229027424,384.18710672090475,1.5075410927159987,73.96533652115276
2024-03-20 18:00:00,0.8079245780971804,29.44845244165984,66.21432311147008,44.861063095454256,7.621875111940821,161.5849156194361,4.644995995589387,42.38638915273172
2024-03-20 19:00:00,0.0,28.522204850326652,71.79493403533509,72.2070938202737,7.136073662634716,0.0,3.951247252178852,20.0
2024-03-20 20:00:00,0.0,30.054095582923644,72.18918412899775,88.61957804650746,2.0751149538487903,0.0,5.1104553314897,20.0
2024-03-20 21:00:00,0.0,26.97325921191365,74.50186199714571,59.304433418678414,5.688127364338729,0.0,5.035626089372277,20.0
2024-03-20 22:00:00,0.0,25.37284397054327,84.1368005727779,39.15256981778293,8.677231528050925,0.0,5.6816692881665745,20.0
2024-03-20 23:00:00,0.0,24.282991891711198,86.82270330503863,41.262184084862376,4.321162368019293,0.0,1.8811433152929786,20.0
2024-03-21 00:00:00,0.0,23.83374438281426,83.98067889841043,69.56181464968068,9.665907702233167,0.0,2.4282453464380755,20.0
2024-03-21 01:00:00,0.0,23.637574561382422,89.07210449435311,0.32182636042786816,4.52215100101718,0.0,1.6158527770037645,20.0
2024-03-21 02:00:00,0.0,22.37615975131274,83.86288502623869,61.95893374598407,1.4278563666788469,0.0,2.2075533559193197,20.0
2024-03-21 03:00:00,0.0,22.259452805007623,90.44884952654803,35.54930104413574,3.8943468007767326,0.0,1.7976719793463038,20.0
2024-03-21 04:00:00,0.0,23.258699585524493,83.34886932308638,79.41973312770843,9.517024063905371,0.0,2.2893230103611635,20.0
2024-03-21 05:00:00,0.0,25.31188180721736,77.18547885746135,9.299063982313216,3.1972084933985423,0.0,2.3026304216000337,20.0
2024-03-21 06:00:00,0.0,24.23346117105503,87.36953124480885,58.82022669483905,8.680981598670629,0.0,1.8388818862486742,20.0
2024-03-21 07:00:00,1.093748505053479,27.539960226336767,74.63579654800263,48.09728898861238,8.812506816818898,218.7497010106958,3.665446195594293,20.0
2024-03-21 08:00:00,2.075497142579849,28.062431703327444,75.57278053036619,64.23255259052274,3.5018652433196107,415.09942851596986,2.4305375480657196,20.0
2024-03-21 09:00:00,3.223752182294252,30.638529133595608,66.49558729897441,6.485359448296835,0.8325765805063212,644.7504364588503,3.146647426206046,20.73249518283796
2024-03-21 10:00:00,2.16317836119844,31.32211084728281,68.05811318410865,57.99837874281313,7.245579091588183,432.635672239688,2.0727532592481626,21.591533651365598
2024-03-21 11:00:00,2.711313625415309,31.61665848935124,66.83828503232182,56.14845879595237,3.1151229901398603,542.2627250830618,1.5845326152935724,32.2959532475221
2024-03-21 12:00:00,2.917819424918623,33.080596880857286,63.5735462786599,56.06600944161709,7.8292361425757235,583.5638849837246,1.7242098122088432,43.63524456826501
2024-03-21 13:00:00,2.9442028894455907,33.080596880857286,67.45545477009898,60.34876665964548,4.426548482604331,588.8405778891181,1.5329185867639539,57.04244544374056
2024-03-21 14:00:00,2.604715672877341,33.2606561547052,70.0663917856766,67.64679372263622,4.852667423426215,520.9431345754682,2.247644612596773,60.43462051640596
2024-03-21 15:00:00,2.0387109202818983,32.88738327811257,62.202574742516894,80.49889996807697,7.779094067485368,407.74218405637964,2.0543640408284096,60.269850826442685
2024-03-21 16:00:00,2.313058681034081,30.776670885258927,73.47080397689834,26.982072012821433,3.823633310616279,462.6117362068162,1.6433756710682395,66.63183942111817
2024-03-21 17:00:00,0.7989949484024713,31.937072541651943,73.06180848262781,82.5049410180062,4.431273453229146,159.79898968049426,2.4161871480738877,49.608763635103266
2024-03-21 18:00:00,1.1392644879043317,32.61034265209638,61.6552586731278,49.82556822634536,3.761904687696221,227.85289758086634,5.3833236027641815,20.0
2024-03-21 19:00:00,0.0,29.64651813989692,71.71088957216445,7.705827913433117,3.6734051527727996,0.0,5.881439254682933,20.0
2024-03-21 20:00:00,0.0,28.266295356440622,70.4824741318911,5.85509292439792,5.259465769014594,0.0,5.886792234105516,20.0
2024-03-21 21:00:00,0.0,27.47244952625856,72.94045922246924,33.42383186960608,8.087994445011507,0.0,5.800972636224815,20.0
2024-03-21 22:00:00,0.0,24.674212874745493,84.44878511962193,78.48969771114676,3.6176831192256587,0.0,4.002002156479781,20.0
2024-03-21 23:00:00,0.0,24.847006914562332,85.34480154913317,70.76809347409157,5.242547205377367,0.0,1.8525278512638512,20.0
2024-03-22 00:00:00,0.0,23.791055132978485,81.40462341993228,78.86149646724064,6.707273254426008,0.0,2.226526193609923,20.0
2024-03-22 01:00:00,0.0,23.40179633686697,85.26741532341636,51.72690564416094,2.6943944630365504,0.0,2.328694942244002,20.0
2024-03-22 02:00:00,0.0,23.717846228996265,89.31927707064504,44.01989979554906,2.7752280490239256,0.0,1.9269663941910093,20.0
2024-03-22 03:00:00,0.0,23.444374770997417,86.76041102220839,14.745252670628394,9.334131270234549,0.0,1.898355321965909,20.0
2024-03-22 04:00:00,0.0,23.432149607730697,80.770163717736,32.81927536093116,7.235345733310886,0.0,2.0437267348301646,20.0
2024-03-22 05:00:00,0.0,23.56332604286539,79.24692052038374,43.40193661738753,5.771866762233088,0.0,2.027393514087847,20.0
2024-03-22 06:00:00,0.6725787518221735,25.953274042133177,75.60249231222646,8.860042967961723,6.47720054420612,134.5157503644347,1.6473832675973485,20.0
2024-03-22 07:00:00,0.5825076596258978,26.13654358239653,73.3264628986012,22.061195271121125,0.29299443103418366,116.50153192517955,3.6164256610330057,20.0
2024-03-22 08:00:00,1.0054955794761373,27.275085846234504,78.98460335713371,59.82252940637388,6.181029655616968,201.09911589522744,3.976494311380491,20.0
2024-03-22 09:00:00,1.7575313315432493,29.91920577176155,70.57952528339928,73.56631142391899,5.095088732242019,351.50626630864986,3.397805143788286,20.0
2024-03-22 10:00:00,1.6666627061269788,31.137898316259925,72.07450445201758,99.83475113929497,5.457496797794357,333.33254122539574,2.3492687504381813,20.0
2024-03-22 11:00:00,1.840038871772798,32.74542786595184,70.50413167637379,93.31133313435576,3.594238268308171,368.0077743545596,1.7341686861966426,21.005766762973476
2024-03-22 12:00:00,1.960323211526361,31.324571047738445,65.51574581136498,64.25651995351916,0.8147389771294189,392.0646423052722,2.4971628142794566,20.0
2024-03-22 13:00:00,3.6261916546057145,33.2310587908128,70.04243860545718,42.1248053294072,1.9333923361205219,725.2383309211428,1.8340146707576541,37.025681346556574
2024-03-22 14:00:00,2.322255484950438,33.3901926106054,68.84009425229732,63.617736470823274,9.507447132126718,464.4510969900876,2.0486383916955773,39.62504373247775
2024-03-22 15:00:00,2.2952279730928993,33.86801516860498,68.1576685428163,78.56516180802319,4.08699562270934,459.04559461857986,2.4151937114245667,38.362246486881254
2024-03-22 16:00:00,2.6644426303842352,31.805458238356827,70.1950453867939,11.833619092338733,4.666831558308642,532.888526076847,1.5041971608305653,49.38457844764111
2024-03-22 17:00:00,2.0717476829177115,31.11777878101192,64.95397338723522,40.99048896962883,0.5270978985343899,414.34953658354226,1.8125747270778583,51.84672152811971
2024-03-22 18:00:00,0.5058842988218172,31.14204509189356,70.24287669731518,83.98022856356172,0.3756622954398059,101.17685976436344,4.384586875620155,20.267774159698657
2024-03-22 19:00:00,0.0,29.464496219574617,65.97023144821634,38.3832951933044,7.171814470467577,0.0,3.6387778514478035,20.0
2024-03-22 20:00:00,0.0,28.599578627813752,68.49830611184593,57.18722712271865,5.380946641211112,0.0,4.057454182794185,20.0
2024-03-22 21:00:00,0.0,25.539075489566287,78.21221940283303,58.77693608621982,5.087059842162667,0.0,4.214991116630843,20.0
2024-03-22 22:00:00,0.0,25.579202928689643,74.0860539089084,18.447625313363936,2.431245304226687,0.0,3.2938150961485677,20.0
2024-03-22 23:00:00,0.0,24.78592918137025,87.43905100626645,36.22354416522884,7.447507316299222,0.0,2.2239678737735167,20.0
2024-03-23 00:00:00,0.0,21.830235108515502,80.01508556245545,33.451128874193216,1.6823657910849188,0.0,1.5982088890488635,20.0
2024-03-23 01:00:00,0.0,24.935110620996454,94.6444869005338,2.6196708532064794,1.8993474366102003,0.0,1.9681020444496053,20.0
2024-03-23 02:00:00,0.0,23.72022401690541,85.16443633364804,2.4191763891355245,4.607121713482755,0.0,2.250789674948508,20.0
2024-03-23 03:00:00,0.0,23.72022401690541,77.92917787947403,83.16970436757735,2.862798621119409,0.0,1.5803231056895335,20.0
2024-03-23 04:00:00,0.0,22.749289755241332,92.0828627422974,27.30708099728124,2.4746298123314636,0.0,1.6324989562662866,20.0
2024-03-23 05:00:00,0.0,24.779797564711686,85.44732059887987,51.80787662388154,6.452376445533316,0.0,1.8547249679475275,20.0
2024-03-23 06:00:00,0.04175073042393458,25.53891582801733,76.47483336725539,29.872557358877305,6.509717452185445,8.350146084786916,2.471650604619493,20.0
2024-03-23 07:00:00,0.13890473212877794,27.439252781665576,76.1351528778673,94.06792451153404,8.245170697999292,27.780946425755587,3.596250096012859,20.0
2024-03-23 08:00:00,2.356059926401739,27.109303914737723,76.0595427893535,25.929675886577375,4.177085669729759,471.2119852803478,3.457418496950705,20.0
2024-03-23 09:00:00,2.503540776165599,30.641773311025226,72.55459218928632,42.96568127389351,0.7308509102615024,500.7081552331198,3.326888787277932,20.0
2024-03-23 10:00:00,1.6183200006609988,30.043371214278096,63.137827242568775,87.27302504846018,2.736663849214577,323.66400013219976,1.8125222713243065,20.0
2024-03-23 11:00:00,1.5329018743437626,30.717952319155046,68.7278335993369,84.19335667918087,9.80005463196817,306.58037486875253,2.1060893405565366,20.0
2024-03-23 12:00:00,0.0,32.69203485528318,58.50411625441237,18.610141784627732,5.962585752327021,771.2000558736619,2.0656334514375048,37.008484865342645
2024-03-23 13:00:00,2.372231910800968,32.010576488326535,70.07316735127246,80.26433097957104,7.097370848010202,474.44638216019365,1.8890607096186525,41.598611276574644
2024-03-23 14:00:00,3.2862141179620368,32.36719240077782,72.29677699475712,45.81868867378927,0.07357829625414536,657.2428235924074,1.8192110358872724,55.5351405562849
2024-03-23 15:00:00,2.0412253126827755,31.04058397719902,66.55358663302617,48.29688720853552,5.182057321825209,408.24506253655505,2.3563533488135087,52.21800333385613
2024-03-23 16:00:00,2.871524646150606,30.10178457897241,71.67516525065346,13.347997241594378,0.3752865753180312,574.3049292301212,2.01573610441437,60.34799448035037
2024-03-23 17:00:00,2.279166576330379,30.051728050899413,67.22813739887275,8.060151375712465,5.69230212091448,455.8333152660758,1.7216091882391509,65.64478966721705
2024-03-23 18:00:00,0.9080820418234808,28.986720530842227,65.503814440395,72.79393069737652,9.207708496360754,181.61640836469616,3.9724632088865195,34.06584229879599
2024-03-23 19:00:00,0.009045682360771853,28.820212355726888,84.16902880439729,49.646115235529976,9.684191305004079,1.8091364721543703,3.6965356505508153,20.0
2024-03-23 20:00:00,0.0,28.377711760113833,82.01145247339392,43.68507026151796,5.405526753889242,0.0,4.340343489094134,20.0
2024-03-23 21:00:00,0.0,26.110806033439566,81.37192939600146,72.95082286523967,4.582048052522159,0.0,5.64952791184297,20.0
2024-03-23 22:00:00,0.0,27.55480981863865,80.6354538429847,76.55128989911097,9.45017094248494,0.0,5.625176892506828,20.0
2024-03-23 23:00:00,0.0,24.852247303429653,86.35842830300845,15.890816766935355,6.736098319966951,0.0,2.253187703848174,20.0
2024-03-24 00:00:00,0.0,25.22850099814789,68.57475837240985,61.02251494776413,0.6489927953840946,0.0,1.562070136708511,20.0
2024-03-24 01:00:00,0.0,23.799550726429214,74.2554321039883,13.535408227768553,4.657255776674976,0.0,2.0954499314692967,20.0
2024-03-24 02:00:00,0.0,23.032835809101307,91.61248327585254,75.13750860290457,2.402450184643039,0.0,2.0094018695309703,20.0
2024-03-24 03:00:00,0.0,23.159469737550946,92.60899403727846,65.69551562671396,4.698043214486816,0.0,2.1084910865636166,20.0
2024-03-24 04:00:00,0.0,23.4553520307419,87.41865888143792,95.6614621083458,4.554655720063617,0.0,1.8851250709192222,20.0
2024-03-24 05:00:00,0.0,24.468836345650228,78.58550417474981,6.895801635642118,5.821448028147421,0.0,2.3042337890322266,20.0
2024-03-24 06:00:00,0.0,23.804982207024693,84.22663252519659,5.705472115125431,3.5677049034925123,0.0,2.2330317809458986,20.0
2024-03-24 07:00:00,1.0556263330458169,27.571175931781944,69.14644687651389,28.218707469320016,1.6427044945592806,211.1252666091634,3.8102677496883715,20.0
2024-03-24 08:00:00,1.730669235977697,28.907532300792695,77.63615681670493,26.170568373590598,5.037194345899563,346.1338471955394,2.8886703341659397,20.0
2024-03-24 09:00:00,3.2279124615511736,30.098081721403105,66.12802500685896,24.697879907199983,8.30202884345762,645.5824923102347,3.3946515406358317,20.0
2024-03-24 10:00:00,1.6834817899368562,29.648028754950026,72.18494470687413,90.62545805210367,6.640122280676023,336.69635798737124,2.1558343876174053,20.0
2024-03-24 11:00:00,3.6801258871235847,32.447284029905006,62.706722463712175,24.95461998495061,3.3836786592521584,736.025177424717,1.8931770315876004,36.97601412759185
2024-03-24 12:00:00,4.149058988050902,31.401390703389406,63.44271676344209,27.1949726128631,9.355230227588573,829.8117976101803,2.0654721315502504,56.770089264348044
2024-03-24 13:00:00,2.3209620509935105,33.981842794514016,62.16041718409597,75.93982624179637,9.12207571249182,464.1924101987021,1.6911830390973162,62.752989877361884
2024-03-24 14:00:00,3.047599366317017,31.823301814229094,69.49882341661181,44.973984245054,2.0934839938409877,609.5198732634034,1.507130020221006,77.387448665274
2024-03-24 15:00:00,2.1025951432071714,31.778300113422066,60.7155120959821,77.67105569551812,0.39417585120362975,420.5190286414343,2.315183232292753,75.1496793064784
2024-03-24 16:00:00,3.4005409009890584,32.01416306756949,54.871728427079134,6.536615756438524,7.413087083507622,680.1081801978116,1.7209981575236353,91.10533536939991
2024-03-24 17:00:00,1.534218944270224,32.35644242710185,54.308752939167576,48.75711936733843,8.276102613491533,306.8437888540448,2.271906243400089,83.340205904875
2024-03-24 18:00:00,0.9925142967111258,30.04664654989941,81.46692718199884,3.3613600183282633,9.678645659513553,198.50285934222515,5.260865641753077,51.76125853645396
2024-03-24 19:00:00,0.341915128412789,30.036305187939107,67.70995742903051,6.265320345535452,8.898363940883108,68.3830256825578,5.945424068153481,20.182311168032907
2024-03-24 20:00:00,0.0,29.511283124110744,64.41413094778211,90.64374533444109,6.005347682064148,0.0,3.483222534208406,20.0
2024-03-24 21:00:00,0.0,27.45995905933311,78.69519639998464,13.924537111759516,5.300523392123808,0.0,5.015318179086689,20.0
2024-03-24 22:00:00,0.0,25.407400604731606,69.84032841140241,53.24206822752171,0.2784105126258629,0.0,3.3313031139261495,20.0
2024-03-24 23:00:00,0.0,22.846346923673728,83.4099643642727,41.10956026007065,2.4665644684477783,0.0,1.849096986494082,20.0
2024-03-25 00:00:00,0.0,23.19252812263397,80.63182528481481,34.73433262588427,4.596147517329264,0.0,1.5765686418201161,20.0
2024-03-25 01:00:00,0.0,23.230281308239142,87.67556141789046,89.98333456872724,6.2850390008356785,0.0,1.8967419712627396,20.0
2024-03-25 02:00:00,0.0,25.220321858004883,82.59054225147169,2.18233967754895,5.572518333184107,0.0,2.4218787933693493,20.0
2024-03-25 03:00:00,0.0,22.61016817621443,80.37762713463914,66.37896861755891,7.426359896816905,0.0,2.4757893363441146,20.0
2024-03-25 04:00:00,0.0,23.46694902454358,82.79236997253176,96.33944342135504,2.7976693088704083,0.0,1.6476434926371588,20.0
2024-03-25 05:00:00,0.0,24.842348376348493,79.32885280170267,56.016818346184195,5.649526076524732,0.0,2.495886275759716,20.0
2024-03-25 06:00:00,0.0,25.079014131986824,80.29217965536114,93.68224620330918,0.8814224339079213,0.0,1.9061720129114859,20.0
2024-03-25 07:00:00,1.666612111732297,25.8648563440891,72.35182560164115,5.225787928602377,4.13665523583207,333.3224223464594,3.8681536985429688,20.0
2024-03-25 08:00:00,1.5524591170749424,29.900831815065743,71.90265936610962,41.87933190741614,7.50160832954601,310.49182341498846,2.279276798459825,20.0
2024-03-25 09:00:00,2.747353734322474,29.046388027078105,61.80425644418209,26.015779096205115,6.93400853429044,549.4707468644948,2.8463456790535098,20.0
2024-03-25 10:00:00,2.0848745711635046,29.577023101625905,71.31548620505043,73.08209649807299,9.90642737172179,416.97491423270094,2.4466317459653375,20.0
2024-03-25 11:00:00,1.4237429774829713,29.556204210936336,67.68852838216799,98.12970904972467,2.7789112598775603,284.74859549659425,1.888161447960317,20.0
2024-03-25 12:00:00,3.9130528875985915,31.917965873873978,63.46025147736593,25.65300624442478,4.981892991739791,782.6105775197183,1.9647237562500375,38.509126747811266
2024-03-25 13:00:00,3.156950507987464,33.00345265669019,57.33518637983128,65.41746014740745,3.295304137739967,631.3901015974927,1.5191263506237305,54.068456242766736
2024-03-25 14:00:00,3.4340741051628583,32.31264556564171,70.86588788633371,19.809763275974014,4.406031140591748,686.8148210325717,1.8425392295096077,69.18803756147261
2024-03-25 15:00:00,2.4578370770708435,32.29856996106667,65.23493520196668,56.53302545716099,8.569501298693881,491.5674154141687,2.38948999039953,69.8373348848501
2024-03-25 16:00:00,2.4654445966936525,31.5092880600719,69.18520765205002,46.39324866883362,6.842090751884866,493.0889193387305,2.2000340409648556,72.35873516427365
2024-03-25 17:00:00,0.28101354535135975,31.746169351147795,64.37129838887672,97.2005329631537,8.824411913475817,56.20270907027195,2.0261427596891464,53.988953960718014
2024-03-25 18:00:00,1.297320088011654,30.611067473195632,60.099195368870596,60.85272726964666,2.0351110833188644,259.4640176023308,4.438338686211018,22.410006592296956
2024-03-25 19:00:00,0.0,28.825970691716417,74.2348804472434,34.950637208681876,8.73361117841438,0.0,3.230218541235769,20.0
2024-03-25 20:00:00,0.0,29.585679173100758,75.60833195469004,11.409578488793336,0.5976227417838442,0.0,4.516625170289219,20.0
2024-03-25 21:00:00,0.0,25.807282344236643,81.05225885620263,15.124682873493455,8.885992804371524,0.0,5.55789669831462,20.0
2024-03-25 22:00:00,0.0,25.21291779688499,74.36472974384317,22.53169299512351,3.290737794607279,0.0,3.2257728039246176,20.0
2024-03-25 23:00:00,0.0,26.44107642794787,79.7501562111636,25.0966661340298,3.145876334140665,0.0,2.4412216350952907,20.0
2024-03-26 00:00:00,0.0,23.95755502475353,90.46053964894406,85.06160578411378,5.120885766986639,0.0,2.4326170171703336,20.0
2024-03-26 01:00:00,0.0,25.865859578023745,73.52008711849872,56.12227882825249,9.406901877232318,0.0,2.0960985276700956,20.0
2024-03-26 02:00:00,0.0,24.153169698454846,80.1602195254878,52.33909113743665,0.4778136468140537,0.0,1.6851759388450591,20.0
2024-03-26 03:00:00,0.0,24.886729367354114,82.34433545037538,11.476887186921747,3.522309750707453,0.0,2.403976171876577,20.0
2024-03-26 04:00:00,0.0,23.69325810623399,87.74945772874632,86.0139693349435,8.565719886833357,0.0,2.1431614511633414,20.0
2024-03-26 05:00:00,0.0,23.756339230058813,70.71990557172693,72.28143032084837,3.960544774354667,0.0,2.4062657925730493,20.0
2024-03-26 06:00:00,0.38021280801594487,25.351270412182608,81.70051525187776,6.766836190000158,1.99156897597067,76.04256160318897,2.0620781375656487,20.0
2024-03-26 07:00:00,0.6512188019015431,26.80751249317741,76.29967157794285,70.78350972297687,4.247941813314117,130.24376038030863,3.4278854224147555,20.0
2024-03-26 08:00:00,1.4762867529053443,27.97049240138093,81.37619346854311,54.353821734264606,3.855525014916693,295.25735058106886,2.823301593603263,20.0
2024-03-26 09:00:00,2.906271371236316,30.431154085558124,67.94368239213088,8.172534574677826,9.154162014667035,581.2542742472632,3.4678729094665686,20.0
2024-03-26 10:00:00,2.5475215819962473,30.348700960230293,70.58602423399681,45.830064152865646,7.619343757430971,509.5043163992495,2.1907228942289687,23.389587533789147
2024-03-26 11:00:00,3.1822463979625075,31.12172378731084,68.32846980105799,48.469628713004695,5.0511555574400635,636.4492795925015,2.1170765300062264,33.50870127937382
2024-03-26 12:00:00,4.556125947677833,31.47404214692128,67.6082583019949,16.577454016327575,9.883705667215711,911.2251895355665,2.161476768856287,56.257868478178494
2024-03-26 13:00:00,1.7368558074184839,34.345976597244544,62.14996194442635,94.56981470002823,4.652775312759233,347.37116148369677,2.280915252154526,50.53092695464121
2024-03-26 14:00:00,2.2582787382147886,32.07228570771563,66.81942254710009,84.99753714806619,0.5823783082027523,451.65574764295775,1.5277253247618492,57.47118438244414
2024-03-26 15:00:00,2.6271568203312006,32.62227236275134,64.79982256875938,66.90223373291083,2.622743218149849,525.4313640662401,1.8688979435205937,64.6746437121449
2024-03-26 16:00:00,1.953998739420046,32.631918949575066,62.173695146445354,46.22955610006072,4.360704802193126,390.7997478840092,2.152319201553551,62.58705990021326
2024-03-26 17:00:00,1.870291694745342,30.65492744615109,58.59783296533774,41.17655415845085,1.569026241461201,374.0583389490684,2.141487470805588,59.732367520631726
2024-03-26 18:00:00,0.505753038773776,31.354627310550704,63.97493349985214,65.09734671509541,9.47565126324043,101.15060775475519,5.347318228496625,28.15342015221067
2024-03-26 19:00:00,0.14394917822273212,28.83211962754132,67.94080067893681,54.543186940690546,7.668488978177731,28.789835644546425,3.348737258069814,20.0
2024-03-26 20:00:00,0.0,28.464263743235794,75.91144521114963,6.227310588188562,2.6828720042777263,0.0,3.9817721210989925,20.0
2024-03-26 21:00:00,0.0,25.873554859899308,80.00464188422887,51.25026487703317,5.908045335179159,0.0,4.521142977143034,20.0
2024-03-26 22:00:00,0.0,25.449057720936597,77.97100811972301,80.64036172328395,7.214491571095721,0.0,3.2245284644142154,20.0
2024-03-26 23:00:00,0.0,21.90271453200925,82.12995852418402,45.923987759695805,9.41278928906798,0.0,1.944385026638056,20.0
2024-03-27 00:00:00,0.0,23.538692826812966,80.76760881720938,5.195657755426842,8.816353491754107,0.0,2.2564838490999164,20.0
2024-03-27 01:00:00,0.0,24.584356025552463,76.52419475840729,78.6278199384033,5.151922261382137,0.0,1.8694787236337334,20.0
2024-03-27 02:00:00,0.0,24.62384374426926,70.99781017751458,20.13637821359744,7.746526197930176,0.0,2.4506819368070825,20.0
2024-03-27 03:00:00,0.0,23.717907087836654,83.22228926927136,25.862083488803876,5.62144753827585,0.0,2.489723132554715,20.0
2024-03-27 04:00:00,0.0,20.758069036360542,81.26065566193685,16.47063534322959,5.527038900455401,0.0,2.1449637707451963,20.0
2024-03-27 05:00:00,0.0,26.518788299629996,81.22423907474179,33.02150648714976,1.147419583381919,0.0,2.3739994255378942,20.0
2024-03-27 06:00:00,0.5370598004894102,25.478667618368913,87.45597933650274,75.6751505688635,1.2613765801615207,107.41196009788203,1.9557062844202975,20.0
2024-03-27 07:00:00,0.7540882254284621,26.119062094963212,76.05488254440553,51.93858595039374,5.295336150224575,150.81764508569242,2.348128274814617,20.0
2024-03-27 08:00:00,2.0361805731786142,29.3218809921598,71.12094531180846,20.488127415071254,2.688615449790066,407.2361146357228,2.6899241695184646,20.0
2024-03-27 09:00:00,1.603211483541757,27.50344423255589,70.48571259059605,87.78300781520409,0.21036902460468632,320.6422967083514,3.989699614123585,20.0
2024-03-27 10:00:00,1.8834142872023603,29.462673801698656,67.15181743359007,87.95818549515292,7.228392039002123,376.68285744047205,1.6925188718197979,21.813506446134344
2024-03-27 11:00:00,1.8623439088357132,31.780318525536238,64.91959263357482,87.05784250460069,0.3248659669016496,372.4687817671426,2.4189347431104973,20.0
2024-03-27 12:00:00,3.9172088183958254,29.376303533521565,68.63187139853439,23.87962113815393,5.952768411040545,783.4417636791651,2.0061700856552025,38.15486796103592
2024-03-27 13:00:00,4.13627528200812,33.178641400073424,70.97962725253062,45.12393441809881,5.391937941273143,827.2550564016241,2.0694918385200096,57.78931067417297
2024-03-27 14:00:00,1.8968062175055622,32.37011376242729,66.99935286574984,98.49896561408751,9.688146905778044,379.3612435011124,2.1824504201904,54.78252959327994
2024-03-27 15:00:00,1.7104740789825814,34.65919172776658,61.78436107894294,77.20124763099903,4.842131393476416,342.0948157965163,1.7807519507463412,54.04276252208248
2024-03-27 16:00:00,3.085713613581702,33.883481717978086,62.43203383462391,2.716742122555982,0.6360143637779736,617.1427227163404,2.0911847871160734,63.49078637350595
2024-03-27 17:00:00,2.414398076204053,31.8956648572103,68.46815821616175,6.5204591260492055,5.516879678064617,482.8796152408106,2.27400331290976,64.82453662480174
2024-03-27 18:00:00,0.7443935574912517,29.51689685285585,65.91325327849532,46.39313768123328,8.410961706161014,148.87871149825034,3.1890461720784313,39.09135120809458
2024-03-27 19:00:00,0.0650656824777422,30.030932349617785,65.08479646385057,90.92202058615601,9.968492842814399,13.01313649554844,5.389788724223725,20.0
2024-03-27 20:00:00,0.0,28.88048646022413,73.90431925488697,53.870179795271426,4.303431736890725,0.0,5.354511749347906,20.0
2024-03-27 21:00:00,0.0,26.43789703198204,72.75368812172256,49.781250803429025,3.202987424967425,0.0,5.323680749743762,20.0
2024-03-27 22:00:00,0.0,25.902656981647162,77.8423843343757,10.547369995663058,9.06653296951999,0.0,5.2072213496803474,20.0
2024-03-27 23:00:00,0.0,25.098547030820242,81.83989182658136,65.6780104724294,1.9124212907612137,0.0,2.036349627899556,20.0
2024-03-28 00:00:00,0.0,22.7328659998317,77.88724248371119,82.21031606002255,6.154289150329266,0.0,1.842889329596056,20.0
2024-03-28 01:00:00,0.0,22.024018259709578,82.08779618039935,38.04200075075623,4.057144241809477,0.0,2.108867094629233,20.0
2024-03-28 02:00:00,0.0,22.70210465525647,87.6872372060406,77.56118509253275,0.41082364955555284,0.0,1.686694297461412,20.0
2024-03-28 03:00:00,0.0,23.668685289007897,86.15166510065248,96.44766539008116,3.4728847430569774,0.0,2.4308370315599106,20.0
2024-03-28 04:00:00,0.0,23.445632025529623,82.05456235566785,20.376645912768907,2.6522852250267457,0.0,2.0414293943049966,20.0
2024-03-28 05:00:00,0.0,24.05194002152998,93.80107740363674,52.33296311947413,6.860911539434868,0.0,2.0989666363238753,20.0
2024-03-28 06:00:00,0.0,25.415033403111853,72.50930436739307,28.713795808457554,9.487904976919182,0.0,2.1794473358165978,20.0
2024-03-28 07:00:00,0.38766014129080917,28.6078179231499,62.90988899835321,79.28544190338394,2.6804718737863773,77.53202825816183,2.6072100941741847,20.0
2024-03-28 08:00:00,1.614914109328325,27.65876877897658,74.36371283365095,57.75933658811575,8.114659391516817,322.982821865665,2.709254188886237,20.0
2024-03-28 09:00:00,1.7487915733423358,29.74486564269887,67.53966777187776,63.45824175503038,0.5535981693840952,349.75831466846716,2.739505015946056,20.0
2024-03-28 10:00:00,1.359531418424579,29.61203706339838,75.9153453303703,79.79141596158941,5.381210100398132,271.9062836849158,1.6177639922766185,20.0
2024-03-28 11:00:00,3.151110326600674,33.15289260337779,69.73981384299739,39.59704726624549,0.7055006370989458,630.2220653201348,2.1120038973314457,29.871511078057665
2024-03-28 12:00:00,2.0557971326473945,33.44775946052615,65.61374132574716,91.50900684070432,9.340329911306393,411.1594265294789,1.6706435887521054,33.530469745062916
2024-03-28 13:00:00,3.4621910214211695,31.11313155430148,65.18606944683108,53.302886724614,7.663512805573902,692.4382042842338,2.316125573653954,44.41809149885147
2024-03-28 14:00:00,3.942588342020738,33.84540655678205,64.98847159887909,15.7954822835348,6.579499112045923,788.5176684041476,2.4719056826516708,58.38957676285761
2024-03-28 15:00:00,2.240293435106369,32.242670921469056,69.50704320928813,69.58991181688025,8.238963816246642,448.0586870212738,1.5131333737099337,65.29759734612374
2024-03-28 16:00:00,1.5057266799148021,33.62394470973692,58.874697337104095,79.32613504382545,6.475197955701631,301.14533598296043,1.9290727674550032,60.841322740437406
2024-03-28 17:00:00,1.724680458095513,30.752992619606292,65.47440179206885,31.67616770675267,9.68944397174291,344.9360916191026,2.1315369097426604,56.55862324941481
2024-03-28 18:00:00,0.459123828297358,29.689342444301328,65.92604939288748,85.7179256998753,7.139579478647715,91.8247656594716,4.1763844409078175,24.979675880993753
2024-03-28 19:00:00,0.06285540185116105,30.237796859912446,71.82451977414668,90.61432547657664,9.246586095822467,12.57108037023221,3.0751090087123316,20.0
2024-03-28 20:00:00,0.0,30.15031079333121,64.6758541098036,27.690448737780894,5.17131892010638,0.0,3.9556892943779687,20.0
2024-03-28 21:00:00,0.0,25.265783645407986,78.44718614878747,98.3521472715222,1.1706441298186265,0.0,5.120990890891255,20.0
2024-03-28 22:00:00,0.0,24.51034071248873,76.39612510820481,14.071152804875842,5.281777214230171,0.0,5.637747129233354,20.0
2024-03-28 23:00:00,0.0,25.15565025244451,72.23000295740415,20.201566840248997,1.268728280630933,0.0,1.6230878534032707,20.0
2024-03-29 00:00:00,0.0,25.932441789413122,75.611539111998,18.422483923802613,5.92493479176405,0.0,2.348736992593174,20.0
2024-03-29 01:00:00,0.0,23.820313886367053,79.59316130625379,89.39897100078704,4.824930605276629,0.0,1.7349062611312385,20.0
2024-03-29 02:00:00,0.0,22.28145729322096,94.59768345144458,65.42925523249619,6.225753978327817,0.0,1.61468124237867,20.0
2024-03-29 03:00:00,0.0,22.23564768774616,89.07672906532163,15.210428322227287,0.10046981054831594,0.0,1.6766234260245914,20.0
2024-03-29 04:00:00,0.0,25.04262264732668,73.57099966734022,44.032341836834895,1.948404916553641,0.0,1.733996478790628,20.0
2024-03-29 05:00:00,0.0,21.9203905753332,81.1040245356626,61.529802506980204,4.913304319121309,0.0,1.7338677436373762,20.0
2024-03-29 06:00:00,0.1716938722619162,25.40044931681503,76.05861219097103,8.34640849893833,9.505035615891348,34.33877445238324,2.3607948898601703,20.0
2024-03-29 07:00:00,0.04273446787431034,27.625313203241046,73.795002081749,88.24163684073388,3.836090403551584,8.546893574862068,2.7078553531506073,20.0
2024-03-29 08:00:00,0.8322142969249327,29.00482169175791,69.87317370058778,80.36035354415351,4.243720260536347,166.44285938498652,2.1801477258937823,20.0
2024-03-29 09:00:00,2.1626128688334467,31.571784151543532,66.897005189274,50.52067735766382,7.146960890066222,432.52257376668933,3.4009549393802834,20.0
2024-03-29 10:00:00,1.1322778670898692,31.638910611480046,55.59250168724952,96.71266152591704,6.0379275728611805,226.45557341797385,2.2922159038047747,20.0
2024-03-29 11:00:00,2.8331068665774244,31.065576032759587,68.53750756745757,41.77609792750997,2.989261500983332,566.6213733154849,1.9062748005595864,28.80490462716946
2024-03-29 12:00:00,1.3471943905000348,32.8737811472028,72.26193166354432,98.41103190364979,4.108163955674278,269.43887810000695,1.9911531743104505,22.026391113375603
2024-03-29 13:00:00,2.481150009972976,31.95946597366544,57.72027048444663,66.79199988036271,2.1769979885723245,496.2300019945952,2.307511596305149,23.675956043219955
2024-03-29 14:00:00,2.6348314620952733,35.14344481854365,58.43013618396508,63.467127325394145,9.660214591302086,526.9662924190546,1.8179760494466215,31.436082463382153
2024-03-29 15:00:00,3.6723218041010073,31.46652605086375,74.59987212894038,16.5954895295785,1.3063438155735974,734.4643608202015,2.2689132100912617,44.76846410647474
2024-03-29 16:00:00,1.3088618426567071,33.6894184432587,57.52131951964415,88.1927758304644,3.7183678456641944,261.77236853134144,1.6484101233826371,41.19427167778073
2024-03-29 17:00:00,1.706151108123453,32.09935046531924,62.37771829762118,42.74896879206152,0.2583897222001119,341.2302216246906,2.372110408793027,34.18417377599575
2024-03-29 18:00:00,1.0225659183996743,28.108018110443858,75.51876526353469,16.223340578247935,2.2177949193354642,204.51318367993485,5.709620003747368,20.0
2024-03-29 19:00:00,0.0,28.727424632551166,72.4375200064536,1.260751997575904,7.804711383801549,0.0,5.793474273331867,20.0
2024-03-29 20:00:00,0.0,26.6808049472322,66.98112866005448,55.975568363838256,2.0117523228887944,0.0,4.73568016559736,20.0
2024-03-29 21:00:00,0.0,25.440885846173934,78.41084729032414,52.739962212267635,0.800634025289656,0.0,3.055666617209581,20.0
2024-03-29 22:00:00,0.0,26.22277677393277,78.49750816200951,71.93536223691585,4.744531798445233,0.0,3.319092399081497,20.0
2024-03-29 23:00:00,0.0,23.911187521199196,76.0158374359949,89.02580530178021,0.09969234734518495,0.0,2.30874222902112,20.0
2024-03-30 00:00:00,0.0,24.246793391762097,79.76427346501784,7.9406584643029525,0.8476615442633317,0.0,1.5549578746500665,20.0
2024-03-30 01:00:00,0.0,23.26343764483622,86.85093419985208,73.14964903403623,8.07625869562975,0.0,2.1587776784877044,20.0
2024-03-30 02:00:00,0.0,24.245556814683624,78.58683749719155,18.741194409758222,7.714733448596064,0.0,1.666566250084406,20.0
2024-03-30 03:00:00,0.0,23.045290336584642,81.2093476339804,85.8177053157164,9.15138820404896,0.0,2.3536957139810397,20.0
2024-03-30 04:00:00,0.0,23.77990780501066,90.61542274307598,81.90635138616561,8.545154359107496,0.0,2.0721377471653533,20.0
2024-03-30 05:00:00,0.0,25.08873524840809,85.54693762167453,54.07937549855444,6.831755632398181,0.0,1.9661910363289383,20.0
2024-03-30 06:00:00,0.30376640139790967,24.20506811465974,88.88429071384287,71.02427986233116,0.5233285730066284,60.753280279581936,1.8942419878349164,20.0
2024-03-30 07:00:00,0.518793901463517,28.60679356409108,68.79911025778573,31.43501131837484,7.828486179866575,103.7587802927034,3.1478228120667957,20.0
2024-03-30 08:00:00,1.6052450654240162,26.393541098959588,74.77137886852337,47.116789893281464,8.455108108405604,321.0490130848032,2.1353503264512,20.0
2024-03-30 09:00:00,1.3351501979061726,30.886320299161376,72.5243118907765,82.16368977104716,7.990821457719544,267.0300395812345,3.510473062399904,20.0
2024-03-30 10:00:00,2.303260334948661,30.94123982217027,67.22758931590272,45.92651971732139,5.084790353080261,460.6520669897322,2.039089005206794,22.50962763254774
2024-03-30 11:00:00,3.6068950829314947,30.617917916826407,71.13483817226268,35.77982653254418,2.3290183864948166,721.3790165862989,1.901229999611692,38.71344592408587
2024-03-30 12:00:00,3.280852184520968,31.20001038655324,66.47323855832848,49.421244725029986,8.453299756887267,656.1704369041936,1.5644376255526922,55.01938423428449
2024-03-30 13:00:00,2.5118196504374786,32.38825162815071,66.64785183075278,82.82492524372184,7.2716280974013845,502.3639300874957,1.6985829782260833,62.74513262029274
2024-03-30 14:00:00,3.9216277780674034,31.67164820848713,67.48477920850935,33.520804737087275,9.807611743888515,784.3255556134807,1.9619192934106375,81.36236322453202
2024-03-30 15:00:00,3.4342126734463525,32.54860593416929,67.19900216355798,17.37615931357438,1.5569259775593292,686.8425346892705,1.686768416270009,95.0
2024-03-30 16:00:00,1.9538264855906906,32.18213827139934,74.18453971552418,71.20140203307808,2.256645830520551,390.7652971181381,2.2086035243406688,92.31813643421076
2024-03-30 17:00:00,1.065431514799085,31.382453401451336,75.82333163050136,82.59782127080818,2.117981498815027,213.08630295981698,2.121856085484576,81.19787779541612
2024-03-30 18:00:00,1.343042243158926,31.298648207191142,72.01238659204449,10.063747852353334,7.925397676213367,268.60844863178517,4.937072005348615,49.618930426995064
2024-03-30 19:00:00,0.0,29.845351147847317,66.81653245739177,23.98741127559447,1.8690729645011817,0.0,5.150174348044352,20.0
2024-03-30 20:00:00,0.0,27.629302084783816,77.80345409500924,14.19719897609939,0.6665982982330609,0.0,4.026230387913213,20.0
2024-03-30 21:00:00,0.0,26.836579674380015,79.91145041316751,34.79414115821666,9.985608065856287,0.0,3.536885451405003,20.0
2024-03-30 22:00:00,0.0,26.051436538175544,81.5262326638429,45.035097890541266,0.24817211445149145,0.0,3.624139962798808,20.0
2024-03-30 23:00:00,0.0,24.537152219130967,86.22646513546682,74.88263369633064,8.352440601588656,0.0,2.3892900220719557,20.0
2024-03-31 00:00:00,0.0,23.204949966713084,82.68683315634522,65.11475848816741,3.653668415506528,0.0,1.9759759686597462,20.0
2024-03-31 01:00:00,0.0,24.098533702064774,76.84012801890626,62.092856747843115,8.416154597578153,0.0,2.4571065528560325,20.0
2024-03-31 02:00:00,0.0,23.688436519874667,84.32204207094681,35.23749466096544,5.54620491211145,0.0,1.9530240136012065,20.0
2024-03-31 03:00:00,0.0,23.742986260611488,84.78116992488877,84.144755308476,9.016312294863601,0.0,2.210875627583542,20.0
2024-03-31 04:00:00,0.0,26.012729989365216,78.69836747685778,47.128716739816454,9.261929864146266,0.0,2.2005069956788805,20.0
2024-03-31 05:00:00,0.0,25.21956882486066,76.54957146386845,97.91049380151546,0.09098181280775997,0.0,2.450324538967273,20.0
2024-03-31 06:00:00,0.21027038465160394,27.365727355968456,73.65580173692997,63.41421382957368,0.7541217599278827,42.05407693032079,2.0471151083286356,20.0
2024-03-31 07:00:00,1.3441158158027657,27.934632829716318,73.4527936254232,12.626474156450273,2.503587295708555,268.8231631605531,2.1222059129732074,20.0
2024-03-31 08:00:00,1.3072782869247903,28.45860045387763,77.62391171270339,67.6177562075434,6.6931541636350165,261.45565738495804,3.6464198843612716,20.0
2024-03-31 09:00:00,2.6612851078582964,28.914187258972024,68.63044388623254,32.5104015431699,8.88272196511506,532.2570215716593,3.334797249121615,20.0
2024-03-31 10:00:00,1.792238143693782,30.31859396528281,74.10191595149672,68.63271966860974,4.599419512939628,358.4476287387564,1.5822718906762065,21.994679403666968
2024-03-31 11:00:00,4.608654600862986,29.44235588354158,67.29255370737928,6.964114816240574,6.069731162742654,921.7309201725972,2.1675288182241697,45.18537433873572
2024-03-31 12:00:00,3.9598402349295845,33.067655082388725,65.24093327306437,17.48814371759594,1.8849985279556114,791.9680469859169,1.5565146243880623,68.01696763888017
2024-03-31 13:00:00,2.29202630989079,34.2539125457192,55.65723399785828,85.57372589057863,8.049668338816854,458.40526197815797,1.9677762649860346,71.09734306547534
2024-03-31 14:00:00,3.8831031649630776,33.593336599631364,64.1226128369659,22.71795570235149,9.673281113534697,776.6206329926155,1.8877831574463788,90.05288313688398
2024-03-31 15:00:00,1.3723189380519214,34.10811433889702,58.532909961775175,83.704112524294,2.6859893291459747,274.46378761038426,1.6110463872918983,87.53996261856842
2024-03-31 16:00:00,2.5806898703712657,32.39759704417941,67.35487353069794,27.927608845441043,4.948259516005463,516.1379740742532,2.047039143620656,92.60964452269921
2024-03-31 17:00:00,1.2873674896738532,30.658178170777845,66.02283609103706,64.28819100587077,0.861161105063738,257.47349793477065,2.4508410342291116,80.36255458001227
2024-03-31 18:00:00,0.9840179845455319,30.643286671882024,64.92952482113162,69.4150573509831,5.591366564629684,196.80359690910637,3.3355194145248372,55.60990794865116
2024-03-31 19:00:00,0.0,27.84733811918414,70.48788563806359,51.265475314505295,5.027834418466806,0.0,3.4783802933603014,24.030960580230108
2024-03-31 20:00:00,0.0,27.135827920826035,75.7916164790912,30.531067669673128,1.444364841550776,0.0,3.1395554890352058,20.0
2024-03-31 21:00:00,0.0,25.05970847410869,80.52819344313205,21.264437637109612,4.42066213118075,0.0,3.2861214236940826,20.0
2024-03-31 22:00:00,0.0,26.309846061119426,76.63816087244021,3.318935456242622,3.341046520865633,0.0,5.172577339962465,20.0
2024-03-31 23:00:00,0.0,24.704294631990837,81.60903451209269,30.39464012407238,5.218308753051893,0.0,2.472627741396419,20.0
2024-04-01 00:00:00,0.0,25.741403677978546,85.45642249577277,65.3162790531283,5.856543354287992,0.0,1.8654258803022472,20.0
2024-04-01 01:00:00,0.0,25.22784139664653,74.79036261404308,93.83048184484826,0.08495578607209509,0.0,2.494949986121942,20.0
2024-04-01 02:00:00,0.0,26.26329880029957,76.18681989645454,87.1204482263052,7.610059829495554,0.0,1.9950924499931562,20.0
2024-04-01 03:00:00,0.0,22.72511917159341,77.16877445328365,76.60647765353026,7.130142918617408,0.0,2.0046246829316976,20.0
2024-04-01 04:00:00,0.0,26.503808620965756,73.42382043874048,78.84473432532987,3.662863862065222,0.0,2.3742720265915165,20.0
2024-04-01 05:00:00,0.0,25.675341797282762,80.68201787419437,66.49849034759953,0.5293593556881826,0.0,2.395909138731491,20.0
2024-04-01 06:00:00,0.0,25.71164858079596,73.22416216523098,26.0286857566003,7.549325397850504,0.0,1.55296640560971,20.0
2024-04-01 07:00:00,0.23334687249534494,29.291576683671035,78.54401303030608,90.71950307058299,9.551751604781325,46.66937449906899,2.653916840540353,20.0
2024-04-01 08:00:00,1.3557582284734306,30.96420127252359,73.99531694848622,67.0732311905834,2.401515960220142,271.1516456946861,2.865128998536863,20.0
2024-04-01 09:00:00,1.7841669702017249,31.083925267383314,65.32744677925047,56.04406309804399,3.235246137370379,356.83339404034496,2.864334510347972,20.0
2024-04-01 10:00:00,4.094205907763324,33.05704341916537,60.40676342970789,11.098946921348107,1.8381288948181496,818.8411815526647,2.3118107694391945,36.93275381407923
2024-04-01 11:00:00,3.4764298163401324,33.91728030669275,65.56631978693088,44.70555438064254,5.769361233448397,695.2859632680264,1.9396615323705906,51.53205251178987
2024-04-01 12:00:00,3.2017691932955428,33.87325244987524,63.763153525843045,46.03582712019263,1.5484139464745494,640.3538386591085,2.19356245597047,61.11001651637806
2024-04-01 13:00:00,2.0659777613061205,33.39846387066839,62.05778864795478,86.45636095226699,3.5619394346137945,413.19555226122407,1.87728572437124,62.902590867259434
2024-04-01 14:00:00,2.7328303825772626,33.23007691267245,69.52051476011063,54.66482201877885,6.970130139342629,546.5660765154526,1.5656904293406466,73.99042042300728
2024-04-01 15:00:00,3.143973639634184,33.99072058576951,58.74084614940627,38.04005489704097,5.601159830093484,628.7947279268368,2.4139221990663042,80.92590910840214
2024-04-01 16:00:00,0.8667800783310652,35.280467277681254,53.82831263720542,97.68003285106593,3.8646256432793527,173.35601566621304,2.0747092028675755,68.21086569222834
2024-04-01 17:00:00,2.228501603941168,32.266767077372045,72.99763202224035,11.072059332631568,4.2024960180754185,445.70032078823357,2.257813305694266,67.90232146324836
2024-04-01 18:00:00,0.9095737826744763,31.41964499714727,76.89735244022687,42.25484283119446,5.621108826232295,181.91475653489525,5.970595471387071,36.32337409482731
2024-04-01 19:00:00,0.0,31.647205489962346,70.33138968709233,4.202467517140529,0.05864727887161303,0.0,5.164408613614461,20.0
2024-04-01 20:00:00,0.0,30.95137546107038,69.37388993658445,73.99041207669303,0.7850986845360985,0.0,3.8479669582720337,20.0
2024-04-01 21:00:00,0.0,29.97888862658442,73.48825709507653,91.80765521991506,8.812580677630116,0.0,3.9784491513580846,20.0
2024-04-01 22:00:00,0.0,26.455129929176486,77.78070388060362,28.003732955048942,0.7787898909129076,0.0,3.297880038890411,20.0
2024-04-01 23:00:00,0.0,25.029542012628422,87.0895923056935,85.83416767991208,7.068035962105052,0.0,2.1713340311030054,20.0
2024-04-02 00:00:00,0.0,25.029542012628422,80.36759204256576,29.221823046189776,9.200381641090527,0.0,1.672167645464451,20.0
2024-04-02 01:00:00,0.0,26.408517626880798,76.67345288736126,91.07701616439152,2.706836043017311,0.0,2.2739805962669104,20.0
2024-04-02 02:00:00,0.0,23.824431471408783,85.88857309320923,75.3961903596784,3.7049143705951426,0.0,1.6925348177237733,20.0
2024-04-02 03:00:00,0.0,26.19738412978065,80.45588146802793,80.49067768414386,5.689214058447163,0.0,1.8191395155341934,20.0
2024-04-02 04:00:00,0.0,25.47928916621986,76.21990693850715,1.80065556004545,8.817089696385846,0.0,1.7996978313800045,20.0
2024-04-02 05:00:00,0.0,25.712699266996893,77.3823731302584,96.2810357074026,9.419055872604202,0.0,1.8149095475267163,20.0
2024-04-02 06:00:00,0.24265841815286082,25.2582358876167,85.18359465677052,72.66709920703232,7.39563248111268,48.53168363057216,1.5985150734685338,20.0
2024-04-02 07:00:00,0.9816135640793267,26.932649322680536,71.08426906034123,30.47510953861333,0.8661976085469403,196.32271281586532,2.423230654698763,20.0
2024-04-02 08:00:00,0.8644982206969593,29.072165784282127,81.87040385181717,82.9394664858847,6.691541555348508,172.89964413939185,3.5317319738776165,20.0
2024-04-02 09:00:00,2.2464586134296964,29.98583140044568,66.10783033160061,28.152119841492997,4.10303721872662,449.2917226859393,2.603207132594329,20.0
2024-04-02 10:00:00,1.6489816797184862,33.44682284011154,64.32628525976516,87.2753839566128,4.7070099949106154,329.7963359436972,1.5896782566593801,20.563382519061506
2024-04-02 11:00:00,4.410214090501864,35.16768036607644,54.66380151060339,11.258039041193701,0.4914839034517704,882.0428181003728,1.9143831693562765,44.273776269944584
2024-04-02 12:00:00,2.7997043075700594,35.086064058937886,62.70068046980781,70.36859774607957,1.9106213934635818,559.9408615140119,1.6490422091752075,55.205066204695676
2024-04-02 13:00:00,3.054606281371062,35.542613059994714,57.11510802260625,54.069847664491036,7.905136075336477,610.9212562742124,2.2194768931764646,63.138795392544345
2024-04-02 14:00:00,4.400405890638141,34.44828688869195,56.7396208686734,9.653447019544082,4.5395883304785976,880.0811781276283,1.5467771501901133,90.24826842680062
2024-04-02 15:00:00,3.2139337947167834,35.46172601228003,48.46588091206758,24.189382825883897,3.0166224163114883,642.7867589433566,1.9610533305271882,95.0
2024-04-02 16:00:00,3.398417961111661,34.30099587829757,66.33718034994483,1.240403627731479,3.8401907396495814,679.6835922223322,2.1361365304281312,95.0
2024-04-02 17:00:00,1.4541453707705778,32.39530341046473,62.95426258599351,46.876796546450585,8.543995133256802,290.8290741541156,2.370327593704692,85.35597660069352
2024-04-02 18:00:00,1.3879963407002516,33.82246334299379,57.62107284310576,30.126526076000037,7.489990174049569,277.5992681400503,4.437727125117991,53.777029232272476
2024-04-02 19:00:00,0.0,30.825879130383246,63.883089229690924,59.83574842977588,2.7231539718108277,0.0,5.577233083351028,22.198081863851424
2024-04-02 20:00:00,0.0,28.025221458761607,73.12698442349594,29.72378077086172,1.175018402123733,0.0,5.80381616423176,20.0
2024-04-02 21:00:00,0.0,27.728925385164658,71.45946459402941,29.99191115069847,2.519982216440717,0.0,5.077336443724641,20.0
2024-04-02 22:00:00,0.0,26.29419594488435,81.19482043576599,74.31931987316034,9.207564510547337,0.0,3.7709065616978124,20.0
2024-04-02 23:00:00,0.0,26.793758205409148,68.2531306735168,4.814283597835345,5.8158883784975535,0.0,1.671816178301277,20.0
2024-04-03 00:00:00,0.0,25.47903070059527,75.62170844691424,90.28949951919873,5.334802087447828,0.0,2.27909793979317,20.0
2024-04-03 01:00:00,0.0,22.38945876034682,85.29892385336937,85.22638743911814,5.963935996924615,0.0,1.9320427135264764,20.0
2024-04-03 02:00:00,0.0,24.95507557572037,79.53784302905132,66.78046832264066,3.6602826574651526,0.0,2.2680899052191403,20.0
2024-04-03 03:00:00,0.0,24.167399857648032,75.32625746339566,59.32215701073843,8.071070203195127,0.0,2.04401229136311,20.0
2024-04-03 04:00:00,0.0,24.517275071746322,92.55303101249163,89.23024981396523,5.232862493002498,0.0,2.310126635011959,20.0
2024-04-03 05:00:00,0.0,25.994933500871266,85.91376821025004,18.533017952871443,1.1674790276879554,0.0,2.3544293867817303,20.0
2024-04-03 06:00:00,0.13476037418818973,27.79668416009162,77.99694189900278,7.896916219082861,1.2906512482906296,26.952074837637944,2.2722263733856796,20.0
2024-04-03 07:00:00,1.085577689040408,27.883892803869994,69.24675877093328,23.95101699095381,5.368591465026183,217.11553780808163,3.0077943965851652,20.0
2024-04-03 08:00:00,0.7952832189601188,28.709376008727048,71.16968777292125,79.45782787001903,9.365702180708391,159.05664379202375,3.883389663003319,20.0
2024-04-03 09:00:00,2.924649713199396,30.289077954767425,63.6931526752049,3.4670266726483323,3.083521216761987,584.9299426398792,3.679716006799171,20.0
2024-04-03 10:00:00,2.562200609732368,33.33510461726863,68.02284615859021,58.280683508348964,8.695411688592182,512.4401219464736,1.7070008315580452,28.124397892656066
2024-04-03 11:00:00,1.6569370680005824,33.189183035229355,72.36253621988759,99.54375161913099,7.6409558657887935,331.3874136001165,2.148825876500614,22.94662096107679
2024-04-03 12:00:00,2.3263311265533004,33.87145385079919,65.03192812339468,85.56960938375394,2.4781244290690685,465.26622531066005,2.0245189426558095,25.813836708102954
2024-04-03 13:00:00,3.2806701089359342,33.70591309652895,58.87137749881402,52.14456890435895,0.36340748316242455,656.1340217871868,2.456660088424213,33.64193190296431
2024-04-03 14:00:00,4.528358705913087,34.26913588880206,53.918680950497325,6.364090928664234,1.0184726514238274,905.6717411826174,1.8754511200572126,58.844553968595115
2024-04-03 15:00:00,1.6020237713114205,33.41131299411694,68.44062095500492,83.13735143857099,7.284939338474402,320.4047542622841,1.5095617128504784,59.72294352397406
2024-04-03 16:00:00,1.935150148262515,34.15650802676775,68.49217075112853,59.89785081772106,1.996697380406467,387.030029652503,1.555379134147958,63.330768158062355
2024-04-03 17:00:00,2.3817584333922195,33.2469145605787,61.292313095411615,11.493299705956684,3.7127092050539376,476.3516866784439,2.1180324841811373,65.83616467556763
2024-04-03 18:00:00,1.2594773715157574,32.52017642160027,64.90169823520536,9.38572848233562,5.016991660064249,251.89547430315147,5.126571339612824,34.25721730714658
2024-04-03 19:00:00,0.12659487467366493,30.31061131710879,69.76864967487607,90.96268194365923,7.254681684501628,25.318974934732985,3.255501500131669,20.0
2024-04-03 20:00:00,0.0,31.149191323334463,72.00616787603839,66.92002629380784,1.1323122325912538,0.0,3.660963086137285,20.0
2024-04-03 21:00:00,0.0,29.72313579949764,62.39896233454319,82.92867993167555,4.063664052774615,0.0,4.122317211949516,20.0
2024-04-03 22:00:00,0.0,26.044917711864173,76.28259751129697,87.89789002822673,4.850729091426954,0.0,5.822240169232998,20.0
2024-04-03 23:00:00,0.0,26.739610644678695,80.8137934937651,57.17723520483222,5.408270639715397,0.0,1.5097309601555229,20.0
2024-04-04 00:00:00,0.0,26.49108410715538,68.94832450829428,51.74463517550413,8.183606413952166,0.0,1.952750651858036,20.0
2024-04-04 01:00:00,0.0,24.28540433974621,88.60741492100368,43.042741032099016,1.716781950432169,0.0,1.653862969453837,20.0
2024-04-04 02:00:00,0.0,23.777403218598522,84.64929255733153,31.69465877911193,8.078314518266223,0.0,1.8290126137839327,20.0
2024-04-04 03:00:00,0.0,23.32605157094807,82.0817904750209,43.459596085871176,6.928784276966522,0.0,1.9499595763686095,20.0
2024-04-04 04:00:00,0.0,25.374192865066128,73.31596260845112,77.38796557301563,5.558708141989594,0.0,2.163713252520194,20.0
2024-04-04 05:00:00,0.0,25.407336205468855,75.99171098643022,60.19234310151316,6.995278704025719,0.0,2.161349840083063,20.0
2024-04-04 06:00:00,0.06183332542063096,26.935602459375293,59.48127609370877,89.2523289954846,4.120177389516564,12.366665084126192,2.11705424610421,20.0
2024-04-04 07:00:00,0.5845321585599793,27.905090644112555,72.52646471921089,44.33800143791877,1.3839758596812457,116.90643171199585,3.62081986547006,20.0
2024-04-04 08:00:00,1.002264111978122,28.55518550975828,73.714755292677,60.7089578718754,6.657652402653673,200.45282239562437,3.034931107307453,20.0
2024-04-04 09:00:00,2.144899512293568,30.133713854977064,68.63927800378706,63.130755309198875,5.246723066856223,428.9799024587136,2.866684060736646,20.0
2024-04-04 10:00:00,2.0061637015556637,32.16208569264678,69.98778149429488,59.16971623063255,6.393748005427755,401.2327403111327,2.1077227478371263,20.0
2024-04-04 11:00:00,2.721544787806419,33.485246513429246,53.6299484462815,70.26337730855164,3.3799878102849004,544.3089575612838,2.4906955658991805,22.193067608118767
2024-04-04 12:00:00,3.60529017486081,34.16134977878207,64.21131341519823,23.74334683748063,9.068665773398358,721.058034972162,1.6848973952231994,40.43679901467606
2024-04-04 13:00:00,3.0008992580417613,36.429381679441335,62.287189592135235,51.23637775457907,5.87369868575577,600.1798516083522,1.9537489539375514,50.384726903666056
2024-04-04 14:00:00,4.583520664270274,36.70804604754355,57.21095130229213,10.422480280834767,0.8540248429087383,916.7041328540549,2.48956328182914,70.27732203685683
2024-04-04 15:00:00,2.8094250948284025,34.37283318013085,63.19444266623146,38.45113276448126,4.498039907044287,561.8850189656805,1.872676095495838,79.1764375305162
2024-04-04 16:00:00,2.508407833564045,33.2079995385658,71.26165478972781,48.76670686212644,7.563560547436343,501.68156671280894,2.0482159106549207,83.54826079815287
2024-04-04 17:00:00,1.2835428373391229,33.64957016988995,58.36676401724938,65.22242595454725,7.941345617322724,256.7085674678246,1.910781742909435,76.94574600267589
2024-04-04 18:00:00,0.2904884232435106,30.135730162743528,80.95195095166423,95.05310525862035,4.945970527637588,58.09768464870211,5.151897455062603,45.366798634254835
2024-04-04 19:00:00,0.0,31.929132082614345,59.20785652131343,60.06510665483559,8.94747570831301,0.0,4.028707930652645,20.0
2024-04-04 20:00:00,0.0,29.29149356904625,68.75813435709931,74.35939161765597,2.676684371942976,0.0,4.382226651783515,20.0
2024-04-04 21:00:00,0.0,28.110948404984278,74.9370867376546,50.626605949520275,4.105986972382666,0.0,5.707360617616562,20.0
2024-04-04 22:00:00,0.0,26.334892628981194,74.41241200255725,63.41040313763313,8.985969105689701,0.0,4.556986369296495,20.0
2024-04-04 23:00:00,0.0,25.663613345104725,79.24227290430647,7.093221613377343,8.96256716471579,0.0,1.7210658650472168,20.0
2024-04-05 00:00:00,0.0,23.18611077162476,81.02673338948007,25.439158084184697,6.857127688246809,0.0,2.212621079348322,20.0
2024-04-05 01:00:00,0.0,23.42817427393276,83.34774428408166,36.185309320513866,8.589805471222201,0.0,2.3944653793150907,20.0
2024-04-05 02:00:00,0.0,25.5286987158899,74.33401338581062,47.249335500651355,0.8877326695623267,0.0,2.27991577910541,20.0
2024-04-05 03:00:00,0.0,24.66858785830223,83.42931140540219,4.564874550238374,8.649949762077764,0.0,2.115835515464432,20.0
2024-04-05 04:00:00,0.0,26.416202792152752,71.39255192869499,14.002409755331769,3.2061990655022674,0.0,1.9633834858663197,20.0
2024-04-05 05:00:00,0.0,27.089266071045152,74.8350399428625,27.68143077913058,1.7833151242821632,0.0,1.5501688434986887,20.0
2024-04-05 06:00:00,0.053633229721603996,23.749666523804294,93.06111358865596,97.15326909010507,2.393698363420463,10.726645944320799,2.181681590112417,20.0
2024-04-05 07:00:00,0.9976591223170129,27.281260756039366,71.24890911356098,33.134700710305076,4.179685080138871,199.5318244634026,2.747467033662935,20.0
2024-04-05 08:00:00,1.5647450387150434,30.32777521437192,73.35611346067849,48.20410581120825,2.511920046044672,312.9490077430087,2.299942118926994,20.0
2024-04-05 09:00:00,2.7607702640151723,32.97164941419337,59.804965681742104,19.609771273839293,3.20567586016499,552.1540528030345,3.4498262857046864,20.0
2024-04-05 10:00:00,2.2555412543687274,32.4955165241449,60.84392567251301,61.07800710757682,1.349784860716421,451.1082508737455,1.6352286541180523,25.892969702381414
2024-04-05 11:00:00,3.4649723769801106,34.926374325971906,54.48274188434702,28.068321551597432,2.961767655589985,692.9944753960222,2.2003851331432935,37.90654851883118
2024-04-05 12:00:00,4.47895543324967,33.137183788775125,66.60843802499473,20.699257843842677,5.7228381454200115,895.791086649934,2.248120800110926,59.09947753364925
2024-04-05 13:00:00,3.0749926391669455,35.550105522526415,56.83633815654278,51.65726284459791,4.41853708091064,614.9985278333891,1.7364839859227543,71.81530973946907
2024-04-05 14:00:00,4.726614321678469,35.70321278229228,55.845802456117504,0.5505799160420821,3.467187612359112,945.3228643356938,1.5586295590986154,95.0
2024-04-05 15:00:00,3.784878838437307,34.48520860067598,56.399320489251714,0.7664032649225327,7.46452128857114,756.9757676874614,2.0468020259145123,95.0
2024-04-05 16:00:00,3.0814388992046906,34.107548130159536,57.92003656884782,21.906880910185777,8.935099713933178,616.2877798409381,2.334006913073386,95.0
2024-04-05 17:00:00,2.278576268982589,31.59013406915198,70.86841061067001,3.672136250082114,7.56789222902397,455.71525379651774,1.707730082201778,95.0
2024-04-05 18:00:00,1.2373815932500285,31.59013406915198,77.29641565635546,10.802575413069137,3.320007021176792,247.4763186500057,4.483546370874955,63.421052631578945
2024-04-05 19:00:00,0.1848504537557999,32.1538134385135,64.59233587744362,33.88606493387516,7.444421678375537,36.97009075115998,3.6599406146945443,31.842105263157894
2024-04-05 20:00:00,0.0,31.08956333286258,74.74806224255674,80.25856795798128,1.519801824740512,0.0,4.317283864715626,20.0
2024-04-05 21:00:00,0.0,28.78506771699883,72.34548953738057,57.204864336930086,1.3031798809129091,0.0,5.1980570741904035,20.0
2024-04-05 22:00:00,0.0,26.78731026569488,74.98686502796465,51.26677259564164,3.4562703703615894,0.0,5.926729903306677,20.0
2024-04-05 23:00:00,0.0,26.3796138269971,78.37338004721414,29.348882320812166,8.07702369044057,0.0,1.803861463988722,20.0
2024-04-06 00:00:00,0.0,26.04608556039947,82.85932661469869,93.17537194328163,2.463482472423019,0.0,1.794689985439375,20.0
2024-04-06 01:00:00,0.0,26.78305825569857,80.64684570204693,39.70150412371917,0.6325340889867959,0.0,1.9811318108274651,20.0
2024-04-06 02:00:00,0.0,24.874216734802477,82.09066437261438,8.70927667957715,1.3170953520635509,0.0,2.3506005483015566,20.0
2024-04-06 03:00:00,0.0,24.614944220800194,87.8265958881978,61.70665161178013,8.587449685295802,0.0,1.8814382981490072,20.0
2024-04-06 04:00:00,0.0,25.13198014928312,86.14351669770082,11.38383934766014,6.3378328474728765,0.0,1.7463713986279819,20.0
2024-04-06 05:00:00,0.0,24.80981390916368,80.49874746332398,34.52231428016921,2.5320116336997667,0.0,2.1916294905987987,20.0
2024-04-06 06:00:00,0.13562605741612888,25.78321435891858,74.26277604857992,50.74119387178089,5.552958253281814,27.125211483225776,2.339172810510297,20.0
2024-04-06 07:00:00,0.8229999998725103,29.464666014247467,73.80467691319801,87.42225246851758,5.275796224253504,164.59999997450205,3.9222488037034346,20.0
2024-04-06 08:00:00,1.5486190847604997,30.196930634962758,57.51226139472739,49.35465803401187,6.554359784406612,309.7238169520999,3.222413503716387,20.0
2024-04-06 09:00:00,1.751855496174656,29.74917019089035,70.07168803999272,70.22587660316643,2.331875544216163,350.3710992349312,3.982532997490087,20.0
2024-04-06 10:00:00,1.262903510542028,33.16290257254414,62.93841832882742,99.28168389990704,8.644029871943976,252.58070210840563,2.4660120961276055,20.0
2024-04-06 11:00:00,4.329967512415354,31.530462031678933,67.63937246722337,13.148911989798162,3.0936856208001284,865.9935024830706,2.2978143225530596,39.305455303691794
2024-04-06 12:00:00,3.8155849274337075,34.38707490126269,57.1607359366305,27.47315255195195,6.941316539762369,763.1169854867414,1.6131590065896764,60.22850155171009
2024-04-06 13:00:00,3.453688297312277,34.55322858589125,62.48540507851065,39.45760755976464,0.1612464637221489,690.7376594624554,1.6417152082475726,77.44224589782478
2024-04-06 14:00:00,3.7438128848369603,32.33908739723328,62.88410242350048,42.18281785388314,3.7265712989414723,748.7625769673921,2.184722537221332,92.25360420017324
2024-04-06 15:00:00,3.2498165805724923,34.76911495944111,45.808643718730316,41.102107526554576,3.517098179588083,649.9633161144984,1.8978155951222586,95.0
2024-04-06 16:00:00,1.4280264096873996,33.4289538471748,67.43384847067735,90.76110025565549,5.434844285830145,285.6052819374799,1.8597634616967265,90.4553994525334
2024-04-06 17:00:00,1.3885503300596327,32.16952719695011,63.41574464243737,71.40326444668564,0.727362617771965,277.71006601192653,2.2019448245745883,81.89335214184966
2024-04-06 18:00:00,0.9514015738602634,31.87668840093384,63.79578662124951,60.79052140907037,7.901313737261083,190.28031477205266,5.901166209684931,50.31440477342861
2024-04-06 19:00:00,0.0,30.271314008946437,75.92285958831259,30.93727178627821,2.1778080176756855,0.0,5.099084102872095,20.0
2024-04-06 20:00:00,0.0,29.711124776844667,68.4865058699115,82.37903842212947,6.770378148820102,0.0,4.6064991462671205,20.0
2024-04-06 21:00:00,0.0,28.078278595836913,72.92221291405593,95.5060511484989,8.032121232440932,0.0,4.510675638976567,20.0
2024-04-06 22:00:00,0.0,27.66735528445468,75.57085087553779,82.11982825502265,5.618769562415132,0.0,4.500186979770625,20.0
2024-04-06 23:00:00,0.0,25.848619821719012,83.2084561244204,0.15651051914729042,7.408832067219855,0.0,1.7772250074218823,20.0
2024-04-07 00:00:00,0.0,24.969943057959387,83.77463041124923,63.6401370183407,6.618603122150056,0.0,2.0034041088444616,20.0
2024-04-07 01:00:00,0.0,25.864144526818244,71.99853852144416,5.1135381442100725,3.5552979715200763,0.0,2.4950312250060356,20.0
2024-04-07 02:00:00,0.0,25.013675215793306,76.66521014200579,25.760722033372186,8.088585390335654,0.0,1.5506108407571735,20.0
2024-04-07 03:00:00,0.0,25.013675215793306,86.5832408171803,5.952470034777169,2.9470136988552795,0.0,1.6336702488647021,20.0
2024-04-07 04:00:00,0.0,24.459180988610797,84.49972958246008,60.37954529493877,5.7121291775151715,0.0,1.723675212054939,20.0
2024-04-07 05:00:00,0.0,26.579264504427314,68.87284171136986,68.65899134926067,7.453977391415395,0.0,2.159665931690748,20.0
2024-04-07 06:00:00,0.0606157429306777,25.1384866393408,75.89918527205573,11.448763806590511,3.7895590981250757,12.12314858613554,2.1258902155388277,20.0
2024-04-07 07:00:00,0.6195476974831923,28.52965984171889,79.2728155046967,38.38388830449795,3.0276760761742505,123.90953949663844,3.687276025691589,20.0
2024-04-07 08:00:00,1.6936782082778228,30.856728490712122,70.54799298143034,45.6236508955542,4.593460101728227,338.73564165556456,2.624366433643022,20.0
2024-04-07 09:00:00,2.6252388308928785,32.351774497334844,61.33179452348614,36.90530217609166,8.179634943491536,525.0477661785757,3.5589766929430677,20.0
2024-04-07 10:00:00,3.420446821662485,32.504154550950275,67.37475843319852,12.102500048519305,9.299217631456647,684.089364332497,1.5997236000660688,37.29687060516595
2024-04-07 11:00:00,3.384429739665385,32.9136882946217,66.72416344207377,41.89477901874754,5.450834128598902,676.885947933077,2.1508383588369067,49.0159887230365
2024-04-07 12:00:00,2.699446490824523,33.799533954691434,63.52392947415843,75.11780478084181,6.614662053236518,539.8892981649045,2.236389790050045,53.41502738039405
2024-04-07 13:00:00,4.898264603818851,34.80282571467057,69.02194559348135,7.100766453325546,9.032736222389142,979.6529207637701,2.39009842418767,77.24260608689028
2024-04-07 14:00:00,3.9586209341249377,35.783739433701406,58.66691384911375,8.018001408190345,0.9854685141294239,791.7241868249876,1.753348364472859,95.0
2024-04-07 15:00:00,3.3857533516957083,32.62950826261708,66.97176216457717,35.47712918359842,2.3207857786616506,677.1506703391417,2.4596988005510045,95.0
2024-04-07 16:00:00,0.9135871146641081,33.66328735122827,62.191618869602344,94.1725711618925,7.089000062515824,182.71742293282162,1.7617900011027074,86.07154856380423
2024-04-07 17:00:00,1.127366963100452,33.01975621703307,62.3556117189379,66.85726467229141,8.237444619122996,225.47339262009038,1.6061446528213918,81.03178340884696
2024-04-07 18:00:00,0.8840466752894532,32.92217345650709,63.50669894096235,67.86699566725648,8.570290283305779,176.80933505789065,5.116689571082512,49.45283604042591
2024-04-07 19:00:00,0.07400301328453472,32.33195017683909,69.38290000637433,36.1919990837865,4.1510717685493255,14.800602656906943,4.606192582276431,20.0
2024-04-07 20:00:00,0.0,30.114105805289686,67.9725860855187,59.36607912085384,0.8933990229186684,0.0,4.624418482239261,20.0
2024-04-07 21:00:00,0.0,28.773383408624674,71.8038699671637,1.0131184027743378,4.377814772996199,0.0,3.7489502782749082,20.0
2024-04-07 22:00:00,0.0,27.16601884787457,80.65027538131578,63.60960464095422,2.307345902070538,0.0,4.940818347241915,20.0
2024-04-07 23:00:00,0.0,26.30433072735197,79.66790748444775,91.32869475762368,2.9119645499662417,0.0,2.1300938494554114,20.0
2024-04-08 00:00:00,0.0,25.019906689906943,74.38308660253507,61.25734683448192,7.722675568375058,0.0,1.8848794608843151,20.0
2024-04-08 01:00:00,0.0,24.129443639959792,83.99428441971446,87.3698593466345,0.7552708602588687,0.0,2.4760951791114887,20.0
2024-04-08 02:00:00,0.0,23.809661876656094,73.39968747001505,72.39730554660937,8.27581217480702,0.0,1.774745032440023,20.0
2024-04-08 03:00:00,0.0,24.021052863438243,82.54166836231593,12.055841640369025,4.2766908582416905,0.0,1.6496775055704487,20.0
2024-04-08 04:00:00,0.0,24.419614173386073,84.10195562580314,90.24533072858418,5.96063931100595,0.0,1.735514451556663,20.0
2024-04-08 05:00:00,0.0,25.574337903093813,78.5955960347042,6.644384435577488,0.89652231235679,0.0,1.8468073993179037,20.0
2024-04-08 06:00:00,0.0,26.451603212188818,78.42786987638691,53.39674725477638,3.373590783572796,0.0,1.5050671144972623,20.0
2024-04-08 07:00:00,0.7690691302923424,27.96168973431173,82.83082588962667,14.213712379345766,0.8970091901484578,153.81382605846846,2.6643584998066263,20.0
2024-04-08 08:00:00,2.6271810249184426,30.010066593171064,73.94439367284389,1.1706610730904066,9.615437228811096,525.4362049836885,3.8809754739384994,20.0
2024-04-08 09:00:00,2.190735969833024,29.968882349966886,68.67685585978647,42.2034260127639,8.072616493262505,438.14719396660485,2.9266518782333866,20.0
2024-04-08 10:00:00,3.5247532068127483,35.14042291010224,58.971227603208646,29.504070765415623,4.596327543564602,704.9506413625496,2.1450845035298296,33.106852681187725
2024-04-08 11:00:00,3.132822356228939,31.79737276159728,61.62026205010412,48.6000493797603,2.236025483236711,626.5644712457878,1.9769678910959445,44.087470099951176
2024-04-08 12:00:00,2.9486026213205787,33.691330617976654,51.48353113926056,57.71998867345508,9.334551052498522,589.7205242641157,1.5139807918395118,57.71637748002132
2024-04-08 13:00:00,4.750398378017447,35.15059627075834,66.11304522371341,4.373907230894735,3.445965957269718,950.0796756034895,2.2800609232181683,81.18458330061446
2024-04-08 14:00:00,4.88154221852853,32.84009443749482,64.7639259364043,12.300329512374564,1.6098443168737475,976.308443705706,2.499871438274134,95.0
2024-04-08 15:00:00,2.7596801551160217,32.99461288579732,70.85281432119872,55.86423964504254,5.631643884539549,551.9360310232044,1.991454143568052,95.0
2024-04-08 16:00:00,2.570679970009039,34.93430217546587,57.56441224518796,34.316735317265824,9.43774120344816,514.1359940018078,1.957120574268044,95.0
2024-04-08 17:00:00,1.0210699027953778,33.033422225947916,64.91808579805122,72.9173487549448,0.03830290500322575,204.21398055907557,1.546641450925811,89.46766791441648
2024-04-08 18:00:00,0.6398954959176743,31.251616819308968,61.113675360158766,65.22916485919397,2.381248432539987,127.97909918353484,3.08593779393077,63.71985425112074
2024-04-08 19:00:00,0.44135230336829445,32.50921344369139,58.29130860994263,84.56043629899068,9.384476404104076,88.27046067365889,5.765503529901322,32.14090688269969
2024-04-08 20:00:00,0.0,31.36803292495911,67.24437160360638,69.24928266692253,1.7108596685716204,0.0,3.6566054769886405,20.0
2024-04-08 21:00:00,0.0,29.002499077210338,76.6993480369458,42.99310773901481,1.1324345163981986,0.0,5.712245125623925,20.0
2024-04-08 22:00:00,0.0,26.943493875340792,73.60422344346982,67.29666223944324,5.701872157998045,0.0,5.03746620821889,20.0
2024-04-08 23:00:00,0.0,25.777818156325676,74.21811866906332,27.538117425541852,8.618438232948298,0.0,2.4421466030661954,20.0
2024-04-09 00:00:00,0.0,25.457140910198596,78.89614478893895,30.63134987782127,4.771098176939262,0.0,1.5568390610798195,20.0
2024-04-09 01:00:00,0.0,25.28060687455932,87.64254754224514,78.89851599207933,9.945642566845248,0.0,2.0005396771321253,20.0
2024-04-09 02:00:00,0.0,24.811634298807427,83.60321619454037,44.64195164015822,6.791716995379929,0.0,1.7589960732996328,20.0
2024-04-09 03:00:00,0.0,24.51387447798297,85.4174599027059,79.83803405183525,0.7407490721044774,0.0,2.3142273280730707,20.0
2024-04-09 04:00:00,0.0,26.22492753002036,75.87910994962704,82.24223736682784,9.928321316819753,0.0,2.1366291184450485,20.0
2024-04-09 05:00:00,0.0,26.3502787972759,72.67276054825555,85.75623376612837,4.078942367801904,0.0,1.6913447627018727,20.0
2024-04-09 06:00:00,0.0,25.805841343908682,76.79327715981837,91.66352358412072,2.8740253384548256,0.0,2.0014970955360636,20.0
2024-04-09 07:00:00,0.5596657034875846,31.030071783890126,71.98952150780362,43.098522051329624,5.578791835778856,111.93314069751692,3.4085265736406916,20.0
2024-04-09 08:00:00,2.14274129935913,30.351342122173136,67.71117381454636,31.886681832113883,3.0430759182086433,428.548259871826,2.554679835877879,20.0
2024-04-09 09:00:00,1.9937771555918693,31.707486316314785,65.89770851867537,58.21987465941139,0.8645750712015232,398.75543111837385,2.748210269912613,20.0
2024-04-09 10:00:00,2.824750838372446,33.23715097547872,70.08673801705022,37.117242343762754,0.014283430791767193,564.9501676744892,1.8895952484386282,28.883978104371266
2024-04-09 11:00:00,2.730971413557084,32.88174874078655,70.17077147095128,60.1074166800233,4.495833529202623,546.1942827114168,1.5599047010033638,40.00911187363161
2024-04-09 12:00:00,2.821154590529721,33.082909710435445,59.60244562156581,70.55858626438246,8.368634222265923,564.2309181059442,1.8865578737314928,48.88778068321478
2024-04-09 13:00:00,2.526646375166568,33.866984389564045,62.823192884493466,68.84050184921368,5.723151856300765,505.3292750333136,1.944802991036633,54.41529283244916
2024-04-09 14:00:00,3.6543290081339213,35.424826212376736,64.88795065840773,37.45528870201213,9.992072989434408,730.8658016267842,1.8780307668743104,71.29012612441545
2024-04-09 15:00:00,3.2713195367475683,35.27587280306066,57.28332484981271,16.68602016987528,2.8684664564719995,654.2639073495136,1.621415765311954,86.96421195305379
2024-04-09 16:00:00,2.6442553381430645,34.51423200985693,61.64445240434737,43.05293384622075,2.8045506476005535,528.8510676286129,1.7046916746217904,95.0
2024-04-09 17:00:00,2.1679753456669437,31.894118113705517,61.435686420107594,14.259414408190874,1.597494602339442,433.59506913338873,1.5020806391762858,95.0
2024-04-09 18:00:00,0.39740310833783826,32.09417646917364,69.51331417443511,89.00970351838083,1.6406358826533518,79.48062166756765,3.9833582074852703,63.421052631578945
2024-04-09 19:00:00,0.0,31.345221829599563,75.27516162335104,34.58774607378574,2.8518659601004783,0.0,4.697425902558523,31.842105263157894
2024-04-09 20:00:00,0.0,28.50395505983011,79.10306078087376,15.445974722332378,7.928400452735271,0.0,3.5407009554553834,20.0
2024-04-09 21:00:00,0.0,29.905737788251184,87.63676247054698,2.5447759905750877,9.05756790636448,0.0,3.4110330860652853,20.0
2024-04-09 22:00:00,0.0,26.595537712075895,70.24435969205702,64.58223862864843,9.750871697076812,0.0,4.226434237176946,20.0
2024-04-09 23:00:00,0.0,25.107214193616326,77.56055420007867,63.69023174547432,2.3228965409645266,0.0,1.5043736791009796,20.0
2024-04-10 00:00:00,0.0,25.363681989408924,79.24063225816646,34.060416658129164,8.812975456140917,0.0,2.1736543307822433,20.0
2024-04-10 01:00:00,0.0,24.891247094641187,83.75104816172917,7.171188884765101,3.2825508927733704,0.0,2.343183626657351,20.0
2024-04-10 02:00:00,0.0,24.37869132861042,85.88297737608261,40.9628894895232,1.1284054451688441,0.0,1.5485259515766931,20.0
2024-04-10 03:00:00,0.0,24.306270958394954,75.05385457255223,31.12174950633936,8.700249255201657,0.0,1.6181968105149855,20.0
2024-04-10 04:00:00,0.0,24.96878504547744,73.8776636168309,67.71206397350093,6.361056346436186,0.0,1.8401709503884895,20.0
2024-04-10 05:00:00,0.0,23.48349152676566,77.36863260723162,60.57792494526903,1.6473089608106173,0.0,2.1444780259798835,20.0
2024-04-10 06:00:00,0.14121603303898972,28.58611413142131,73.01819426575484,36.459372819754,4.2983125751300255,28.243206607797944,2.423846624192696,20.0
2024-04-10 07:00:00,1.0834337810748091,27.717104976136465,70.53022333991669,21.78925542549901,2.8725769487706767,216.6867562149618,3.7905896283126777,20.0
2024-04-10 08:00:00,0.624461453711002,30.164552414394183,73.54476212158343,98.80359661555919,7.36794568710197,124.8922907422004,3.154269669738515,20.0
2024-04-10 09:00:00,1.952928530768631,30.313735553021246,73.61500923845782,45.40016211961149,4.53416230624268,390.5857061537262,3.216140895398163,20.0
2024-04-10 10:00:00,1.7081102238949428,32.30517263458051,61.55725586629614,68.82742357802371,9.89279945106385,341.62204477898854,1.959611671773604,20.0
2024-04-10 11:00:00,3.8797088927388117,34.07720063901609,57.251672177578975,14.055296757836079,0.5474498225959512,775.9417785477623,1.5289118232665573,42.33257215998641
2024-04-10 12:00:00,2.6725313408919122,33.865929618958035,62.958878543921806,48.55896996593978,3.5501526613624668,534.5062681783825,2.0393745588240275,48.34756158963132
2024-04-10 13:00:00,4.543161354342669,34.34428504131547,53.723242893437,2.7536719869465487,4.819001671099774,908.6322708685339,1.963946541722013,72.85010230952754
2024-04-10 14:00:00,3.3186255096342268,33.685795322614624,59.778032658847486,50.545511791044994,5.031335547483198,663.7251019268454,1.6528281777258922,88.67517696265672
2024-04-10 15:00:00,1.3771479638440645,34.52626687319559,64.44234534533265,96.40174071177023,3.1593582238563678,275.4295927688129,1.9452791168372445,82.69484903641272
2024-04-10 16:00:00,2.7921425667095763,34.51398813285418,54.53967626644458,38.420671298580025,7.292402490975681,558.4285133419153,1.8049955183026858,92.07274599627817
2024-04-10 17:00:00,2.452047414656092,31.615232125862043,59.47206126814418,3.8996012574911587,8.747470734889747,490.4094829312184,1.55097206881889,95.0
2024-04-10 18:00:00,1.1174049374643027,32.601236788151674,74.10710081444752,3.095579091934353,9.38719301977863,223.48098749286055,3.8684090660176085,66.04206180470203
2024-04-10 19:00:00,0.20347320338474797,30.53773958265946,69.1437963231798,38.798675994686946,8.050933767995263,40.6946406769496,5.146708906419216,34.46311443628098
2024-04-10 20:00:00,0.0,29.179830491779274,68.93891137696305,16.002493646319405,8.505801973065994,0.0,5.8755558245442785,20.0
2024-04-10 21:00:00,0.0,27.29815482393129,70.1874733062655,2.335209632818591,5.505453006199955,0.0,3.5927921545232384,20.0
2024-04-10 22:00:00,0.0,26.649326606341404,74.2631514198243,75.62136139501769,8.258882264268145,0.0,4.926980675852395,20.0
2024-04-10 23:00:00,0.0,28.12310100990234,64.79246695127601,45.85230088818907,3.035039091479522,0.0,1.6223648287660244,20.0
2024-04-11 00:00:00,0.0,25.762393990838678,81.62575199624132,28.924477197265453,3.984787621092144,0.0,1.5215899111426754,20.0
2024-04-11 01:00:00,0.0,24.022029684410665,81.08028185298194,90.00831830164807,3.169130138185443,0.0,2.292105779414958,20.0
2024-04-11 02:00:00,0.0,24.951547491239506,81.42951326741199,11.613896020052561,4.673873354479254,0.0,1.7364039589531146,20.0
2024-04-11 03:00:00,0.0,23.340078512239923,82.39849561028961,95.59188289553192,2.8557961623863637,0.0,1.8712349344741195,20.0
2024-04-11 04:00:00,0.0,24.502713431011482,81.16068933056182,31.396671737735282,9.616114422544468,0.0,2.2148704106773853,20.0
2024-04-11 05:00:00,0.0,27.23428002787701,76.36702294037087,88.84036723086813,3.1284462800566812,0.0,1.7717805011911971,20.0
2024-04-11 06:00:00,0.1440571798989065,27.305960024437837,81.86806830432327,60.294287647946156,0.9804453811093983,28.8114359797813,2.2127530020599315,20.0
2024-04-11 07:00:00,0.0,27.19742334720108,75.74201569906388,82.67073597414874,5.268171660504134,116.90931811400978,2.5427380300501126,20.0
2024-04-11 08:00:00,0.40619341919561003,28.97154900209961,67.1553332660478,98.40131632104642,0.5709907844517637,81.238683839122,2.0444412790398765,20.0
2024-04-11 09:00:00,2.5500556583801637,30.95507072309976,72.40163937615057,28.840543781874572,1.1054316630858052,510.01113167603273,2.0869367986474296,24.399629167460972
2024-04-11 10:00:00,1.4939904162380038,33.507707699313364,60.94122287284306,96.1135485407593,2.193893891962463,298.79808324760074,1.5354189732808639,23.963539093325604
2024-04-11 11:00:00,3.725354762298922,32.93326755571515,67.90503473250249,38.94818949024204,4.643502498821417,745.0709524597844,1.7495218575861524,42.733951688096916
2024-04-11 12:00:00,3.538710455579192,32.73543497489482,64.63726320317818,38.55119047369223,4.332509323090279,707.7420911158384,2.1260444704657164,56.15427854667494
2024-04-11 13:00:00,3.6582866747821443,35.222706566011034,57.44330325937092,34.03871042545057,7.996918620027912,731.6573349564288,2.491956370803152,67.23441643447538
2024-04-11 14:00:00,1.9944939828000106,33.6602025926513,60.12406875305347,54.14076073475852,7.394746538841134,398.8987965600021,1.674946513757988,70.2701173903746
2024-04-11 15:00:00,4.007436625177285,36.421727703063254,53.167591822269046,15.41450431784871,4.263182939907013,801.487325035457,1.6863652309305173,92.32029563571888
2024-04-11 16:00:00,1.9950919741386692,34.547006553741646,51.445562264592084,55.37114853580112,3.3370420757562993,399.01839482773386,2.0255949898283734,91.99921126003778
2024-04-11 17:00:00,1.5639192796852934,34.80617577839541,61.42647783816869,54.1704812410004,3.164687840614986,312.78385593705866,1.5176314089340246,92.43894603217484
2024-04-11 18:00:00,0.5898866421401516,34.20330981525776,64.75413851793834,76.190181260487,7.73995087294009,117.97732842803032,5.402660311437538,60.85999866375379
2024-04-11 19:00:00,0.0,31.30073168042161,58.95233202424329,83.36499619375856,0.5207240622126974,0.0,4.389732436451424,29.281051295332734
2024-04-11 20:00:00,0.0,29.10869689605954,66.9489335584974,44.044135031242405,0.12821649510605826,0.0,5.572852499304836,20.0
2024-04-11 21:00:00,0.0,27.952783198201583,69.19932295571785,30.233324935149376,7.9554439192664805,0.0,5.990960702672585,20.0
2024-04-11 22:00:00,0.0,26.718805987802572,75.26696772899172,25.933489731709447,4.7714637598904925,0.0,5.7451671893284635,20.0
2024-04-11 23:00:00,0.0,26.72580845086078,82.71162062018766,19.462383670487192,1.3088113855357597,0.0,2.267740809852709,20.0
2024-04-12 00:00:00,0.0,25.4331384686532,79.11899600603063,5.764758219902488,2.3556593459450124,0.0,1.5438470187109632,20.0
2024-04-12 01:00:00,0.0,24.126289557537078,74.76250791320389,34.244797883471335,9.325039530973825,0.0,1.9497779415657033,20.0
2024-04-12 02:00:00,0.0,24.613160011392782,84.74688599508274,27.024769213078326,8.59502975624898,0.0,1.5451109955203939,20.0
2024-04-12 03:00:00,0.0,23.085987441887983,75.08768775665511,96.64173858664074,7.097850502239726,0.0,2.4654909384377848,20.0
2024-04-12 04:00:00,0.0,26.85561717305177,82.45240736423789,55.77088262500439,4.822252303373266,0.0,2.213253031251271,20.0
2024-04-12 05:00:00,0.0,26.59983055523867,83.15250566784653,34.72770390305075,5.203236261913857,0.0,1.7371943511339354,20.0
2024-04-12 06:00:00,0.12315237170326315,27.376325957646575,78.27947172666268,58.0467600993696,9.752445352839587,24.63047434065263,2.4514055157101584,20.0
2024-04-12 07:00:00,0.7800349492534296,28.658667362335464,72.64358568987618,13.91967013456955,9.65770443884287,156.00698985068593,3.161134047181575,20.0
2024-04-12 08:00:00,1.7990252873966668,30.43633738082933,66.77237618702132,44.40437492022029,2.152690457858343,359.80505747933336,3.9942988795163337,20.0
2024-04-12 09:00:00,1.637411925114538,31.733415115745057,70.9318631396093,62.62343214210638,8.111045663053181,327.4823850229076,3.102808949811801,20.0
2024-04-12 10:00:00,2.759771754249631,31.11572396363958,65.33244736437973,48.889783179245136,1.972426661670168,551.9543508499262,2.3249338376407946,24.130960207783943
2024-04-12 11:00:00,3.4204097029759386,33.91634075941696,54.735551971633214,40.177880065432426,2.135374778839514,684.0819405951877,1.8375488131003253,39.16813866160227
2024-04-12 12:00:00,1.64615289748908,34.138255355458696,61.337587908514124,99.38483888996981,6.760930341645768,329.230579497816,1.8955991818498275,36.54238829991019
2024-04-12 13:00:00,1.9263276810537702,34.30222684057884,57.442550213185974,88.0314762148927,4.050010985875484,385.265536210754,1.7863965784275786,37.87173377485901
2024-04-12 14:00:00,3.1991378931384737,35.356665119869405,60.25677478279019,62.34059581594401,9.315444071065201,639.8275786276947,2.0763088198890567,48.53860997072847
2024-04-12 15:00:00,2.461088804310579,34.49033368272381,67.07321024422637,56.93773611822828,0.8900973489600883,492.2177608621158,2.14452513567036,51.545964822810554
2024-04-12 16:00:00,2.009017708680095,34.422230002124685,64.27059514223937,62.06604798245841,5.115256408094931,401.803541736019,1.6996480191813341,54.48497687304879
2024-04-12 17:00:00,2.201829298099053,31.933449341156674,74.89208240303965,20.131210782243325,9.185215304431212,440.3658596198106,2.497235071587587,51.37544241527474
2024-04-12 18:00:00,0.9549765875996157,31.825637163587466,62.72063839000863,39.51377432643186,9.041136604795051,190.99531751992313,5.210938787163455,20.0
2024-04-12 19:00:00,0.1709272876006219,31.12822147285084,66.21774555458342,3.945953289089932,1.5652921341574122,34.18545752012438,3.2644639327568976,20.0
2024-04-12 20:00:00,0.0,30.420396161254484,74.49849106396303,47.554603748682666,3.6663770009645646,0.0,4.019029015637006,20.0
2024-04-12 21:00:00,0.0,28.65654771121136,72.09622262788216,54.302458395766315,6.191214000466962,0.0,3.191414232293805,20.0
2024-04-12 22:00:00,0.0,26.27311061679529,82.67981667657067,22.77497361032096,1.5939488477140218,0.0,3.1171638552376684,20.0
2024-04-12 23:00:00,0.0,25.135539465047895,85.67472113412799,96.40288471655137,9.680221720457387,0.0,2.222147518742797,20.0
2024-04-13 00:00:00,0.0,25.477182334814145,88.21779199607215,90.9454610937242,9.147493287276603,0.0,2.277373129210549,20.0
2024-04-13 01:00:00,0.0,23.014636358056705,87.1150835561491,72.21432354559059,1.6695017903446918,0.0,2.234115301064419,20.0
2024-04-13 02:00:00,0.0,24.310018576502923,81.55373523845338,53.33866287653626,1.2115546126098542,0.0,2.4016441777703093,20.0
2024-04-13 03:00:00,0.0,25.752455065707693,79.16501098830122,86.99691596476849,0.854084828082653,0.0,2.3827368389822445,20.0
2024-04-13 04:00:00,0.0,25.57855774335322,64.16187979440299,13.065234382346292,9.094436640366311,0.0,1.915754387675602,20.0
2024-04-13 05:00:00,0.0,26.910126756887845,75.57471047000989,79.0509794274885,1.9362380979546079,0.0,2.2881440139679112,20.0
2024-04-13 06:00:00,0.1685360012799973,27.283224958610717,70.63890874420548,12.48208139668483,4.1628492854435475,33.70720025599946,1.8503175258723286,20.0
2024-04-13 07:00:00,0.3295112876844858,28.922167270955928,79.21389797768595,79.42106625494054,4.4885136565200305,65.90225753689715,2.99996706320967,20.0
2024-04-13 08:00:00,1.692572165597839,31.19974274219864,70.41753631784299,27.576756825135696,5.990110442135675,338.5144331195678,2.2935875188739256,20.0
2024-04-13 09:00:00,0.8124327849230253,31.68093788500119,66.97666328007739,87.7090581018189,0.7173534374742496,162.48655698460504,2.6842826345940782,20.0
2024-04-13 10:00:00,0.820819963609329,31.370132650862626,67.74188659591726,94.40420938253979,2.2675861740051593,164.16399272186578,2.0346667548928825,20.0
2024-04-13 11:00:00,4.038948365082583,33.20536057851643,55.27828136434961,14.879596940511563,9.31490386918926,807.7896730165166,2.4041079054576358,35.530984366437
2024-04-13 12:00:00,3.374080622974134,34.39284687900427,56.3239349286737,46.267560506539354,9.084101072685694,674.8161245948268,2.3764084885794823,45.00886964318619
2024-04-13 13:00:00,1.287227570479862,35.124403169905676,59.66248448761676,98.09873781626851,7.812906474056922,257.4455140959724,1.9570252804809394,37.95836743264853
2024-04-13 14:00:00,3.4573783543396197,34.47735586986362,60.063820171543924,48.34074359731466,0.19401245618215435,691.4756708679239,2.4383297785765183,47.639328902398
2024-04-13 15:00:00,1.4756592310307952,33.20572800652246,62.323507248949525,86.35475225145451,3.2700676849610213,295.131846206159,1.944064737394252,42.70874462488793
2024-04-13 16:00:00,1.8396068273842527,35.34041367019534,58.087721946565324,58.87315221313199,6.279587353429078,367.92136547685055,2.210104094592831,38.80877339111342
2024-04-13 17:00:00,1.9684800336397787,32.98305122362203,64.21842424552102,37.53299079196019,2.751902117734757,393.69600672795576,2.0811085216985052,37.6232103589163
2024-04-13 18:00:00,0.8590148983176181,31.53475457083092,64.12370717071842,28.57835555258702,9.095866950537774,171.80297966352362,5.784435662686926,20.0
2024-04-13 19:00:00,0.02450739561091575,29.292258300882768,64.48781240928867,20.322309108608728,6.338894618324419,4.90147912218315,3.798263207606849,20.0
2024-04-13 20:00:00,0.0,31.015945146294232,60.835693924305716,76.17981913776973,0.719067173164456,0.0,4.320099459012016,20.0
2024-04-13 21:00:00,0.0,29.418289227377148,61.09073358781723,38.65405068230279,9.09005588835703,0.0,3.7255049848633965,20.0
2024-04-13 22:00:00,0.0,26.639295499550425,75.62297377577994,51.12754622007512,9.577666581762225,0.0,4.0090219155623,20.0
2024-04-13 23:00:00,0.0,26.711533413041096,81.29041151141418,49.23254800011819,0.7771241839172549,0.0,2.110927622788029,20.0
2024-04-14 00:00:00,0.0,24.714210483064146,84.25669331165327,57.727902923313124,5.323602348613149,0.0,2.3850537530299656,20.0
2024-04-14 01:00:00,0.0,23.09393167503357,75.7983822124384,86.55771456245522,3.0336428221417044,0.0,1.9053516136255215,20.0
2024-04-14 02:00:00,0.0,24.108732285092458,77.33791138451623,98.07393435834294,3.928390764814024,0.0,1.8193003203267573,20.0
2024-04-14 03:00:00,0.0,24.29197817586086,85.73661560852814,40.758420857381694,1.796512179553419,0.0,1.6236918320673792,20.0
2024-04-14 04:00:00,0.0,24.40072770127119,76.52851708714404,82.7518922106303,5.780721020124125,0.0,2.4718470542807887,20.0
2024-04-14 05:00:00,0.0,26.010849651983804,71.33508282489609,76.45277946547176,9.579793532488907,0.0,1.739652133016095,20.0
2024-04-14 06:00:00,0.0,26.431294293402946,81.96880510936748,57.352895145557326,5.03072600271609,0.0,2.3907579670089913,20.0
2024-04-14 07:00:00,0.5972729021365096,27.66382121943952,73.88374533577145,95.60471436119332,0.8291458139448116,119.45458042730192,3.3130661398060037,20.0
2024-04-14 08:00:00,1.6604309473275571,29.263466747903877,65.39384659006541,20.04745155284028,6.200013334774084,332.08618946551144,2.71519905137292,20.0
2024-04-14 09:00:00,3.4985918338001576,32.34140620860028,67.26011402796244,10.92642103096214,3.4022299445125705,699.7183667600315,2.5385690396174185,29.12021654473602
2024-04-14 10:00:00,1.8222134137508874,33.157421945993825,69.432541412155,85.39619669554222,8.559251895912979,364.4426827501775,2.395145736824568,23.089349986065702
2024-04-14 11:00:00,3.6662979753526503,31.906048328337334,62.18908270438584,43.91498166337483,4.346781483164702,733.25959507053,1.8615554958702616,40.234403541148396
2024-04-14 12:00:00,1.6336213702888875,34.71828434066563,64.94366020202838,84.69688542070605,1.928396089422456,326.7242740577775,2.425154818390544,31.902472508499386
2024-04-14 13:00:00,1.9243543932766118,35.124650590714516,66.89935244953273,89.30902051954149,1.9110562269114495,384.8708786553224,1.7143082621618317,33.89791075408979
2024-04-14 14:00:00,4.4751233241753265,35.34382877448562,57.555667773750194,6.245759361907144,7.6876418072116035,895.0246648350653,1.981705479844009,57.585380275237306
2024-04-14 15:00:00,1.8111351806573808,33.68110750194069,58.453527178681654,88.34647629860606,2.655875983073599,362.22703613147615,1.7190668218595995,58.46002968381623
2024-04-14 16:00:00,1.9411397468383382,33.956897620064304,65.85286061876245,44.831905536942216,7.67233394159223,388.22794936766763,2.3855990948498356,53.78151023106362
2024-04-14 17:00:00,1.8570111002043257,34.883193908875185,62.99683575458117,51.04324890042322,2.0588731076659936,371.40222004086513,1.5107389817979824,57.07109535592389
2024-04-14 18:00:00,0.6697592639698644,31.851716862072596,71.38554612103462,62.659251109321026,3.216863687013094,133.95185279397288,5.082673467548176,25.49214798750283
2024-04-14 19:00:00,0.0,31.561145444005316,67.34337389895099,92.63826067300867,4.654869724396994,0.0,4.013988093935769,20.0
2024-04-14 20:00:00,0.0,28.666252759280884,71.04259726013161,1.911609442976403,9.431958496934508,0.0,3.440571445920607,20.0
2024-04-14 21:00:00,0.0,27.651702319534817,69.62792959310455,47.68434683178171,9.317314247538246,0.0,5.6759097383268164,20.0
2024-04-14 22:00:00,0.0,28.393924530541074,69.11977550826701,68.77220424305607,2.068718754222878,0.0,3.248242511669614,20.0
2024-04-14 23:00:00,0.0,25.458559758636554,91.80805809974491,72.27069576982285,3.582190412430728,0.0,2.4779579469545046,20.0
2024-04-15 00:00:00,0.0,25.014810936379327,85.91275295975896,69.2532431537108,1.4939938845377232,0.0,2.2751427640453388,20.0
2024-04-15 01:00:00,0.0,24.94257012830845,73.41293881790152,13.443512940812186,5.099850793134971,0.0,1.574619055568708,20.0
2024-04-15 02:00:00,0.0,23.304424671776555,80.07856492491318,29.93955883716812,4.605825506946665,0.0,2.218909815325211,20.0
2024-04-15 03:00:00,0.0,26.328111418581617,77.01663669072583,35.87155254170135,9.007601624507323,0.0,2.015295437631446,20.0
2024-04-15 04:00:00,0.0,25.390196272768726,77.28418623208785,80.4437207679505,9.300053777910726,0.0,2.3332292639878056,20.0
2024-04-15 05:00:00,0.0,26.121039843064,82.14607767017334,27.875987241455302,3.835673910072921,0.0,2.253585358999495,20.0
2024-04-15 06:00:00,0.0,26.357278406117285,79.63830048476692,21.070496386720315,4.917379430189895,0.0,2.497897852754217,20.0
2024-04-15 07:00:00,0.2684113997239358,26.2168705783161,85.84160055250027,95.74480190380962,8.962362491461331,53.682279944787155,3.3867940525450693,20.0
2024-04-15 08:00:00,2.247018595293901,31.337942029992277,69.43483440099176,0.88632851134689,8.067078077450615,449.40371905878015,3.3788234168610254,20.0
2024-04-15 09:00:00,1.031656964727055,31.629084652891187,63.837727460078774,99.78208556819781,0.03656311344649277,206.33139294541098,2.156776853940517,20.0
2024-04-15 10:00:00,1.9864876928437623,31.955372376933557,65.26136038329491,67.68212988573956,3.2005956418358252,397.29753856875243,2.105852968383896,20.0
2024-04-15 11:00:00,1.8009124133319705,33.57299599265794,67.43763233626332,82.84692994491171,4.217742419361259,360.1824826663941,2.2983961490029907,20.0
2024-04-15 12:00:00,4.157893224527014,33.96835225542403,69.72818672680737,29.461939634619316,2.2971628368323174,831.5786449054028,1.6861005619392415,43.482030294583836
2024-04-15 13:00:00,4.768448283447546,33.72255194006964,58.184593707862135,1.4315277667059978,1.9957161589593875,953.6896566895091,2.1742101603876476,68.12729246365286
2024-04-15 14:00:00,2.0406071992582198,35.58339214358335,65.44808225456102,73.78695185615301,0.3778450659567967,408.1214398516439,2.4111695845150214,64.22663577673916
2024-04-15 15:00:00,1.7658576529900918,34.14408059685249,48.801542952477675,83.41445970006758,6.433697250697605,353.17153059801836,2.0888248932482933,60.826980616126505
2024-04-15 16:00:00,1.246853074035261,33.51194630139551,61.64602391940724,74.04761319535191,2.6251029048316568,249.3706148070522,1.7442902945371646,55.590799347685405
2024-04-15 17:00:00,2.3349468251989443,32.55042388662868,65.28107426468738,14.285028730083859,0.5234717843131309,466.9893650397889,1.983469064323351,58.929838076003534
2024-04-15 18:00:00,0.2910218676940037,32.26617786520418,66.02611492012502,75.34279222569691,2.3097931052806366,58.20437353880073,3.891447956066975,27.350890707582487
2024-04-15 19:00:00,0.0,31.05480138748388,77.6325238956943,76.8922782107641,8.019139528361265,0.0,3.7278210508603564,20.0
2024-04-15 20:00:00,0.0,31.44401765000044,68.94779172521434,65.85405156700548,8.514891816465466,0.0,4.3462222525425185,20.0
2024-04-15 21:00:00,0.0,28.668711233669253,72.51916923947492,76.61159327955862,4.830662451933026,0.0,3.226755277216342,20.0
2024-04-15 22:00:00,0.0,28.66277728917947,79.17992888896916,84.59214396777321,4.160706704086862,0.0,4.429337208881486,20.0
2024-04-15 23:00:00,0.0,25.914497303256734,77.88657464577372,61.360411423745845,9.778536935017817,0.0,2.352147983852009,20.0
2024-04-16 00:00:00,0.0,25.5577305244934,82.98742300935794,8.860471396967906,2.005646595880699,0.0,2.164217972278882,20.0
2024-04-16 01:00:00,0.0,23.368824485369313,85.40218439604374,48.76278096672109,2.153592828546085,0.0,1.9282507002599032,20.0
2024-04-16 02:00:00,0.0,24.85823459401445,89.70258596789512,7.764933467160507,2.9186717703639973,0.0,1.5185803340550992,20.0
2024-04-16 03:00:00,0.0,25.36471576296179,72.13224342173842,40.75430310324308,1.7275731828108731,0.0,2.4232393837281876,20.0
2024-04-16 04:00:00,0.0,25.176797702121522,75.02925856715,40.71064891256276,3.793655982041866,0.0,1.9562430258462946,20.0
2024-04-16 05:00:00,0.0,27.13034390552454,74.17951562337,6.600984414024158,9.108342269897538,0.0,1.8806461466974573,20.0
2024-04-16 06:00:00,0.0,26.896871937648623,73.611127530112,34.88205339694793,6.153478406285743,0.0,2.1464685204315495,20.0
2024-04-16 07:00:00,1.3148665451512636,28.862710602996877,66.74605141690824,11.099809879131485,4.119465486122636,262.9733090302527,3.2011153121212583,20.0
2024-04-16 08:00:00,1.289483776262334,29.14832575715623,81.43986963013592,80.82352100092221,9.344107945712148,257.8967552524668,3.955694174656114,20.0
2024-04-16 09:00:00,0.791797486983795,29.256592007277877,61.88843848375279,94.76880259644707,0.4846423247582232,158.359497396759,2.9285338048522265,20.0
2024-04-16 10:00:00,3.710655371382576,32.09882404501643,61.86356062186495,7.231647525793861,2.1027617790186137,742.1310742765152,1.9662567411173733,36.57178698751943
2024-04-16 11:00:00,1.1894067603769722,32.68085354600198,65.60622788332454,95.51152072917014,5.65888605101759,237.88135207539443,1.777958157130985,30.37650912695088
2024-04-16 12:00:00,3.3776584124580133,30.973851605581032,66.60484638666983,52.25765993367452,6.155526231931791,675.5316824916026,1.6264909593202543,47.01259993175959
2024-04-16 13:00:00,4.447807999149151,33.27028844417052,63.366139142770834,29.95656779538739,0.39557506562613143,889.5615998298302,1.9677897704725416,70.57277310418739
2024-04-16 14:00:00,4.421752899777715,31.624226572371725,66.16050462740182,7.686207527616351,4.030387579071322,884.350579955543,2.0285151711597607,93.30853152605796
2024-04-16 15:00:00,2.9247016709790126,31.847085145534507,71.84848759519606,50.06242680704178,6.491539648308727,584.9403341958025,1.8776290801401445,95.0
2024-04-16 16:00:00,0.8967350007193187,32.034513798279875,59.785117235848666,79.45155444907486,6.980705464034016,179.34700014386374,2.3895964631361934,79.28566881666448
2024-04-16 17:00:00,1.249378275605377,34.83657910247207,63.407112972741366,70.70864772666981,6.381399025162693,249.87565512107543,2.2091369915594257,69.1829454908324
2024-04-16 18:00:00,1.1814096309504725,32.078077713895986,67.19845128574524,5.022601146397376,3.2056322436092453,236.28192619009448,5.950479617399324,37.60399812241133
2024-04-16 19:00:00,0.0,30.185503419943327,62.74662595465631,7.290183536790352,0.9352012359790951,0.0,4.564624347580542,20.0
2024-04-16 20:00:00,0.0,28.15501333139159,79.10418050679878,40.28732826326371,4.271124464193341,0.0,5.144308075497778,20.0
2024-04-16 21:00:00,0.0,27.20535213975267,69.57203359737241,29.52904940479433,1.2875443736805547,0.0,4.114623673348766,20.0
2024-04-16 22:00:00,0.0,26.156403387468288,76.57436787120636,23.238432305604782,9.47623658520667,0.0,5.2858885166678675,20.0
2024-04-16 23:00:00,0.0,26.839960977328985,74.7680956205667,28.10044989087136,4.751708660226282,0.0,2.4269406231201085,20.0
2024-04-17 00:00:00,0.0,25.349396282615267,88.54590052757877,80.34827432968846,3.1725917435686757,0.0,1.8895276083725534,20.0
2024-04-17 01:00:00,0.0,22.63995729273854,85.79205715143134,92.92280536318539,7.663040711189001,0.0,2.1226878136965484,20.0
2024-04-17 02:00:00,0.0,24.73053366721134,76.6655123772581,40.510269452756646,4.9794859258226385,0.0,1.7753448501384441,20.0
2024-04-17 03:00:00,0.0,24.707980314858396,78.86302397516627,90.61110021324971,3.100340240124501,0.0,2.0784477558526966,20.0
2024-04-17 04:00:00,0.0,24.428052339376052,80.50710698064233,32.1495701247882,8.119677423908017,0.0,2.3933429528041916,20.0
2024-04-17 05:00:00,0.0,25.05767337854633,81.19935713671282,47.64369863437916,8.67152151001122,0.0,2.0109305765941476,20.0
2024-04-17 06:00:00,0.30861424469117277,26.282441360799947,77.41270829651614,22.602899781599973,6.73008166288677,61.722848938234556,2.249008054248478,20.0
2024-04-17 07:00:00,0.5792331373496687,28.63374263502344,74.70550940674444,64.0476042175844,0.46964422407667294,115.84662746993374,2.685084331318702,20.0
2024-04-17 08:00:00,0.9316739178979947,32.02701041832861,64.15184730862504,97.89811151748088,5.663228801665321,186.33478357959893,3.253791359621434,20.0
2024-04-17 09:00:00,1.861015052987454,30.048701893474874,70.14516952414806,60.34930960433786,7.632949119972816,372.2030105974908,2.9829564688368926,20.0
2024-04-17 10:00:00,2.6017343483850413,31.693406925321618,69.5474438432811,35.78140841135489,1.3650301208358218,520.3468696770083,2.275495751636078,23.09926666911515
2024-04-17 11:00:00,2.704504455974754,33.467530469302346,62.08443765080964,64.78174459905284,2.2867075138460335,540.9008911949508,2.3055842491436276,26.889008634010846
2024-04-17 12:00:00,4.5407547639570485,31.31990487788178,67.16693140009981,12.292067846538757,8.824951050681364,908.1509527914097,1.967410500257465,51.33577913915689
2024-04-17 13:00:00,2.088881459325246,35.05370418218965,53.99480652720375,88.86590802653987,0.20121721853074037,417.7762918650492,1.8247928707883156,53.84462073025773
2024-04-17 14:00:00,2.8922965358891894,34.6980786170316,63.000614060029314,50.30839507798363,7.52727137825976,578.4593071778379,2.0437901899298723,61.90543101687125
2024-04-17 15:00:00,2.5098862574384695,35.10831187717113,59.98261744323435,44.93497420396421,4.737732925144229,501.9772514876939,1.887821088724876,67.81505011965038
2024-04-17 16:00:00,2.081942289483691,33.85646830766962,63.22945834010819,58.58647884535192,4.467721588396069,416.38845789673815,2.200982006021827,66.56200047188052
2024-04-17 17:00:00,0.9132830233160502,33.42135539236496,58.7838877085737,62.47838627894025,0.07096532494887176,182.65660466321003,1.7410297323359258,57.84887721903973
2024-04-17 18:00:00,1.3514962587918697,32.05047105368346,62.219790013071275,7.177580622651303,8.193982309664928,270.29925175837394,3.0241578648758436,40.24191294447158
2024-04-17 19:00:00,0.22818744497846077,30.135463144557576,74.66252981085735,68.26172212234025,3.5982490063656645,45.63748899569215,5.8006869348081995,20.0
2024-04-17 20:00:00,0.0,30.246277593610408,74.0114006829207,24.193168031552958,5.407656313005429,0.0,4.083271736985878,20.0
2024-04-17 21:00:00,0.0,30.248947017957715,72.54026476082527,71.39526325065899,6.773006863356594,0.0,4.861028583951648,20.0
2024-04-17 22:00:00,0.0,26.51787571567853,78.1474831320072,82.25347943841967,7.026295764379158,0.0,4.0669452984950905,20.0
2024-04-17 23:00:00,0.0,24.351387940391454,79.07341121254835,80.39585075525203,9.559800588260723,0.0,1.6726272702692238,20.0
2024-04-18 00:00:00,0.0,24.81502224972599,75.5753850505181,55.25009674078891,5.313399532366091,0.0,1.993441700562566,20.0
2024-04-18 01:00:00,0.0,25.449400406534373,83.57663336725292,52.016989231075115,3.9971955097442757,0.0,1.672860524988727,20.0
2024-04-18 02:00:00,0.0,25.18166065139744,91.53861742802758,14.287596133941172,9.537036264917079,0.0,2.482468845786694,20.0
2024-04-18 03:00:00,0.0,25.144853564805185,87.46590581772169,77.53461504031355,6.421102350255211,0.0,2.350812666470122,20.0
2024-04-18 04:00:00,0.0,24.54960868441013,82.36951938954974,27.140938044671437,2.981503562765556,0.0,1.6154336399835092,20.0
2024-04-18 05:00:00,0.0,25.10010459164151,84.40817241410481,49.669542281794655,1.2646424540357115,0.0,2.128631215568893,20.0
2024-04-18 06:00:00,0.0,26.75560016446249,79.26809196766204,28.42740929275167,8.425545014651814,0.0,1.6304623614197262,20.0
2024-04-18 07:00:00,0.910707373347399,27.999150371058125,64.84540606882508,13.382836299969314,3.6218160279415157,182.1414746694798,3.413121628645996,20.0
2024-04-18 08:00:00,1.062465210322261,29.818159327409884,72.4319208365921,62.95576968917366,6.604697213644312,212.4930420644522,3.4195345678831073,20.0
2024-04-18 09:00:00,3.131583737718239,30.867199479893348,64.76592499388086,5.4332034822903825,4.708164193658981,626.3167475436478,3.6849328144252516,20.0
2024-04-18 10:00:00,1.6524327560052414,30.861217063023787,65.0080804027926,74.86452341262,1.9892977979503834,330.48655120104826,2.079628527583144,20.0
2024-04-18 11:00:00,3.6586332279168956,31.677835179065184,65.78826712295907,31.758679526111667,6.016866086204651,731.7266455833791,2.0933436571884716,34.870250921920025
2024-04-18 12:00:00,5.1614862057798865,34.73773882996896,56.40341014322481,0.013469300448532007,0.6068306895068232,1032.2972411559772,2.297419971288826,62.07888014958509
2024-04-18 13:00:00,2.9447039672683446,33.45711785483971,67.23471836085518,51.11291392372298,4.1334245987119225,588.9407934536689,2.31210453886409,68.08857471942551
2024-04-18 14:00:00,4.560980364567282,33.450325884243206,60.865713902899444,4.6851908527603126,5.466149396636711,912.1960729134563,2.478098119315713,87.8759560493154
2024-04-18 15:00:00,3.636403212079455,33.480348169535254,61.77983990676734,27.616955782089946,4.36046974118579,727.280642415891,2.0366209028549584,95.0
2024-04-18 16:00:00,0.9637849281472224,33.05138750355304,61.349392478544765,70.69764874557161,7.486721752509908,192.75698562944447,2.0219299528037604,83.86163131940488
2024-04-18 17:00:00,2.3537647138245923,31.639304775696548,67.32766419910038,6.268962162186586,8.279249545453125,470.7529427649185,2.105771836622374,86.21756365282597
2024-04-18 18:00:00,0.5100271275714852,32.43304637860395,66.70009848779566,83.93384923560023,7.71243074033178,102.00542551429703,4.566251427486829,54.63861628440492
2024-04-18 19:00:00,0.0,28.139013207633116,76.74221188162656,0.3819922658583108,0.3881294781180211,0.0,5.70893017085237,23.05966891598387
2024-04-18 20:00:00,0.0,28.607535032284343,77.47196134777879,24.682386920190226,1.941287704459722,0.0,4.871587624851988,20.0
2024-04-18 21:00:00,0.0,27.132393727590774,81.63530910829832,74.09040561520715,5.366075092637743,0.0,5.445433792277353,20.0
2024-04-18 22:00:00,0.0,28.0759341227008,74.57692495123669,31.627014972930677,9.348220404438013,0.0,5.289880657676843,20.0
2024-04-18 23:00:00,0.0,25.65496271130747,77.72193777926682,10.189238806601352,8.34956775052117,0.0,1.9420830171893493,20.0
2024-04-19 00:00:00,0.0,25.08773631752376,84.7583354523666,36.02339188004279,8.425345083518017,0.0,2.349713044580394,20.0
2024-04-19 01:00:00,0.0,23.490731434209977,76.66475485697156,27.039328638452552,3.032081937596749,0.0,2.3955617303268775,20.0
2024-04-19 02:00:00,0.0,25.888800103619577,76.44466643680732,84.27119021605549,4.294478970787026,0.0,1.7366435478819013,20.0
2024-04-19 03:00:00,0.0,24.77110611487218,83.48883665034364,31.334791758514314,4.707059473159374,0.0,2.259323568578402,20.0
2024-04-19 04:00:00,0.0,25.154007062624295,75.25297897306314,78.89324717760073,1.5737158334991042,0.0,2.401038497734023,20.0
2024-04-19 05:00:00,0.0,25.439611314132936,70.03205043424153,89.18721448107347,0.31068130244456316,0.0,1.6722648143557883,20.0
2024-04-19 06:00:00,0.32657011893205073,26.196196819902916,80.53756520508807,43.381741957652956,9.469028994605168,65.31402378641015,1.9820893445244798,20.0
2024-04-19 07:00:00,0.273371014200431,26.978989098192155,77.80221735365377,90.9943143854392,2.4071258566350675,54.67420284008619,2.460688311264229,20.0
2024-04-19 08:00:00,1.6088267489907742,29.05354552174495,71.48422557635263,37.73180539631929,2.399489037236313,321.76534979815483,2.68397161057597,20.0
2024-04-19 09:00:00,1.1897334179874657,29.977357293647703,71.39694582851126,96.40784164901082,0.8337905376875954,237.94668359749312,3.944365936374082,20.0
2024-04-19 10:00:00,3.556330308439824,30.563348207820756,71.62860420543817,8.928952452557294,9.285077519437785,711.2660616879648,1.8264943276632515,36.433441817377435
2024-04-19 11:00:00,2.930196194546557,31.882273733257477,68.02882606374077,68.70192665032427,5.79737114939772,586.0392389093114,1.8854241780866443,46.35877597374661
2024-04-19 12:00:00,3.1691717417473906,33.52626358944106,61.8591972154273,49.38140404569287,6.6703685712535385,633.8343483494781,2.224228237306836,55.33573926593187
2024-04-19 13:00:00,3.5710808474367073,34.561299070464074,57.47572930317652,38.76488054556471,9.115768872630525,714.2161694873414,2.3127300494315857,67.29007184698051
2024-04-19 14:00:00,2.7650258719014067,33.0237695196906,66.1768355440044,63.27118787486009,3.4562016890078953,553.0051743802813,2.209377930309889,72.56872729209994
2024-04-19 15:00:00,2.051010473926418,33.569977370611966,61.3433106646768,70.38570916343312,6.215073111380841,410.2020947852836,2.3580780722249437,69.3364367836944
2024-04-19 16:00:00,3.5273136914269423,32.839266264905476,61.28814776643621,0.43632696503090873,0.3879945472888746,705.4627382853885,1.5435465778433755,88.18222436273828
2024-04-19 17:00:00,2.4244702896180708,33.07027513947176,65.8902438717093,16.69530887471987,1.8677252823112933,484.8940579236142,1.925449116551817,92.9229255068677
2024-04-19 18:00:00,0.6632735720562797,31.469989241220034,65.04623506802784,71.30460506343186,8.312458050899425,132.65471441125592,4.313958064685898,61.34397813844665
2024-04-19 19:00:00,0.11682567532371957,31.41917202251668,74.99517456218686,66.63854135782064,7.667683563383357,23.365135064743914,5.319095696117151,29.765030770025604
2024-04-19 20:00:00,0.0,29.362835089125884,75.21069829582935,96.60475051286772,3.5064269145714686,0.0,3.880232730058185,20.0
2024-04-19 21:00:00,0.0,27.11234608883191,84.83708928488363,76.1037790250783,3.768106277742125,0.0,4.783795361846934,20.0
2024-04-19 22:00:00,0.0,25.864683718761228,76.96169419435707,95.0772707731338,5.335544335535794,0.0,4.408280254976875,20.0
2024-04-19 23:00:00,0.0,26.951264529104304,79.24494172178935,70.25405015348069,0.002410046851345493,0.0,1.9933262767965467,20.0
2024-04-20 00:00:00,0.0,24.869554838512332,74.36870675832196,29.805220863944314,2.4124433603802786,0.0,2.2862939288416984,20.0
2024-04-20 01:00:00,0.0,26.350099344926765,73.57588705956073,10.536492225085647,2.0823180860821444,0.0,2.0072136816780897,20.0
2024-04-20 02:00:00,0.0,26.350099344926765,76.30008546550827,78.18238633449356,2.5048294674976344,0.0,1.584213454070687,20.0
2024-04-20 03:00:00,0.0,23.20972816887684,84.20498011175138,64.4149221475916,8.059058425334413,0.0,1.5670656285413758,20.0
2024-04-20 04:00:00,0.0,24.501439950429038,95.0,4.818601239329623,2.7967385654644317,0.0,2.206900901675721,20.0
2024-04-20 05:00:00,0.0,26.828831440456856,80.98592628022733,36.005046590097834,1.9152132205014816,0.0,1.909558732916755,20.0
2024-04-20 06:00:00,0.4582785370996123,28.099415601792938,83.20927524320297,95.67998154842861,5.0426346079303155,91.65570741992246,2.4472478767062626,20.0
2024-04-20 07:00:00,0.6997781868900971,26.726815486389874,75.87988119225061,50.04011457102012,8.65645036372732,139.95563737801942,2.5762904972230567,20.0
2024-04-20 08:00:00,1.4780675986509602,28.556059356667564,74.50514310796683,43.272913601970465,2.4134970383749987,295.613519730192,3.865912084284157,20.0
2024-04-20 09:00:00,2.574748182875518,32.86669376627512,64.25330152753648,45.7699605159294,0.7853624279279869,514.9496365751036,3.4037467089086224,20.0
2024-04-20 10:00:00,3.4005677986533818,33.95532621614979,69.53002070390143,20.88827240051637,3.564047358496647,680.1135597306763,1.5781214307897442,37.31324049470456
2024-04-20 11:00:00,3.2178780085083534,31.026318561907175,74.82739530800492,36.87071708647952,7.476518245649778,643.5756017016706,2.4532160305061863,44.57752928572515
2024-04-20 12:00:00,3.375504730297871,33.89314467782142,64.83213435125299,36.98132559871766,5.506905446947946,675.1009460595742,2.195308108093531,55.78939719666638
2024-04-20 13:00:00,4.6920433199293,34.74098940901505,59.619389358040884,5.2355020187472405,8.167933695743475,938.4086639858599,2.1683633472854424,79.76435693678302
2024-04-20 14:00:00,2.0346052704511903,34.21870634733043,60.969916135194815,76.75676285179182,9.59592147609234,406.9210540902381,1.5631052248586785,84.24360736991187
2024-04-20 15:00:00,2.8616578072703063,35.2294586275783,58.9158963232414,41.6504431903879,7.92662476751617,572.3315614540612,1.6780159472215264,95.0
2024-04-20 16:00:00,1.2842808707585425,33.120207885970125,69.21986128525376,82.21798868164232,6.038030788437534,256.8561741517085,1.992879179544084,87.54107043383641
2024-04-20 17:00:00,1.2719535679867349,33.495579296816295,68.36716130409116,85.03480011198954,4.933415880523805,254.39071359734697,2.1011294099302686,78.81290367653605
2024-04-20 18:00:00,1.1795380180991641,33.027191560040414,63.86161030003047,21.199405469865805,0.4006908634826667,235.90760361983283,3.7796388793494207,51.443420926533356
2024-04-20 19:00:00,0.0,29.506716632377262,70.08269127155836,65.73534821701286,9.843219788140413,0.0,4.840794206308234,20.0
2024-04-20 20:00:00,0.0,28.67252324873817,67.43534860127873,47.22818041629817,3.834811225750425,0.0,4.840677914434542,20.0
2024-04-20 21:00:00,0.0,28.357967433640795,75.22350371811784,88.0156737921485,1.522282139168668,0.0,5.34871243075368,20.0
2024-04-20 22:00:00,0.0,25.619610153275932,74.72439084339629,21.57406791764541,6.667088553964567,0.0,4.362803229607867,20.0
2024-04-20 23:00:00,0.0,25.769824729486274,85.30019755115346,67.78132003100443,2.842882890954593,0.0,2.346725408789861,20.0
2024-04-21 00:00:00,0.0,24.202216552789285,80.07926300608791,60.775212225272256,5.857782709310476,0.0,2.3706644776187558,20.0
2024-04-21 01:00:00,0.0,25.298578880351,80.69485081697117,29.53014775718328,5.867679078445912,0.0,2.4723287103103933,20.0
2024-04-21 02:00:00,0.0,22.9098086767457,84.09354260896312,13.660090365117261,4.457298209028692,0.0,1.6937287861965893,20.0
2024-04-21 03:00:00,0.0,25.39789106241363,74.37227657851633,65.16397604772766,8.361186155450426,0.0,1.5404457281230006,20.0
2024-04-21 04:00:00,0.0,25.302557600210886,76.64262543613216,73.85974581323308,2.64967061555443,0.0,2.1420571467374065,20.0
2024-04-21 05:00:00,0.0,24.820349905443724,87.73834841629423,31.562734376335,4.486325916177342,0.0,2.305944888714153,20.0
2024-04-21 06:00:00,0.0,26.037501165080677,78.33514731677923,64.48326040223138,5.376921285909715,0.0,1.9875160448347478,20.0
2024-04-21 07:00:00,0.6888396202441617,27.59708161206403,79.44135160502995,39.51309076115032,6.636247207672996,137.76792404883233,3.341988964056632,20.0
2024-04-21 08:00:00,0.9816962557315069,28.240704448119963,75.52388264222823,71.32068832826177,7.839718505055895,196.33925114630136,3.666290607724851,20.0
2024-04-21 09:00:00,2.6804495652425357,29.573681014701517,77.4388676713354,19.92152748940531,3.9480728287825606,536.0899130485071,2.878884562590975,20.0
2024-04-21 10:00:00,1.840717391483708,32.548878515520336,62.93179057405644,89.02150026361744,6.46046944096596,368.1434782967416,2.151585902267805,20.0
2024-04-21 11:00:00,3.632716479494478,33.480930678047024,55.75821091838763,28.74095964655797,1.5061095306851913,726.5432958988956,1.5700352253311651,39.595471914551474
2024-04-21 12:00:00,3.4717957546632867,34.089605842008666,61.914769275910125,36.77859877561529,9.326481005424785,694.3591509326574,2.327204800086735,50.46908598302872
2024-04-21 13:00:00,4.996819127880372,35.509167399053084,55.16429958744237,5.8091952080349785,3.830588064210035,999.3638255760744,1.5143074897942346,78.9690859830287
2024-04-21 14:00:00,4.538104557596151,33.99246865647423,66.18556554660188,11.15122123212764,7.295214219764384,907.6209115192303,2.437737469895422,95.0
2024-04-21 15:00:00,2.9649636064902416,33.66085089266422,65.21968037062204,51.58619027123281,0.20341081882177647,592.9927212980483,1.7426713503318045,95.0
2024-04-21 16:00:00,2.582738330095472,32.25678006931645,66.24651875055599,26.75926767279715,2.05187142904807,516.5476660190943,2.333697216994026,95.0
2024-04-21 17:00:00,0.8602289824191316,34.25419911672166,67.21132961850236,83.54802257421944,4.8708254432357805,172.0457964838263,1.833317815165242,84.7569596553041
2024-04-21 18:00:00,1.257279998637431,34.060341543836834,56.53908122049513,1.4693388654953843,8.782524677323465,251.45599972748622,5.5181819133597365,53.17801228688304
2024-04-21 19:00:00,0.2782210632530234,33.54287764142267,63.25289668523529,37.90940486719362,5.272551499506771,55.644212650604686,5.7817869773809125,21.59906491846198
2024-04-21 20:00:00,0.0,27.792774005429447,80.07588886333579,33.73455467690927,9.29870482293879,0.0,4.392675498567597,20.0
2024-04-21 21:00:00,0.0,27.269167419181382,67.01007003225122,1.9327630917601035,4.837968965827963,0.0,5.467939041438898,20.0
2024-04-21 22:00:00,0.0,26.306303507535596,81.78371251076162,12.436839900051023,4.904490967359499,0.0,3.7930353531800884,20.0
2024-04-21 23:00:00,0.0,26.907608349956146,73.93034774269167,41.36426749186353,1.1974678850053189,0.0,1.5272876506505657,20.0
2024-04-22 00:00:00,0.0,25.444386968571088,78.19660957079486,49.28645844474466,8.026562441522199,0.0,2.139896436083252,20.0
2024-04-22 01:00:00,0.0,23.962293795608804,78.63211805391325,40.42897472548691,2.469654124670625,0.0,2.3626181017594305,20.0
2024-04-22 02:00:00,0.0,24.208667993875054,83.93462772229567,53.093767841209385,8.99612489372315,0.0,1.9205103580765321,20.0
2024-04-22 03:00:00,0.0,25.15704755462388,82.69024945936978,59.51316749056815,9.108242203303961,0.0,2.3139161065660847,20.0
2024-04-22 04:00:00,0.0,26.049180273786785,78.09818544614375,0.992382112783563,9.433101118741497,0.0,1.8259515439544352,20.0
2024-04-22 05:00:00,0.0,26.450300518479455,73.10383934023791,46.409515945350385,5.2023048910309,0.0,2.0393544160068964,20.0
2024-04-22 06:00:00,0.0,26.51598037680372,80.99197646402955,96.34992408875883,6.770937847836444,0.0,2.1095812963036007,20.0
2024-04-22 07:00:00,1.1142089037634524,28.316373530373532,69.1099950400019,51.90322801295487,7.785158800616635,222.84178075269045,2.4308214105242802,20.0
2024-04-22 08:00:00,0.9343622592694943,30.756221344441357,69.19694752425976,67.75422674589532,1.310146186504656,186.87245185389887,2.557870617275375,20.0
2024-04-22 09:00:00,2.7091262726601935,29.97514278053888,69.31449163672278,31.18638579168832,6.009571949974973,541.8252545320387,2.0072084797765744,26.66821903239438
2024-04-22 10:00:00,1.8899446968770075,32.70349352271117,69.56506436066582,77.39913781527625,0.34297901303311673,377.9889393754015,1.882219267622891,26.741610610308484
2024-04-22 11:00:00,2.243238911089794,35.51084770686884,57.72485130527953,77.2921481876115,4.975660833887259,448.6477822179588,1.7857689002199018,31.087575713572463
2024-04-22 12:00:00,3.5707470651013558,34.16554833940256,59.22501809662784,52.129604765413895,1.548426816202274,714.1494130202711,1.7184704310194636,48.68420373735044
2024-04-22 13:00:00,1.7460790704662736,35.7959409343632,64.50778300895601,97.60138232792136,1.829229259620847,349.2158140932547,1.8578885307256892,47.50726205040922
2024-04-22 14:00:00,4.382861978920734,33.9369338002049,67.73684106918783,12.555021476265338,3.650475666926015,876.5723957841467,2.4812446006823907,65.57262714367347
2024-04-22 15:00:00,3.6357640459793292,34.38134701625853,58.92633005116816,1.6947664889580993,4.32437166716503,727.1528091958659,1.562977907986633,85.26409545460409
2024-04-22 16:00:00,1.306696628783338,34.01977497379709,67.12314454391142,77.0158211757096,6.231724245321873,261.33932575666756,2.446767285496889,73.26335169972461
2024-04-22 17:00:00,1.0733629227986792,32.772717063406624,55.459561672129716,80.71555373648826,0.7442841843851566,214.67258455973584,1.8502151301315095,65.08596004358955
2024-04-22 18:00:00,1.4171370950162798,32.67396515171005,57.06232412184639,12.020722912057625,5.036917612374446,283.427419003256,4.2693164438289894,35.063019529771545
2024-04-22 19:00:00,0.0,30.6381691280297,63.37644181196281,26.55828329586061,1.8262513025310112,0.0,5.969078603359566,20.0
2024-04-22 20:00:00,0.0,29.879123633069238,67.57824729608663,1.755236336662891,5.739751750317419,0.0,5.807438275448179,20.0
2024-04-22 21:00:00,0.0,28.0677366282075,73.88090627909992,29.33086107805647,6.374046122611835,0.0,4.125176832339319,20.0
2024-04-22 22:00:00,0.0,26.79780966461238,71.71909228844457,77.31418739186715,5.567092565528538,0.0,5.370080284926854,20.0
2024-04-22 23:00:00,0.0,24.028096819136184,73.2271493513948,51.79605277125789,7.382955104783076,0.0,2.056789476918847,20.0
2024-04-23 00:00:00,0.0,26.260900890269284,78.72893679963822,34.80955931682881,3.3560924424090133,0.0,1.8083554392289516,20.0
2024-04-23 01:00:00,0.0,26.260900890269284,86.49094795452046,37.17392949063303,7.651065916331309,0.0,1.800529549717147,20.0
2024-04-23 02:00:00,0.0,23.55902273871728,75.94049236514118,0.1353625715468154,4.327670817081937,0.0,2.1226932426199756,20.0
2024-04-23 03:00:00,0.0,24.74017366439139,80.29613859250829,29.98005275652359,4.841844983225968,0.0,2.0749125841779,20.0
2024-04-23 04:00:00,0.0,25.838948235574176,76.21743570593281,64.64587416379305,6.481021272610715,0.0,1.536609715842201,20.0
2024-04-23 05:00:00,0.0,24.969660000457477,79.23019118399952,97.41944438163571,0.1835838399922396,0.0,1.9168406592603677,20.0
2024-04-23 06:00:00,0.0,27.390484293874334,80.59463515716011,84.70608269838995,6.539942214202483,0.0,2.4443976950101414,20.0
2024-04-23 07:00:00,1.597212159186078,29.48717441988874,67.88360584041165,2.3594964645529126,6.185851490721154,319.44243183721557,2.85292960045411,20.0
2024-04-23 08:00:00,0.6942339786344016,29.64411636277968,74.66042789760067,89.85606046748393,3.098471167532799,138.84679572688032,2.447385529529428,20.0
2024-04-23 09:00:00,1.87475700650777,32.46418912609569,68.70715861538635,78.3198413298626,0.8579428489948948,374.95140130155403,3.002685760849559,20.0
2024-04-23 10:00:00,1.7864038346910176,30.757435997200293,71.12647770017495,78.03761235709804,0.9093544991304114,357.2807669382035,1.9060057732820759,20.0
2024-04-23 11:00:00,3.492391125611052,33.74243019685125,64.46513154366677,45.79957590035715,9.232237469852286,698.4782251222103,2.047914443676649,33.72252847837682
2024-04-23 12:00:00,3.4330723260506937,33.89640175626643,66.13163992493807,39.80052929545028,6.892793212258371,686.6144652101387,1.5694169585901376,51.427254469252105
2024-04-23 13:00:00,3.305173704874398,34.34888844047656,57.14376167244705,30.29157288331926,1.271026137707404,661.0347409748796,2.345386947592462,60.54522866343049
2024-04-23 14:00:00,4.671804488580642,36.03362284573292,65.5829915163423,6.569485895436578,3.5672316930890635,934.3608977161283,1.6658299760394937,89.04522866343049
2024-04-23 15:00:00,3.2123636714532973,33.813602599723616,57.77769584520806,22.82353634936991,5.924829939015964,642.4727342906594,2.1705135986187676,95.0
2024-04-23 16:00:00,2.949150218309823,34.506964673033195,55.58052391481304,24.66036349780246,8.355717050906486,589.8300436619646,2.359567588811114,95.0
2024-04-23 17:00:00,1.5955006919656896,33.0527534886633,64.27490927674772,48.40770697102016,0.4366092871300853,319.1001383931379,2.175814866416092,88.89142974262734
2024-04-23 18:00:00,0.6064229885453629,33.43506541200211,70.43396276744134,74.7444406596694,2.366331314700089,121.28459770907257,4.158203800355177,57.31248237420628
2024-04-23 19:00:00,0.0,29.635302159088003,76.21590212658695,47.38098283979466,8.8974899029538,0.0,3.385188515406755,25.733535005785235
2024-04-23 20:00:00,0.0,28.940345819174837,71.21863033960106,5.784444944716061,0.09165550183816484,0.0,5.939004391267197,20.0
2024-04-23 21:00:00,0.0,27.864124399565913,71.57210336642186,95.77898009882038,2.013991027938874,0.0,5.673878780110192,20.0
2024-04-23 22:00:00,0.0,25.878171199587417,77.97748926300801,94.27243190941122,9.59024175972966,0.0,4.152691614118047,20.0
2024-04-23 23:00:00,0.0,25.76682808781419,77.20011408850061,78.51895431484084,6.134018465221711,0.0,1.552029846949845,20.0
2024-04-24 00:00:00,0.0,26.512649945500808,75.6221735885175,99.13279015642206,2.6167136663750643,0.0,2.0859691786998953,20.0
2024-04-24 01:00:00,0.0,23.401377809447087,85.45082248126803,54.448233280026294,0.6699109439584761,0.0,1.8438938432523666,20.0
2024-04-24 02:00:00,0.0,24.44744583807981,86.87174714082482,96.27683502532061,0.2819134044722216,0.0,2.3371474313251173,20.0
2024-04-24 03:00:00,0.0,23.54439320508229,76.55341823833923,7.560504061675077,2.4474507963692727,0.0,2.2516048683231427,20.0
2024-04-24 04:00:00,0.0,24.49382189278922,84.5756663750566,36.568074826137135,8.814858195889105,0.0,2.4728713248219054,20.0
2024-04-24 05:00:00,0.0,27.528756357594276,78.29607889699032,22.538126800676583,4.159136542975094,0.0,2.4608861292249737,20.0
2024-04-24 06:00:00,0.0,26.647819551880414,76.35176313260207,19.583308413427,7.20333369165993,0.0,1.9329471211954021,20.0
2024-04-24 07:00:00,1.073728589019774,28.971547880970093,68.3461721191382,14.08029488926761,9.182850353799578,214.74571780395482,2.9719635691282056,20.0
2024-04-24 08:00:00,1.036829872912669,31.188822192302677,64.6951305107948,62.241364156599666,4.080404616028166,207.3659745825338,2.412277836420794,20.0
2024-04-24 09:00:00,1.3626228911041571,31.30202789547462,63.79603552047569,78.1321855747305,1.9127737103739706,272.5245782208314,3.3144263993369343,20.0
2024-04-24 10:00:00,2.5940381304856555,30.542726341800545,77.5445373268706,57.82983994203607,5.171179308569195,518.8076260971311,2.469001874142153,21.187844435263276
2024-04-24 11:00:00,4.186978760308992,32.77132462093837,55.13998667858172,14.696270958820968,9.080836870598544,837.3957520617982,2.270122207669768,39.39798168533591
2024-04-24 12:00:00,2.0980648839452276,34.19627354488787,59.07393202917306,81.11237699334708,8.043744141377006,419.6129767890455,2.4768614687965638,35.41064921321658
2024-04-24 13:00:00,2.747506227722455,34.49032199891025,52.789661513336696,63.59547071637285,0.6582984336315378,549.501245544491,2.082009280881913,41.732870208201724
2024-04-24 14:00:00,3.8619431887498497,33.142176792934556,61.867062990334425,38.81657061269955,6.925728000775818,772.3886377499699,1.5709133107859912,63.49765404885839
2024-04-24 15:00:00,2.4982024673383982,33.47803729894374,66.71016776492753,67.4130295536063,5.7189752245895376,499.6404934676797,1.5626721347019659,72.3851922089045
2024-04-24 16:00:00,2.511509468307862,35.230904295117845,61.818033409167256,25.990497924283286,9.074631763464255,502.30189366157236,1.5448674630625998,81.56829125873448
2024-04-24 17:00:00,2.1096170480515615,35.78876341673595,48.25760542534211,34.51922084942105,1.2248141685029723,421.9234096103123,2.2728064074086562,79.85050852865979
2024-04-24 18:00:00,0.785595349585663,33.66291365498744,58.32095873519178,91.74858431319902,5.340361132046566,157.1190699171326,4.831233611080998,48.27156116023873
2024-04-24 19:00:00,0.18568076535623024,30.9951428897943,76.95866771959828,29.05045056714204,8.794626935118924,37.13615307124605,4.018935969216044,20.0
2024-04-24 20:00:00,0.0,28.091096095574596,68.58188603260966,46.99882681579366,4.10023786741743,0.0,5.136326798560727,20.0
2024-04-24 21:00:00,0.0,28.821859863531454,73.02598175259,89.01411373960147,4.81994917732867,0.0,4.828223750988914,20.0
2024-04-24 22:00:00,0.0,27.668248123941353,80.13433793019294,70.77213502675275,0.7046067766695829,0.0,4.492309960569049,20.0
2024-04-24 23:00:00,0.0,26.787713595779785,79.1982338933864,6.220322616470275,2.7814364044891082,0.0,1.724731644171698,20.0
2024-04-25 00:00:00,0.0,24.025618164813185,78.55524300981558,14.730304427897034,3.2450664916894736,0.0,1.952172955590441,20.0
2024-04-25 01:00:00,0.0,24.34839387848048,85.30798008954481,0.7841590771916818,9.451224487448869,0.0,1.8744668891305534,20.0
2024-04-25 02:00:00,0.0,24.548716679393806,86.61204932605244,63.09217902291634,2.8266736054115906,0.0,2.0354489996474343,20.0
2024-04-25 03:00:00,0.0,24.64040144448515,86.4263142345215,44.767342541041835,4.60868735269652,0.0,2.181557534629395,20.0
2024-04-25 04:00:00,0.0,25.0313053576804,67.1002097359442,13.427485090227552,6.713044235642798,0.0,2.4657337012362293,20.0
2024-04-25 05:00:00,0.0,26.032749370005902,77.79882509689249,95.79341210567705,1.621833724078774,0.0,2.1893408646762125,20.0
2024-04-25 06:00:00,0.11556308232326214,28.563961336859705,68.72090415794416,52.96597239456199,4.864423871418745,23.112616464652426,1.864194701291884,20.0
2024-04-25 07:00:00,0.9943446809466818,29.252783806810683,76.0810235257621,24.189329411288917,7.385390394759076,198.86893618933635,3.263156218958173,20.0
2024-04-25 08:00:00,1.2204945713545625,28.55257710498154,71.62407313566499,50.06035711547076,8.66855213027066,244.0989142709125,2.997196064794031,20.0
2024-04-25 09:00:00,1.9689080363369724,28.22394767693225,74.80023477415914,67.96203327351078,6.262592746624267,393.78160726739446,3.387354072903844,20.0
2024-04-25 10:00:00,4.036860914968749,31.645790238334552,66.29251622280884,7.623921797356448,6.690535153169479,807.3721829937497,2.3445099182672857,36.0773344686639
2024-04-25 11:00:00,3.8458144668255914,34.00241732268848,56.924723688709996,27.4703815047892,1.2628347258456896,769.1628933651183,1.891218165041421,54.645999335613524
2024-04-25 12:00:00,1.8593742081854336,33.76531776536106,63.49528892295879,80.69654908839937,9.457764972463472,371.8748416370867,1.5516025431089802,57.56983015383983
2024-04-25 13:00:00,3.308688250715432,32.99290704729872,63.08363833162274,45.966487040266124,1.3257407748448236,661.7376501430864,2.337815590810113,66.79312042294036
2024-04-25 14:00:00,3.2665266689851866,34.334159094338,59.53321848281988,54.65771420322949,7.746729371817983,653.3053337970373,1.8743827847146188,80.01848732351074
2024-04-25 15:00:00,2.644947625800585,35.59139029184034,62.189546538774806,43.28160022094693,2.648163217783188,528.989525160117,2.311117872740695,83.18986997757969
2024-04-25 16:00:00,3.0430896163484213,33.788669056592404,56.734660861994016,4.389994264300512,9.335931437012515,608.6179232696843,2.234325313494999,90.8731308546872
2024-04-25 17:00:00,2.103679576013169,32.51876633838645,57.56319060813098,16.574977982015593,7.199595393694795,420.73591520263375,1.810000011211545,93.66308672030263
2024-04-25 18:00:00,0.4616697533961233,31.891413523172055,71.37586785622618,44.554163874189086,7.538137129783689,92.33395067922466,3.2331359270666717,64.48975857640214
2024-04-25 19:00:00,0.0,32.247729376387554,73.35317894343028,20.918546540792782,2.1905917305988334,0.0,3.861432812304394,32.910811207981084
2024-04-25 20:00:00,0.0,29.328828804758466,72.19586980425561,4.997902865967873,4.430399766351608,0.0,4.101387268310759,20.0
2024-04-25 21:00:00,0.0,27.956933616036235,69.17963895165127,84.36496640518237,6.178131945892864,0.0,3.1189839149228114,20.0
2024-04-25 22:00:00,0.0,26.33044767362419,69.66819984931551,98.11925291641158,7.699736182066009,0.0,4.434496089830075,20.0
2024-04-25 23:00:00,0.0,24.23055369709029,83.22250751380193,79.31428739967394,1.0395937591238957,0.0,2.0230413346148723,20.0
2024-04-26 00:00:00,0.0,23.17282554445983,84.14348137034169,85.3784921704667,9.623653164545283,0.0,2.3302003306564782,20.0
2024-04-26 01:00:00,0.0,22.68673939565828,87.32535336030422,24.197713031704538,8.90220670554556,0.0,2.4473385120807762,20.0
2024-04-26 02:00:00,0.0,23.550399755934997,90.39426082929775,96.06269755131997,2.7034859049558433,0.0,1.7808606666790123,20.0
2024-04-26 03:00:00,0.0,25.556398255566044,80.35822858851596,19.692570445342838,8.22760243032332,0.0,1.8291034310477685,20.0
2024-04-26 04:00:00,0.0,26.001606119425986,77.04435927212249,95.14298103618323,5.183239230398234,0.0,2.2568667019578186,20.0
2024-04-26 05:00:00,0.0,27.468327780174768,62.602740932646306,99.4819293965951,4.618064815620187,0.0,2.4005154924631364,20.0
2024-04-26 06:00:00,0.17452086622941704,25.370790960919948,80.97841860968528,71.17228057460487,3.144341058114054,34.904173245883406,1.5967198335511297,20.0
2024-04-26 07:00:00,0.45073953748557893,25.451383146089025,76.66223092836809,98.1143731791822,5.809685866315925,90.14790749711578,2.809835426737611,20.0
2024-04-26 08:00:00,1.2856420701355977,29.351810709596357,78.25633646171394,56.95397795671037,7.298891177035978,257.12841402711956,3.9152725879968706,20.0
2024-04-26 09:00:00,2.8479203924779655,31.759668784305788,68.30480637609925,25.954178317609035,4.109329049627583,569.5840784955931,2.4639676741347456,23.64755082426059
2024-04-26 10:00:00,2.8579656717161517,32.00165585562195,67.7568124327025,43.699588566562085,6.292191930082921,571.5931343432303,1.971874586771291,32.065416131236766
2024-04-26 11:00:00,2.580897993388301,33.677159138373945,52.79423864299129,59.35609353787859,6.993129211553038,516.1795986776602,2.0337014971765517,37.263782845248386
2024-04-26 12:00:00,4.502588833036968,33.29954666327498,63.12920246826679,7.308156202701499,7.111218170152859,900.5177666073936,2.3674356023210663,57.547738537049455
2024-04-26 13:00:00,2.9342316941971807,33.63806772875157,69.81838488987277,62.234326461724606,0.5196609813118025,586.8463388394362,2.4568260377492805,62.08309227330451
2024-04-26 14:00:00,1.2813057199204196,33.54155061874519,60.041607781572765,98.11778367622945,8.597478056850669,256.2611439840839,2.395361542852585,50.35618887401856
2024-04-26 15:00:00,3.6941692002167446,31.908249379568066,57.38789026529378,19.010764978372762,4.582533147650479,738.8338400433489,2.2426342828675208,64.1457705888362
2024-04-26 16:00:00,1.683374481369206,31.908249379568066,64.95116979715432,79.25951162883833,2.6241608169621444,336.67489627384117,2.3426226174758202,57.20631652455606
2024-04-26 17:00:00,1.1629638813077636,33.19038435424312,54.66846946053033,90.78987937796194,2.417645074796816,232.59277626155273,1.586978751064211,52.743002106067124
2024-04-26 18:00:00,0.08929507243365464,33.6346055117612,61.74673336098947,94.37015928202209,4.830141128439505,17.859014486730928,5.79413915781286,21.164054737646072
2024-04-26 19:00:00,0.27429438759557334,30.124739129262313,72.10956723774405,96.01356044054472,8.868315394689592,54.85887751911467,3.410350031761558,20.0
2024-04-26 20:00:00,0.0,28.60405299641122,74.14706527148378,52.14596387214719,3.7834758168264693,0.0,5.527881596587899,20.0
2024-04-26 21:00:00,0.0,29.99248189846613,68.05978757317227,97.73079079915037,7.497257467835433,0.0,5.811459018977297,20.0
2024-04-26 22:00:00,0.0,27.51775781570884,71.59954827275604,75.73102071344388,0.968187309872186,0.0,5.066679324097342,20.0
2024-04-26 23:00:00,0.0,25.97073233398234,72.49242004965002,16.16714362369619,4.760567021510617,0.0,2.2808146310852955,20.0
2024-04-27 00:00:00,0.0,25.59445807712495,77.20314542362155,47.690010646797,9.916861403927356,0.0,1.552971774820368,20.0
2024-04-27 01:00:00,0.0,25.204190938806562,86.0949349562149,71.8331175372004,7.70437802792337,0.0,1.815199346654349,20.0
2024-04-27 02:00:00,0.0,25.204190938806562,82.73704164770365,24.734031581908333,2.10528488440613,0.0,2.4338989713039694,20.0
2024-04-27 03:00:00,0.0,26.114012343734252,72.64109377271419,64.06151835488873,5.0144147369791074,0.0,2.102616276934691,20.0
2024-04-27 04:00:00,0.0,26.15839908572525,78.00230795371769,66.66004790466192,2.3362476364856652,0.0,1.5031673141384003,20.0
2024-04-27 05:00:00,0.0,26.276951092264568,68.55218916589494,16.26997438085659,4.095609272625093,0.0,1.6782932616365525,20.0
2024-04-27 06:00:00,0.33847296483085637,27.25657739584931,79.03199408489291,56.50853124527563,7.8008402373496475,67.69459296617127,1.950886191465104,20.0
2024-04-27 07:00:00,0.4613405608852716,28.110754262430618,68.99537331460029,77.16269109786077,7.712248152904037,92.26811217705432,3.379377361324582,20.0
2024-04-27 08:00:00,1.1478533705165097,27.592778000311196,73.80557211788181,49.88956645359419,2.2810037790238513,229.57067410330194,3.8501732649722813,20.0
2024-04-27 09:00:00,3.3443896297806517,30.632667327479787,80.64457719208335,1.2103116776107425,9.222233181548601,668.8779259561303,2.6052112418174076,27.02219468565082
2024-04-27 10:00:00,3.9809467359242734,32.098080450279795,70.94808486748838,0.9038469079292177,5.925681827648268,796.1893471848547,1.834493334011551,47.413502003821684
2024-04-27 11:00:00,3.325223812347232,31.703289319169293,72.6531916249855,35.702934397001215,3.799242909620145,665.0447624694464,2.0842629272727935,59.202630412028846
2024-04-27 12:00:00,1.3646401079141297,33.26517549226697,66.61532550675498,92.6194068431782,5.019355807808607,272.9280215828259,1.7596754555889493,55.04436359439917
2024-04-27 13:00:00,4.197005422566122,34.50995038062264,58.66305756626219,22.867677960360876,6.050712534377437,839.4010845132244,2.4694585668207076,71.4560587239806
2024-04-27 14:00:00,1.8656473165926801,34.29611653102015,64.98735264038753,63.43636888716871,5.598905318457854,373.129463318536,2.38219977861747,66.01866438687756
2024-04-27 15:00:00,3.7133224250038768,35.665082193147086,53.06784505420179,22.207587069332057,4.8640503553617815,742.6644850007754,1.9468412544652969,82.80023550699406
2024-04-27 16:00:00,2.5770688498944048,34.36418997523914,60.85866842243915,32.16699896595486,5.049328040894001,515.413769978881,2.1597444282694607,86.76481751243102
2024-04-27 17:00:00,0.9713736103628218,34.12314089113169,58.0674848658565,84.8042089601484,1.7641191042788618,194.27472207256434,2.0958348969007226,74.92838291729524
2024-04-27 18:00:00,0.8400445903795638,31.811583153091274,68.45515055651047,72.88614422699469,8.127329043046794,168.00891807591276,5.284880918367884,43.349435548874176
2024-04-27 19:00:00,0.0009416008770619388,29.327061274073888,76.53118890067437,9.539927731321063,5.417603199410154,0.18832017541238777,3.120721264831858,20.0
2024-04-27 20:00:00,0.0,29.25979112899748,76.13547701635056,42.87020209864336,1.310798617047031,0.0,5.4982711676131135,20.0
2024-04-27 21:00:00,0.0,27.22187335723695,78.16264014660716,2.916976364526447,7.661571015827779,0.0,5.754142709644345,20.0
2024-04-27 22:00:00,0.0,26.190239458400068,73.59251273287195,48.0890146603009,9.324439783773508,0.0,5.442536689912142,20.0
2024-04-27 23:00:00,0.0,25.745543820655254,76.9568571673896,66.24340117010681,9.47306899236962,0.0,2.0036775734210623,20.0
2024-04-28 00:00:00,0.0,24.900132374466146,81.46411853864605,11.850262359815156,3.6901773241117275,0.0,2.0476682345123463,20.0
2024-04-28 01:00:00,0.0,25.40116545886836,81.33820604952145,28.888493890916568,1.3551687356075404,0.0,2.4355655602022197,20.0
2024-04-28 02:00:00,0.0,25.125228470873104,85.57192229350382,39.783662550215695,5.183996266330651,0.0,1.9336200853127659,20.0
2024-04-28 03:00:00,0.0,25.007565291063223,76.86681746484534,91.95310246560497,1.1260922934922069,0.0,2.492737304475487,20.0
2024-04-28 04:00:00,0.0,27.5952855728817,74.41381774231405,99.32550154229641,9.339874185126172,0.0,2.189674201102843,20.0
2024-04-28 05:00:00,0.0,26.418501189942894,85.7472272728752,4.491129899561585,1.83579627355146,0.0,1.7233603327342402,20.0
2024-04-28 06:00:00,0.0,27.146747472205227,77.35629899479171,76.1007923495392,2.527658599511641,0.0,2.4219276706303696,20.0
2024-04-28 07:00:00,1.1160150262538968,27.08898526257524,74.69209272729309,37.17240664023432,4.0663652688497045,223.20300525077937,2.076614443982902,20.0
2024-04-28 08:00:00,2.0344198755777594,30.684984447600314,77.7165852034274,39.245818622948,3.831644685591258,406.88397511555183,2.038064507185477,20.0
2024-04-28 09:00:00,1.3672052292587833,31.654280436294446,65.28374607662421,75.42649733470228,7.94662892397889,273.44104585175666,2.3097199950431637,20.0
2024-04-28 10:00:00,1.6137452677694575,32.209926052412996,62.41795270479313,91.84264321454087,4.563168205509624,322.7490535538915,2.317039778609179,20.0
2024-04-28 11:00:00,1.7770974428734598,33.75602001418702,68.56069718165075,95.09285945025483,1.707682600033369,355.41948857469197,1.7717787742083013,20.05052735231901
2024-04-28 12:00:00,3.0913719099275596,33.134481568801995,59.02635709918158,57.712258603832076,2.672098954860741,618.2743819855119,2.0200625751846135,30.227966032376997
2024-04-28 13:00:00,3.813514170656353,35.54550269364432,58.16006352711084,35.71211593005028,5.09113385187522,762.7028341312706,1.8337747922695655,49.035490127051474
2024-04-28 14:00:00,2.1006151528539765,34.421174120526544,61.55693593779343,78.75490858587793,1.474539174261349,420.1230305707953,2.4264138785836975,45.6060298562123
2024-04-28 15:00:00,3.1557770961796816,35.005730745095256,66.23802102253941,25.100138326230027,6.116556756460141,631.1554192359363,1.9828751219726897,56.74859861117872
2024-04-28 16:00:00,2.094440245920322,33.910840745648635,73.88193156633112,56.40740288335178,5.657473065511459,418.88804918406436,1.7940297381551042,59.602498434948295
2024-04-28 17:00:00,1.6754227065131715,32.821856735344525,60.330626587381346,35.85784615248732,7.147023163822577,335.0845413026343,2.399966519796191,51.97572145302176
2024-04-28 18:00:00,0.7452859709539484,31.008557715603843,63.58485302297237,65.66310737078761,9.377046153793676,149.0571941907897,5.739099294161372,20.396774084600715
2024-04-28 19:00:00,0.13798408497076672,30.26792985445242,79.31084197519313,24.03989128935069,9.122545611011557,27.596816994153343,4.47856301671481,20.0
2024-04-28 20:00:00,0.0,28.324189019660803,72.59870421880375,19.159294573482576,9.460756180688314,0.0,5.470722832053921,20.0
2024-04-28 21:00:00,0.0,27.73774709963982,65.02300162863352,91.8239086675437,2.4471559702370094,0.0,4.286252223894935,20.0
2024-04-28 22:00:00,0.0,26.892653177549036,83.97158224994939,10.18036829495369,1.3156530663935462,0.0,5.366875005031038,20.0
2024-04-28 23:00:00,0.0,26.60905098713858,77.1533928395964,50.595790773493164,3.022767004964485,0.0,1.5747578467217802,20.0
2024-04-29 00:00:00,0.0,23.972706388387575,90.4195357374496,22.085278296300892,8.950851727663146,0.0,2.325552379417686,20.0
2024-04-29 01:00:00,0.0,25.596047504165423,71.50455307907919,3.892996332566745,9.720534746234883,0.0,2.185172690301547,20.0
2024-04-29 02:00:00,0.0,25.774059643266796,73.70167131213732,3.601881829142639,8.59324951070476,0.0,2.024207718947699,20.0
2024-04-29 03:00:00,0.0,25.210715783091075,77.41516594130474,17.522177210582733,1.100177211275436,0.0,2.3182380281919297,20.0
2024-04-29 04:00:00,0.0,26.64805691671681,68.03505071652513,86.67703545060003,9.474279980597931,0.0,1.7578256959359397,20.0
2024-04-29 05:00:00,0.0,24.848685737241286,85.84876620518847,28.247874397702667,4.23358027350786,0.0,2.3440787343822347,20.0
2024-04-29 06:00:00,0.0,26.186028204109487,74.578430057035,95.04591705752958,0.09310290762353679,0.0,2.263189870719495,20.0
2024-04-29 07:00:00,0.45890872795474014,28.246333714320865,77.51658498261186,58.16222929891936,4.423937407481936,91.78174559094802,3.156941846027448,20.0
2024-04-29 08:00:00,1.963474253875483,29.866327483541077,72.87073386831821,43.66141897687661,0.4606916967546759,392.6948507750966,3.9133510741589816,20.0
2024-04-29 09:00:00,1.863854424189239,30.166432529485906,69.83484541015221,58.00888346694546,5.438779211611175,372.7708848378478,2.435996608776869,20.0
2024-04-29 10:00:00,2.9904733814771856,30.577366530785596,81.11496030305575,51.669838522626776,3.385540274370513,598.0946762954371,2.460107039168562,25.038480251931926
2024-04-29 11:00:00,2.236423039552052,35.19951023923432,65.50312130777104,75.87762537573252,4.734349335940488,447.28460791041044,1.8198202868008466,28.99620640306838
2024-04-29 12:00:00,3.7843394850564898,32.61458380687113,52.055366438883844,28.249606597285226,6.13170360743117,756.8678970112979,2.098513079466775,45.011557256170676
2024-04-29 13:00:00,4.0086119468894985,32.87415565582803,73.49853264617727,35.30503916003024,8.688010958178204,801.7223893778997,1.851817915420141,65.50110055512957
2024-04-29 14:00:00,1.6515398969304014,35.45138498350077,51.248346609404074,89.40943025332507,6.619015764719286,330.30797938608026,1.5421277369529953,66.54051607491492
2024-04-29 15:00:00,1.3652978426515014,33.74946540932083,62.21998512071598,94.64565131504055,4.340488684781807,273.0595685303003,1.519529280296919,64.91702725759474
2024-04-29 16:00:00,1.2193305892297739,34.57812241754939,54.69985841037616,89.25582274864745,8.194278536703651,243.8661178459548,2.4131087869195493,52.35094096612342
2024-04-29 17:00:00,1.8893975075993887,32.34959940198312,61.98743093636121,41.94479939573136,9.055821375731322,377.87950151987775,2.424805479191647,46.71506758094175
2024-04-29 18:00:00,1.0519511190606656,31.464754296059606,66.0040085297204,78.03655030068816,1.1975996643219722,210.39022381213312,5.013684233570011,20.0
2024-04-29 19:00:00,0.0,30.377195589393217,66.48622856528458,47.63357333010988,5.3193297755279145,0.0,4.408742110055478,20.0
2024-04-29 20:00:00,0.0,31.731496335202465,64.77461260166183,49.75398521461022,2.8451195974244414,0.0,5.060277801247395,20.0
2024-04-29 21:00:00,0.0,28.086923583037446,70.59918736098456,20.468010905728395,0.470611978769474,0.0,4.751511781506974,20.0
2024-04-29 22:00:00,0.0,27.27598584942054,85.88438911012706,59.113030325851646,6.685466951139853,0.0,3.4854859838048715,20.0
2024-04-29 23:00:00,0.0,26.82912886192793,76.71090517513302,18.613589775334795,8.627707774592256,0.0,1.515587584775364,20.0
2024-04-30 00:00:00,0.0,24.55147612811715,81.93146039254965,33.15646990671938,1.6290265447739405,0.0,1.5064494429647008,20.0
2024-04-30 01:00:00,0.0,24.42100303020657,75.50799205912458,85.50302016199352,8.124136576239005,0.0,2.3023439989819527,20.0
2024-04-30 02:00:00,0.0,25.326651797432433,72.16985226990069,20.707580921085523,8.533957335369417,0.0,1.9111566379553067,20.0
2024-04-30 03:00:00,0.0,24.75544200775329,72.55744060883397,7.115828517343282,9.143404426664835,0.0,2.297464490372623,20.0
2024-04-30 04:00:00,0.0,25.45968417664443,80.47102962457878,6.90075926128163,2.652850890860524,0.0,1.8385578125549795,20.0
2024-04-30 05:00:00,0.0,25.344613465710072,82.47070873444959,94.07845205031079,9.039530651898893,0.0,2.2384251012428833,20.0
2024-04-30 06:00:00,0.0,28.98327265592076,68.03149916667503,50.69204379618346,3.2066275473643224,0.0,2.472183275238593,20.0
2024-04-30 07:00:00,0.9487282452791732,28.755574587975445,66.95154692230025,40.941207181701834,5.523380134555028,189.74564905583463,2.0410450234250304,20.0
2024-04-30 08:00:00,1.4080363604094897,29.727313795492318,65.09341141497816,81.08785810079185,0.5050747083228213,281.6072720818979,2.7870280253272415,20.0
2024-04-30 09:00:00,1.1135772851428116,31.68763743140171,71.27491112331299,83.5825927910516,0.43881088368743604,222.71545702856233,3.8569373047903137,20.0
2024-04-30 10:00:00,3.2063245179374027,33.12800262620151,69.54523540674508,33.21910331156046,7.203732127322029,641.2649035874805,2.0625228436045804,30.866115906161813
2024-04-30 11:00:00,2.3348340546925987,31.517582774089487,67.77477617010207,69.36180574737952,4.44479977977791,466.96681093851976,1.6363537951107574,37.5016783721893
2024-04-30 12:00:00,1.9164898163157165,32.31903347046967,70.63869839641588,77.11228158518865,2.562923753692176,383.2979632631433,2.366106561304542,32.76887053020166
2024-04-30 13:00:00,2.7189154538736893,34.10879463940826,64.87266803537435,65.46506868659546,1.904134960249102,543.7830907747378,2.0745962497043298,38.88990296981058
2024-04-30 14:00:00,4.200347025641936,34.471833091550444,60.8954040621777,15.159507480009937,6.699534908592181,840.0694051283873,1.9121730468096116,60.62755576871768
2024-04-30 15:00:00,1.4744691380132597,34.14057121059297,57.50143009742868,87.5883083517057,0.004015440253398728,294.8938276026519,2.339903954556566,51.51771559457761
2024-04-30 16:00:00,1.8485133480340004,33.67431793674029,61.03459577932585,53.90945527360087,8.058911691968543,369.70266960680004,2.0081848832868703,49.836962591915814
2024-04-30 17:00:00,1.9716711917648997,32.54243444495644,63.97565999364392,28.24724263700037,0.7924960612992882,394.3342383529799,1.8604593871067516,50.89347473616822
2024-04-30 18:00:00,0.7107488912703421,34.59743720737522,55.15605043392674,42.52281854376939,1.9148961490811944,142.14977825406842,5.615239131577672,20.0
2024-04-30 19:00:00,0.23449883627279747,31.31109552802654,71.43227407271944,3.757109039890738,3.862363952990896,46.89976725455949,3.2604137211439057,20.0
2024-04-30 20:00:00,0.0,29.561343664240862,69.31665583381184,12.786680122241755,4.848587397161036,0.0,5.589401887569483,20.0
2024-04-30 21:00:00,0.0,26.8299295891716,78.36600354464377,76.55467505158609,3.549951158139418,0.0,3.2715596938476397,20.0
2024-04-30 22:00:00,0.0,28.068161034875985,78.67047972934209,0.0011634755366141114,3.207121649842939,0.0,3.517595102061326,20.0
2024-04-30 23:00:00,0.0,28.068161034875985,76.27213780524895,41.65658284822922,9.639160120731884,0.0,2.0827187021330222,20.0
2024-05-01 00:00:00,0.0,27.574992164247195,77.85791589851651,52.251018108558846,6.415796812433943,0.0,2.110537427306732,20.0
2024-05-01 01:00:00,0.0,26.500749686316343,73.4779718965563,5.4634420000972295,0.23432955367388209,0.0,2.484176642894882,20.0
2024-05-01 02:00:00,0.0,27.051121747758,71.751961892057,97.30781629723329,4.301759084443132,0.0,2.3511034459651454,20.0
2024-05-01 03:00:00,0.0,25.03266886662517,84.00144202782442,22.612533124967193,8.750086997439702,0.0,2.453833971874958,20.0
2024-05-01 04:00:00,0.0,25.59885341854632,78.09086470068162,30.419871963628086,3.0145618641066796,0.0,1.609777895057392,20.0
2024-05-01 05:00:00,0.0,26.634301971781934,86.56156746875916,30.39425122550273,0.9455634477438823,0.0,1.5944838751789636,20.0
2024-05-01 06:00:00,0.0,29.301639716903694,74.61539057215316,23.04166621173499,7.583847715899178,0.0,2.1897754559960694,20.0
2024-05-01 07:00:00,1.1091287776738978,30.358072659603085,74.99719217490654,0.1473822086311416,6.060138319360813,221.82575553477955,2.7807887461388088,20.0
2024-05-01 08:00:00,1.0331374975434384,31.655960552141373,66.68021985885129,72.93447940879963,5.703125078265039,206.62749950868766,3.5778438648282065,20.0
2024-05-01 09:00:00,1.1325941565546698,31.904333089396175,58.0833267066852,96.68454997992853,0.5357655960740793,226.51883131093393,2.1847129164785244,20.0
2024-05-01 10:00:00,3.5714813144494952,32.1489255415485,61.509907662415124,22.429348328504506,1.4049900979551733,714.296262889899,1.6243046368149185,38.49817843752848
2024-05-01 11:00:00,2.4595209464828773,34.54504574587373,64.01220752056422,66.30471918034225,6.225493962131138,491.90418929657545,2.3768730434938226,39.2833335159245
2024-05-01 12:00:00,2.4487378362913677,36.906976844511405,51.9961502375806,74.18963269587151,2.078238414588358,489.7475672582735,2.4728577294847414,39.029439903362665
2024-05-01 13:00:00,2.8196932713520937,35.34176004337155,58.668895297941894,84.84253790905247,5.040700797484243,563.9386542704187,1.6873186197019103,49.786999094039416
2024-05-01 14:00:00,3.259499646670426,37.19072864897984,64.42605216950034,42.262919701360914,5.448816860293935,651.8999293340852,2.0487234883490735,61.289372598092264
2024-05-01 15:00:00,3.3499784353886204,35.871310338662255,51.62549609179414,30.293090564042924,2.835071902709394,669.995687077724,1.7083328574885361,76.88500558814306
2024-05-01 16:00:00,2.832557970087171,35.871310338662255,52.37146138835243,32.52951340230311,9.484251555414929,566.5115940174342,1.7956585718430982,86.73554987146176
2024-05-01 17:00:00,1.2542222310375621,34.869833869683745,61.32142790251264,71.26213330985128,8.42464106835575,250.84444620751242,1.895011670013697,79.99039788223928
2024-05-01 18:00:00,0.4924056323565199,33.253262719446525,61.438799178237645,81.6779466505636,7.223735076327985,98.48112647130398,3.9897028804471932,48.41145051381823
2024-05-01 19:00:00,0.0,32.48711735823055,67.61714142372067,18.161396775660265,0.7799386640940908,0.0,3.826932690726832,20.0
2024-05-01 20:00:00,0.0,30.11403743200011,60.993085847209514,37.09410081577652,1.0613001930901944,0.0,4.301184839323829,20.0
2024-05-01 21:00:00,0.0,29.816849572732732,57.229176789373014,90.19401967491501,4.927813458649557,0.0,5.44353863884921,20.0
2024-05-01 22:00:00,0.0,29.001249086807203,74.67994046199223,80.66935196947392,1.6071334919098568,0.0,3.3033745173494626,20.0
2024-05-01 23:00:00,0.0,27.179105948289152,76.76774974087637,98.48584027624759,9.78265463529474,0.0,1.6247237700522579,20.0
2024-05-02 00:00:00,0.0,27.714399410895947,75.3011807497713,75.42482596820807,1.5852023402740945,0.0,2.489364642551863,20.0
2024-05-02 01:00:00,0.0,27.7031999662172,82.10457115330657,39.319520102792225,4.87467835463974,0.0,2.254427029159928,20.0
2024-05-02 02:00:00,0.0,25.382203726518973,76.74992242761238,59.06378339946377,3.641210568415054,0.0,2.2595807500150724,20.0
2024-05-02 03:00:00,0.0,25.28401739124392,77.54846278565101,66.10142542473203,6.393864214540979,0.0,1.8148777259177498,20.0
2024-05-02 04:00:00,0.0,26.98965102220463,75.53486242372823,7.845581631712395,1.2903640888942491,0.0,2.197959711087923,20.0
2024-05-02 05:00:00,0.0,27.961848180759283,74.2399660267666,54.44969591038651,4.303164280423909,0.0,2.4031397404741806,20.0
2024-05-02 06:00:00,0.0,29.41307080592886,71.30891115965181,70.93208284726096,2.7470503280714365,0.0,1.7326781768220851,20.0
2024-05-02 07:00:00,1.5867581723137039,29.205942277278762,71.65805602488103,16.732130400106037,8.87751524671688,317.3516344627408,3.317901694010893,20.0
2024-05-02 08:00:00,1.1780785316928433,31.048848393209486,64.56907724879115,78.06317174255571,0.40585712134695084,235.61570633856866,3.104371478341296,20.0
2024-05-02 09:00:00,2.143457779701379,31.136093418990374,59.30917469546259,58.37727805141116,9.137274940064593,428.6915559402758,3.2796870125557933,20.0
2024-05-02 10:00:00,1.5203745969722318,33.705413270457754,68.63460544915452,95.22217856975946,8.329941385530004,304.07491939444634,2.4376537855579783,20.0
2024-05-02 11:00:00,4.334040543147635,33.53342480129896,59.50831804814034,4.24222982068917,2.9757071644081545,866.808108629527,1.649008543411651,45.50780399749185
2024-05-02 12:00:00,3.5614204462993007,34.72668918443358,68.19051580968437,26.5326137555467,7.892906546771047,712.2840892598601,1.8439829760610968,61.823459964754775
2024-05-02 13:00:00,2.423410847262601,36.48554827110418,55.118430488618756,60.15538792998241,0.3121356033874756,484.68216945252016,1.8370416884881449,67.39396697311211
2024-05-02 14:00:00,3.4049816547306295,37.51073165153922,56.302657909245454,29.65599122059307,9.668655502933936,680.9963309461259,2.028741011539779,80.4682530834252
2024-05-02 15:00:00,1.8578758121180705,36.84677680582465,56.83706842441659,71.44241640712423,5.265949425897894,371.5751624236141,2.139115128389803,77.50783922793327
2024-05-02 16:00:00,1.710865310632691,36.01277952621478,53.95754741173899,75.9005282521931,3.0328102606544527,342.1730621265382,1.6689542018585368,77.90599476128774
2024-05-02 17:00:00,2.1998558069910064,34.75232518353723,59.07139736151171,10.251596406647446,3.6258321259467707,439.9711613982013,2.0652924095178973,79.18434703728228
2024-05-02 18:00:00,0.39057409744471544,31.352867900033967,72.28578704282397,51.38544642067677,0.6640535346049736,78.11481948894308,5.230495857349299,47.60539966886122
2024-05-02 19:00:00,0.08159458065488556,32.40128169029502,66.80410252598045,50.889055559105586,9.893495140420391,16.31891613097711,3.4577055801980094,20.0
2024-05-02 20:00:00,0.0,31.47096706978516,70.7328899391896,36.92807702155411,0.39291945150692453,0.0,4.593461192697758,20.0
2024-05-02 21:00:00,0.0,29.24895221734383,72.80078429859965,93.29248625696721,6.549071231478591,0.0,4.585967496530569,20.0
2024-05-02 22:00:00,0.0,28.935946323899337,75.46502286790417,82.75063198732212,4.427359277064583,0.0,5.801242905749196,20.0
2024-05-02 23:00:00,0.0,28.19483062331941,72.21515508307506,69.72093819096368,9.489162181887151,0.0,1.8252382321067104,20.0
2024-05-03 00:00:00,0.0,27.58247529510755,79.32818874343732,71.43266357349975,2.459997403067952,0.0,1.5183498764540935,20.0
2024-05-03 01:00:00,0.0,27.613654401003277,75.8359666065929,46.17161438131191,5.320868239380113,0.0,1.7012636022608925,20.0
2024-05-03 02:00:00,0.0,28.448812305740226,71.39877153085914,92.09945210965759,4.82356208582753,0.0,1.6602047543955454,20.0
2024-05-03 03:00:00,0.0,25.453562770479447,84.06813819232633,69.45954272532853,7.0286644405010135,0.0,1.7110230763388403,20.0
2024-05-03 04:00:00,0.0,24.58740100437514,87.59237330578847,72.89810616558164,0.6801023195242051,0.0,2.4202859446364178,20.0
2024-05-03 05:00:00,0.0,27.41870612490536,80.38551577289661,86.16909037873452,1.9378913002335485,0.0,1.8592637747255976,20.0
2024-05-03 06:00:00,0.34413066493466704,27.321872104649945,70.93435471388909,27.4071589342191,2.1456482009284983,68.8261329869334,1.8107566082035578,20.0
2024-05-03 07:00:00,0.17696431152497943,29.90697176451879,69.64241090361794,80.7070903866703,7.381507548416897,35.39286230499589,2.138068833595333,20.0
2024-05-03 08:00:00,1.5269757556075394,31.172891684787693,77.13209049656741,19.524060295649203,1.8913869632674007,305.39515112150787,3.8093468750634734,20.0
2024-05-03 09:00:00,2.4413523491175075,32.259282910754656,69.97296174777517,34.53419522448878,5.734917638909767,488.27046982350146,3.457522916664767,20.0
2024-05-03 10:00:00,3.4510287417789107,33.84508618601508,57.64987200155214,33.56104542698427,2.152438205009537,690.2057483557821,2.220245400774982,31.692441739537326
2024-05-03 11:00:00,1.6502574866706905,35.33403881054841,65.25542242024822,97.85254683891405,8.616249500839784,330.0514973341381,2.0750857058923726,27.22056574773014
2024-05-03 12:00:00,1.9858710323348587,35.70776659070883,57.4891738784593,85.65372237479268,9.421854544896386,397.1742064669717,2.228870293097163,24.662678792337463
2024-05-03 13:00:00,2.51231723155851,35.80578536330923,56.42815347212414,70.11698615902597,5.1849297494224045,502.463446311702,1.565980903116213,33.652873912539285
2024-05-03 14:00:00,2.3928151920324168,36.29629536550367,57.8811016481572,72.70567616153902,3.5230888420917825,478.5630384064834,1.8183252130562673,39.1105287128127
2024-05-03 15:00:00,2.0691804931876656,36.29629536550367,50.46814543340497,56.20727944025711,2.340577750174991,413.83609863753315,1.69794978304895,42.637220459130496
2024-05-03 16:00:00,0.982551108977861,35.575645462249554,56.52209648379551,94.70906671085191,0.49781001523043766,196.5102217955722,2.2408626299617733,29.391836027720892
2024-05-03 17:00:00,1.3319609801603522,34.67793877256087,62.250372073332365,49.62587528823615,2.685000761974954,266.39219603207044,2.2793658357478757,20.0
2024-05-03 18:00:00,0.9485618916800354,34.3810133471652,66.6675653632032,38.05177098698945,6.542357799453179,189.71237833600708,3.538631612382501,20.0
2024-05-03 19:00:00,0.15320526111072735,32.13545419946951,64.31139221068639,16.3035336931591,5.336169313092109,30.64105222214547,3.390490781633006,20.0
2024-05-03 20:00:00,0.0,30.476314467323107,72.70573269845835,78.6205652261058,9.440412782809274,0.0,5.654163818266864,20.0
2024-05-03 21:00:00,0.0,30.78619753260884,74.65126077193445,73.44439320755914,3.962772624917006,0.0,4.09595868949453,20.0
2024-05-03 22:00:00,0.0,28.07301962849324,68.3538775326402,38.43550385241349,6.938633423283945,0.0,4.801064056527245,20.0
2024-05-03 23:00:00,0.0,26.04616318589341,77.49004524728471,2.519341395922936,4.893227474751214,0.0,1.6406163568822838,20.0
2024-05-04 00:00:00,0.0,26.47776830044813,76.30136148194646,83.89973277180107,5.125762159242116,0.0,2.076971654776795,20.0
2024-05-04 01:00:00,0.0,26.351111083883,73.59299449695318,1.1417983454073632,2.677743146041175,0.0,2.3506266448136133,20.0
2024-05-04 02:00:00,0.0,24.888834701100013,78.50060107313143,70.3699779629051,4.549507768419997,0.0,1.676096480267459,20.0
2024-05-04 03:00:00,0.0,26.30213274455505,82.85718802101356,97.02571097260571,4.707849970127072,0.0,1.539056178816439,20.0
2024-05-04 04:00:00,0.0,28.000324652640124,73.25493671461534,43.766132814820345,7.066425217489339,0.0,2.2262027876391004,20.0
2024-05-04 05:00:00,0.0,28.60912755366688,72.60343162455706,23.497340499595275,9.40639999186114,0.0,1.6203647617802297,20.0
2024-05-04 06:00:00,0.4895329038254439,29.37620599167166,74.11799442718936,70.48710100433817,3.293212774825043,97.90658076508878,2.060598070707779,20.0
2024-05-04 07:00:00,0.030470447891741515,30.19571602928141,74.19712056423843,81.71281420155852,0.42200468581298445,6.094089578348303,2.5149306650638517,20.0
2024-05-04 08:00:00,1.3438838235563577,29.28625642587076,69.09321009625889,54.64303160778473,4.962951255006397,268.77676471127154,3.703974436369541,20.0
2024-05-04 09:00:00,0.9040599889059757,31.523976118280853,73.92308903651274,96.70352752561462,5.444613321491686,180.81199778119515,2.3503957084763227,20.0
2024-05-04 10:00:00,4.047050311014662,32.5343503603927,63.983801397253956,5.166872165796111,1.6844055113191525,809.4100622029323,2.107481817449011,38.42590068887368
2024-05-04 11:00:00,2.652942475974976,33.53900548931418,62.261364645800825,50.479559830452814,7.604646062760667,530.5884951949952,2.363306166977948,41.177445624345445
2024-05-04 12:00:00,2.481159718199066,34.87281411236549,61.03274871371096,71.845394732255,9.849291084414917,496.2319436398132,1.9703963528439723,46.029697595218835
2024-05-04 13:00:00,1.5291110825898764,36.07253167215659,66.98164398383986,86.2640471149179,9.457747170084609,305.8222165179753,1.590624436720215,45.38218860437316
2024-05-04 14:00:00,4.152852470187645,36.18587788362227,60.809146676175644,17.925561190779003,1.9710603882365219,830.570494037529,1.6332565058330117,69.31835026574218
2024-05-04 15:00:00,1.8006625194928856,34.52889406105801,60.99573351146521,80.00034817636814,8.753632399007607,360.1325038985771,2.148483341870128,65.65707845124489
2024-05-04 16:00:00,1.8839631464167983,34.07192972889526,63.51966701408039,55.27070757185453,7.044936364116847,376.79262928335964,2.1092383555719225,63.28576046013832
2024-05-04 17:00:00,1.8518993422395387,34.67439789513329,70.61257156844145,39.65536819899632,4.538465638069116,370.3798684479077,2.395475605752394,57.56390505473984
2024-05-04 18:00:00,1.4261961513061556,33.1601788316917,64.59031669167248,13.171502857909356,5.406109943247291,285.2392302612311,3.938754811965658,31.115919153060865
2024-05-04 19:00:00,0.0,32.24938646875302,73.46124074740816,86.52957589089124,8.49600174982458,0.0,5.745980210796279,20.0
2024-05-04 20:00:00,0.0,30.354091826737704,74.42188697506108,15.727320817971535,4.801349396383731,0.0,4.065649842394679,20.0
2024-05-04 21:00:00,0.0,28.789906904931247,72.15981037042262,30.978785920909925,3.7320736910512684,0.0,3.582005443245639,20.0
2024-05-04 22:00:00,0.0,28.73586506574957,78.28584559816586,29.004553196243688,4.932474930259858,0.0,4.9008973117983405,20.0
2024-05-04 23:00:00,0.0,27.91714527022733,72.01347276616319,87.14140341908544,5.791298040350491,0.0,2.3679797724397478,20.0
2024-05-05 00:00:00,0.0,27.541717550951898,75.163052024182,67.2702994208898,1.8907765377834884,0.0,2.3448286249545816,20.0
2024-05-05 01:00:00,0.0,27.09038467409691,80.36522239695287,79.66813971913723,9.009077302669906,0.0,1.6053934739508633,20.0
2024-05-05 02:00:00,0.0,25.749212392789367,77.8381663158218,25.046789879249896,6.741869488296138,0.0,1.5086812092263087,20.0
2024-05-05 03:00:00,0.0,24.742995901479595,83.15673366598563,62.48740996069989,6.332689173374889,0.0,1.9971308034842128,20.0
2024-05-05 04:00:00,0.0,26.70124139717752,76.91520698142905,57.17459831437487,0.9949622618063814,0.0,1.5823812520212783,20.0
2024-05-05 05:00:00,0.0,28.630019544560263,79.50821395028241,83.28303767882711,6.041739381725918,0.0,1.7187887458075835,20.0
2024-05-05 06:00:00,0.0,28.22639344346583,74.40343335149332,90.60870604812605,1.2096066223849233,0.0,2.4687374888947464,20.0
2024-05-05 07:00:00,1.307000307173017,29.6998429487138,67.32925352388067,1.2156771477386807,0.7869767519539905,261.4000614346034,2.683348079902566,20.0
2024-05-05 08:00:00,1.2682893686226435,31.473731660768657,64.03693623733209,67.40199190587927,5.273108956423933,253.6578737245287,2.4259309000028684,20.0
2024-05-05 09:00:00,2.6412188270324037,32.704555447414684,62.78814397431053,5.1835799119729025,4.027855340464949,528.2437654064807,3.2092495444045075,20.0
2024-05-05 10:00:00,2.7314398751306768,34.12341715860116,71.4504834306483,54.88586650773559,5.888102701562232,546.2879750261353,1.5813920580179581,30.925454262570824
2024-05-05 11:00:00,3.687171770129824,34.23509109710518,69.14330267336882,28.76327290436782,0.8922216805723859,737.4343540259648,1.560872665291401,51.12529575853584
2024-05-05 12:00:00,3.769048431435444,36.211823445879936,60.40770664853357,30.67765995221412,4.309830628472584,753.8096862870888,1.733690035638046,70.46120051861112
2024-05-05 13:00:00,3.8147513668246433,34.787454324346896,60.93332676604857,35.29585034523566,1.7478671504515797,762.9502733649286,1.7969709573515704,89.63011440860532
2024-05-05 14:00:00,2.436129197344334,36.12037312895556,58.83417642375263,62.12924490496101,9.871000859241166,487.22583946886675,1.6994288583039567,95.0
2024-05-05 15:00:00,3.2739920167842316,34.36612602814094,61.35681255712228,33.40499656687692,5.611502124351744,654.7984033568463,2.3960566874979845,95.0
2024-05-05 16:00:00,1.5558661330319943,36.23736167897981,55.59561100946256,73.26990505902803,6.874368609408673,311.1732266063988,2.2747221653145773,87.43309439702544
2024-05-05 17:00:00,1.7271820935008728,35.24883208255337,61.460194354318695,40.45273855738697,3.254182806826078,345.43641870017456,1.807254981128811,86.59022189567874
2024-05-05 18:00:00,1.0109532601100213,34.60909946547672,60.257941010638895,6.835320030995861,0.9473891477934415,202.19065202200426,5.537175698736366,55.01127452725769
2024-05-05 19:00:00,0.0,33.63684282882937,59.39098792969242,78.37598424841073,9.758708627835366,0.0,4.479644530786781,23.43232715883664
2024-05-05 20:00:00,0.0,32.12859406747858,51.953543717306,28.5758324592706,2.8625903538318322,0.0,4.634326787016072,20.0
2024-05-05 21:00:00,0.0,28.71372004684829,69.99913298917957,43.276687959926264,4.238081851735743,0.0,5.305443687861918,20.0
2024-05-05 22:00:00,0.0,28.647822090303244,60.04720559050349,68.54438832219016,6.49863921702575,0.0,4.9340901550533545,20.0
2024-05-05 23:00:00,0.0,27.728135438749966,77.14569224529673,33.2456157148712,0.24697297686111286,0.0,1.5454592255903845,20.0
2024-05-06 00:00:00,0.0,27.163127157270836,75.52923806796902,5.658565614671563,8.102591305172869,0.0,2.0473287423431494,20.0
2024-05-06 01:00:00,0.0,24.168634737200623,79.26532824844696,37.39210470128136,5.365781900286203,0.0,2.157554875833339,20.0
2024-05-06 02:00:00,0.0,25.654862769523408,77.51010351017298,94.44485826943034,2.7821718706882215,0.0,1.527237102584214,20.0
2024-05-06 03:00:00,0.0,25.384763587430196,71.40599822996072,64.17343972985582,0.6160798529246925,0.0,2.052076696281248,20.0
2024-05-06 04:00:00,0.0,26.17086471664802,68.85508835001644,67.1479148667207,1.6249841547444144,0.0,1.6032761655319003,20.0
2024-05-06 05:00:00,0.0,29.047346139390886,73.78121928347366,63.22821536376399,8.950338588534368,0.0,1.6957098143360678,20.0
2024-05-06 06:00:00,0.0,28.95467274094258,74.84764623200604,19.899213895943678,6.86024223935891,0.0,2.4552866138494953,20.0
2024-05-06 07:00:00,0.25027454338943955,29.134166192262207,74.62459415653835,41.833386410228016,2.499017216368898,50.05490867788791,2.71048572202071,20.0
2024-05-06 08:00:00,1.0648605668683417,31.3091381873348,67.69247815575905,75.09397983633183,0.6560076494502953,212.97211337366835,2.713462656224611,20.0
2024-05-06 09:00:00,3.0731438687798396,29.727975839580193,69.17023344038462,10.137289755315916,6.906153123866363,614.6287737559679,3.0409668287810967,20.305681879988054
2024-05-06 10:00:00,3.479285159286062,33.51690619559011,64.74005195195983,27.785277608971228,5.724077259677651,695.8570318572124,2.496554108175881,29.641626865534775
2024-05-06 11:00:00,4.10516778584744,34.3066537427748,71.8167184420611,27.631910846585363,4.0451952445823505,821.033557169488,2.038992009091961,49.27029674471183
2024-05-06 12:00:00,3.264834379304754,34.67335666057048,69.03423421636913,43.2018927594506,3.6361144919006385,652.9668758609507,1.7656953065614838,63.51211793577289
2024-05-06 13:00:00,1.567597103380735,36.183195278185806,55.15411866214851,98.0368740942185,2.168142759291083,313.519420676147,2.426973570791768,54.46604985776202
2024-05-06 14:00:00,4.108026135743223,35.289729101688096,67.76745909436204,6.750254668382194,6.696112565375176,821.6052271486445,1.965339226732051,74.82157549336816
2024-05-06 15:00:00,2.5097885505335635,37.769320574173726,50.25147620634204,51.870099438059505,9.706680277938705,501.9577101067127,1.7199854951381113,82.32470451962494
2024-05-06 16:00:00,3.2131271063060396,35.194331378665176,59.368857934925515,17.936468201221047,1.7571524583682585,642.6254212612079,1.597035778509925,95.0
2024-05-06 17:00:00,1.0339122904743052,36.50418800631732,54.12564495002093,97.06765454097442,5.971166200155034,206.78245809486106,1.5636513703346275,89.42379915936502
2024-05-06 18:00:00,1.6259565622811798,32.469877894703224,59.16553720005666,11.33035047274642,4.241850557459762,325.19131245623595,5.247166836625224,57.84485179094395
2024-05-06 19:00:00,0.0,32.59670875145886,60.841240543517806,40.36010023615913,4.466887217446649,0.0,3.925145120579206,26.2659044225229
2024-05-06 20:00:00,0.0,30.196957598935754,77.87865120645365,73.78849848346061,2.541472801278144,0.0,4.169232550880925,20.0
2024-05-06 21:00:00,0.0,27.058792666432215,74.06436398592552,70.45544280274453,8.25134875661419,0.0,5.484978738278237,20.0
2024-05-06 22:00:00,0.0,26.650591994121594,75.11539857193975,42.272863689393226,4.852556041472411,0.0,5.324580806089955,20.0
2024-05-06 23:00:00,0.0,27.216810490229886,81.0818401873346,34.652416795271826,5.4340585219826405,0.0,2.167808571905532,20.0
2024-05-07 00:00:00,0.0,26.716593101342777,73.06896740442232,39.76123785528706,3.0476091279732573,0.0,1.544981137745508,20.0
2024-05-07 01:00:00,0.0,26.254060688531546,75.74726999073185,26.42762631586393,1.8180846566694975,0.0,1.8033353823949871,20.0
2024-05-07 02:00:00,0.0,26.46326956914752,78.49185311019922,20.53329387067998,0.8591038820282049,0.0,1.6393911737303508,20.0
2024-05-07 03:00:00,0.0,26.285710658948496,86.34607874858446,48.303969755889,7.141191409249159,0.0,1.6121192501626989,20.0
2024-05-07 04:00:00,0.0,27.831084383489422,82.37821691028888,26.853375606760732,1.9623428168785562,0.0,2.0156418674007828,20.0
2024-05-07 05:00:00,0.0,27.503693324429094,78.96071708978202,28.746166489725013,6.900753541887977,0.0,2.4905151154502123,20.0
2024-05-07 06:00:00,0.0,27.503693324429094,75.17512357045156,65.67560634745571,3.9037644604695387,0.0,2.0971334852174275,20.0
2024-05-07 07:00:00,0.8632515139222179,29.581827548384357,69.2741441942974,96.85373316998923,4.1577480098965145,172.65030278444357,2.1954059353662965,20.0
2024-05-07 08:00:00,1.602058133223477,30.16562368824526,69.35618378262343,60.363720055937506,4.691774960927717,320.4116266446954,3.924760654454078,20.0
2024-05-07 09:00:00,2.8428123968133843,32.94710316382251,64.64885046256408,7.697946706496628,3.6770850812754317,568.5624793626769,3.1350747350708374,20.0
2024-05-07 10:00:00,3.846594204375031,33.70400038107769,65.97774910851109,7.558361385406698,1.0061997722259008,769.3188408750062,2.1547625285062506,36.07240092075342
2024-05-07 11:00:00,1.6659783005275828,33.40802965884624,66.97208354529525,95.1423220845566,3.0963181000284576,333.19566010551654,1.680507119844397,35.91946598057642
2024-05-07 12:00:00,3.564837837637847,36.571066206306995,61.08962471841611,29.729079030733363,6.6373436069393845,712.9675675275694,2.3602056372067266,47.363471884672066
2024-05-07 13:00:00,4.516694475688225,36.07324915293517,67.00459374383237,9.206698608247542,6.65784401468871,903.3388951376451,2.15287309297016,69.81977502049368
2024-05-07 14:00:00,2.9931943556865854,34.882105661279795,56.31523100715922,59.90445871503815,2.8622430723999437,598.6388711373171,2.0862768484196184,78.43549133952988
2024-05-07 15:00:00,2.1755975183036353,35.2379833161029,63.21077216808456,62.36487782902661,4.60102626557688,435.11950366072705,1.5547593861103066,84.33345359536648
2024-05-07 16:00:00,1.8845255890043355,34.78290857865622,69.38313669422956,64.85048201186882,1.9344722801193748,376.9051178008671,2.250034097946904,80.48599560649734
2024-05-07 17:00:00,1.8404488519972062,34.695793192574406,54.80732832968724,26.74020278575413,2.1037208152983577,368.08977039944125,2.306350975805434,75.58176272430546
2024-05-07 18:00:00,0.939509830141894,32.70591629339455,64.22080214038981,1.5110684214475034,0.23047088406607408,187.9019660283788,3.1466646885155556,52.348553688793245
2024-05-07 19:00:00,0.23185744229790067,33.32297266719155,63.15948594106702,96.50153694544719,8.967465499077447,46.371488459580135,3.8428831595190647,20.769606320372187
2024-05-07 20:00:00,0.0,31.610133545087933,68.49033001037242,25.089304569110247,2.1070666507490623,0.0,3.0009212251012665,20.0
2024-05-07 21:00:00,0.0,30.773864449021488,72.20900840770767,67.60262880525475,2.275338769364633,0.0,3.629782281838479,20.0
2024-05-07 22:00:00,0.0,27.613960611614093,74.66015549428776,70.66298698787095,2.796014326451318,0.0,5.240249647546043,20.0
2024-05-07 23:00:00,0.0,28.01934839916295,77.19432018919292,61.00074170794857,1.27408071695429,0.0,1.8469133203708972,20.0
2024-05-08 00:00:00,0.0,26.75656755256334,80.20184194956907,31.290739421364822,6.392628831813628,0.0,2.1203388640619996,20.0
2024-05-08 01:00:00,0.0,26.88462171445356,85.81280063308577,27.109625376406576,0.7514295317758657,0.0,2.356763887539463,20.0
2024-05-08 02:00:00,0.0,26.79393512091051,77.48011263100055,59.76682827027031,1.3420242632635027,0.0,2.082331622234009,20.0
2024-05-08 03:00:00,0.0,27.33197780902147,80.63068470254407,86.60956336116915,6.447567265900929,0.0,2.485481750571602,20.0
2024-05-08 04:00:00,0.0,26.541876005864413,73.10897020445192,94.67337289233956,3.3966062048144274,0.0,1.739095392986615,20.0
2024-05-08 05:00:00,0.0,28.63626826448494,75.21814460423076,10.590580440375764,7.079478267011891,0.0,2.4663107088924128,20.0
2024-05-08 06:00:00,0.061382043014042056,29.95881913585647,68.92527142226209,15.482861259771985,5.5742474467014205,12.276408602808411,1.7427325524497712,20.0
2024-05-08 07:00:00,0.4265751667957489,30.264462927768967,71.32836941421715,94.47362587830797,2.560211730615131,85.31503335914978,3.9751076577231306,20.0
2024-05-08 08:00:00,0.9668030573611488,31.824086580544265,67.86759598079284,73.65352283347926,6.508279504893281,193.36061147222975,3.9057752257697196,20.0
2024-05-08 09:00:00,1.1852764878240698,31.54442827456669,65.5397777494951,88.29938248297731,1.1627368029288065,237.05529756481397,2.8410971982401034,20.0
2024-05-08 10:00:00,3.6441725196230483,35.22226739098703,66.98622184374267,20.263263413534315,5.364103830800304,728.8345039246096,2.4150999076078628,31.676189814144262
2024-05-08 11:00:00,2.251290441464912,34.312135489590645,55.27705098918697,58.758587110940184,4.371481050450346,450.2580882929824,2.2024971168239116,32.13972639823377
2024-05-08 12:00:00,2.08066348283508,34.21254097629887,69.31312191537862,70.11395944174737,2.678735828174408,416.13269656701596,1.7353850069533079,35.419871919110605
2024-05-08 13:00:00,2.4930717346986175,34.8210983231927,69.92736758548287,68.01118854469726,6.040049977395001,498.61434693972353,2.241966705314293,37.805369698261686
2024-05-08 14:00:00,3.701704708988454,35.42520677278468,65.54765705031937,40.81516908666981,8.713335923402825,740.3409417976908,2.1300447206413535,52.73613958755915
2024-05-08 15:00:00,3.972918052599669,35.71645848315528,69.45916407387881,1.5394891691308477,9.989046997630767,794.5836105199338,2.406946003148664,67.6128740573437
2024-05-08 16:00:00,1.8362779775136424,36.6936729655618,58.122307243891505,58.29260568042631,6.077627687434245,367.25559550272845,1.8744778982545875,67.21076962849166
2024-05-08 17:00:00,1.9877009406454045,34.61569366642029,67.65009305622341,25.310153917960875,4.047058743291702,397.5401881290809,1.9381047896475763,67.68193306297103
2024-05-08 18:00:00,1.1731291472288141,32.988131598906484,71.75427960434408,45.02542461428904,2.2520710021620163,234.62582944576283,3.8886457849551164,39.09754740269416
2024-05-08 19:00:00,0.0,32.22856611002366,65.77494946112664,95.75810150838173,2.5709608939511175,0.0,4.5863838354112465,20.0
2024-05-08 20:00:00,0.0,31.125390971806738,64.70845029828448,39.903531764243475,4.794549781497657,0.0,5.0438355909444,20.0
2024-05-08 21:00:00,0.0,29.894106862910213,79.38681105048552,83.98016066644267,3.6727770128070922,0.0,3.484571766897784,20.0
2024-05-08 22:00:00,0.0,29.82240432481173,61.35840794429418,18.854060574925114,9.138145226249442,0.0,5.175601189787262,20.0
2024-05-08 23:00:00,0.0,28.858268445210534,76.69028526834107,67.24604980250288,3.6829546765570953,0.0,1.9291525045518978,20.0
2024-05-09 00:00:00,0.0,25.97953591862946,80.2463414720431,97.70069544389435,3.7344459114543547,0.0,1.6625863117631137,20.0
2024-05-09 01:00:00,0.0,25.984686372426015,70.19539439111794,10.189310087293679,3.83534512433977,0.0,2.415956595465678,20.0
2024-05-09 02:00:00,0.0,24.640031786327725,82.7357872605165,0.8319942227192012,8.366202103676581,0.0,1.7840900603188072,20.0
2024-05-09 03:00:00,0.0,26.034422910496986,81.85387854187886,43.35827926326144,6.507883208469019,0.0,2.0869854830067895,20.0
2024-05-09 04:00:00,0.0,24.45258927082424,77.44064695986316,9.26254830513672,6.141688503188927,0.0,1.723279126932402,20.0
2024-05-09 05:00:00,0.0,28.59854639013625,77.6405664827473,74.83843496762313,3.3414302238386218,0.0,1.7748850916073995,20.0
2024-05-09 06:00:00,0.19535722986638207,28.96254792279775,73.9602087025465,91.45486638485589,8.179041768324394,39.07144597327641,1.698540202827894,20.0
2024-05-09 07:00:00,0.3959932987327731,29.280711821214513,67.13221200560649,43.402097270875885,0.38363861355701134,79.19865974655463,2.8926680514412757,20.0
2024-05-09 08:00:00,1.9667032525105925,30.566715826372146,73.52093479258417,25.871164215544095,8.707971723381132,393.3406505021185,3.0545734480673685,20.0
2024-05-09 09:00:00,2.1129131407267367,33.15138672963562,57.98079420705701,43.44033190066098,5.127498997939296,422.58262814534737,3.2481168855546976,20.0
2024-05-09 10:00:00,2.7989029181969505,34.36205759054654,60.718290336377954,72.3447817850001,3.982502348634128,559.7805836393901,1.9167232811360009,28.380706552079022
2024-05-09 11:00:00,4.9926034016549,32.358297837036005,63.47935358003648,0.9054161580370979,4.971672807176857,998.5206803309801,1.7693419997497548,56.88070655207902
2024-05-09 12:00:00,3.3459887207044545,35.60760626025966,63.9721208273059,58.945398948469716,6.674155305338311,669.1977441408909,2.2188397482056668,67.5886217908175
2024-05-09 13:00:00,2.8906930766220564,37.25152222014969,54.110538946512555,61.329168488737906,0.1276542651789736,578.1386153244113,2.221819737210544,73.94291851522686
2024-05-09 14:00:00,2.597483258750685,35.788089406522516,54.87460788973135,63.76882468959355,8.715518564582478,519.496651750137,2.153135772781575,78.1642196319334
2024-05-09 15:00:00,3.14272546421804,35.099971249151224,57.65069383063709,24.202207998087722,4.467395253113928,628.545092843608,2.4302394910430536,84.93283637709578
2024-05-09 16:00:00,1.5826537647455525,36.69777832285816,55.30229042180811,71.40527233781268,3.429665197000782,316.5307529491105,2.462572886161193,75.67052983587851
2024-05-09 17:00:00,2.27353715171849,35.196022888278435,61.735784452856045,9.13914863317764,1.382455656340571,454.707430343698,1.5151729841718349,82.87498942757173
2024-05-09 18:00:00,0.39955890847777087,33.367574415056666,63.68883981501739,19.92703364668008,4.3946537435844215,79.91178169555417,5.519822451440741,51.29604205915068
2024-05-09 19:00:00,0.0,32.31080261025058,64.55975501541047,87.74700466544819,4.963227712843788,0.0,4.127102323266251,20.0
2024-05-09 20:00:00,0.0,29.664677461244494,65.45772930984188,73.87231507265663,4.036466944934778,0.0,3.6302248703702342,20.0
2024-05-09 21:00:00,0.0,30.165787018201218,64.31173221280726,1.3745554011345251,6.786600938268971,0.0,5.758184523626035,20.0
2024-05-09 22:00:00,0.0,26.598925571182015,77.21862204537001,24.83762603698002,4.20896528759226,0.0,3.4774805931666792,20.0
2024-05-09 23:00:00,0.0,26.144407528159473,72.94858963729983,21.440648299316457,9.614175778465734,0.0,2.101492952974941,20.0
2024-05-10 00:00:00,0.0,26.425555942438155,84.69056860541234,27.080632803697256,5.992775178235918,0.0,2.1300731498609493,20.0
2024-05-10 01:00:00,0.0,27.678793997179568,70.99829705313175,24.755977027988642,8.07477935651909,0.0,2.072414377972997,20.0
2024-05-10 02:00:00,0.0,27.917848001606664,73.51890405655242,6.252629574284574,1.0935590310947885,0.0,1.895753850223595,20.0
2024-05-10 03:00:00,0.0,26.13837977201826,72.3385441926378,45.894051659682034,3.9729129294590573,0.0,2.0219158706823186,20.0
2024-05-10 04:00:00,0.0,26.19933384154839,70.53787655444006,73.27334747861651,3.368477014471527,0.0,1.6549296868447234,20.0
2024-05-10 05:00:00,0.0,25.559941574498616,80.65217815955708,60.67317247174364,5.694823881365918,0.0,1.9892725199760841,20.0
2024-05-10 06:00:00,0.0,29.11762066508465,77.87648495217057,67.28716685980798,8.611135200614257,0.0,2.365575062697121,20.0
2024-05-10 07:00:00,1.0578711341094351,29.570774767411695,60.30891128382929,8.114917853623915,0.7833821776200667,211.574226821887,3.4835189537819278,20.0
2024-05-10 08:00:00,0.42056936469171363,30.6906715072257,73.12675423017232,95.14907101767872,0.7257479804471079,84.11387293834272,3.844646122957338,20.0
2024-05-10 09:00:00,1.5739823351387563,30.323373943667036,63.994661715924806,83.84918338430248,8.50317708157599,314.79646702775125,2.369999395003959,20.0
2024-05-10 10:00:00,1.9692760851375275,32.7398076782591,60.185758446759635,80.50903184956627,2.128500860383574,393.8552170275055,1.6159335106575063,23.356754457560204
2024-05-10 11:00:00,1.6326375636024277,33.3550354189351,71.04311035340706,82.29838050417675,6.687532544498137,326.52751272048556,1.790859973942931,21.691255401344378
2024-05-10 12:00:00,1.3458404061823768,34.810301796748654,61.32159680860648,93.27105081327613,5.428781323608051,269.16808123647536,2.0780401116288,20.0
2024-05-10 13:00:00,3.7201378925546766,35.08768967768887,49.10464433141575,54.42539661136977,8.328935948872294,744.0275785109353,1.8145123703726131,38.103442460729596
2024-05-10 14:00:00,4.2320274207914625,36.4122805981435,54.09493803751659,20.02820178676259,1.2508890983640353,846.4054841582926,1.5546262887664846,63.53875321496689
2024-05-10 15:00:00,2.655629145898439,34.96289646078503,52.861934788959964,61.678360785254114,1.2978296572261128,531.1258291796878,2.268909439547475,67.21259042530104
2024-05-10 16:00:00,1.3344281984943436,34.97825322263567,64.77193874221443,74.2881493667939,5.568183602783075,266.8856396988687,1.9169069652234767,61.081234986047015
2024-05-10 17:00:00,1.0014008689381175,34.60428396269631,55.23836444128068,73.79173933540254,9.46378653358371,200.2801737876235,2.394478624766776,46.41725860890323
2024-05-10 18:00:00,0.6236668698447559,33.882131275890806,57.282249900537224,52.14490241668801,4.1499775837075425,124.73337396895118,5.452294227641609,20.0
2024-05-10 19:00:00,0.0,32.78718162756054,66.30712564083424,6.845871933357806,3.2694210025469497,0.0,5.127260044271549,20.0
2024-05-10 20:00:00,0.0,32.24096559873853,67.11718411559326,37.11129384301278,6.066893231978858,0.0,5.584771058317498,20.0
2024-05-10 21:00:00,0.0,29.825238761559508,67.97020716119874,92.07666084633573,9.304486005450311,0.0,5.0801625828459365,20.0
2024-05-10 22:00:00,0.0,27.976547570165543,80.51264523477528,58.4448909757426,8.369278328446237,0.0,3.321337545945371,20.0
2024-05-10 23:00:00,0.0,28.051334029925602,76.10477213645056,53.83319432557134,9.954836107332198,0.0,2.0873861907588074,20.0
2024-05-11 00:00:00,0.0,27.12491807532003,84.86212801211694,26.885351438219352,0.2256858320237709,0.0,2.1507971417200795,20.0
2024-05-11 01:00:00,0.0,25.89578262300362,84.74590796015147,36.84489199165789,1.1285814471276223,0.0,1.6245154688336205,20.0
2024-05-11 02:00:00,0.0,26.07166413975085,81.33982922658703,89.53460891531692,6.09467763366622,0.0,2.1152941190885404,20.0
2024-05-11 03:00:00,0.0,24.438813878587602,84.20643763651778,66.64630475268358,8.205764393338498,0.0,2.4971136340127393,20.0
2024-05-11 04:00:00,0.0,25.811286755447824,86.85500558535364,78.73870267523328,2.8524434230676654,0.0,2.0598368028535896,20.0
2024-05-11 05:00:00,0.0,28.40158160205152,72.18122811453445,45.434542306765515,2.3921108803421873,0.0,1.9824993748657462,20.0
2024-05-11 06:00:00,0.13856361900663025,28.863840434292612,74.00249118596878,63.024721945615795,7.869757993812009,27.71272380132605,2.354877716807582,20.0
2024-05-11 07:00:00,0.9227498805618544,30.514959063575176,64.47459620979366,24.838360874320752,0.5638185385323158,184.54997611237087,3.684908408745029,20.0
2024-05-11 08:00:00,1.3851543594800082,29.915529376421215,70.14228838052694,70.54608302834863,3.693826475825851,277.03087189600166,2.4076373603697663,20.0
2024-05-11 09:00:00,2.511479373963837,33.2891128051285,61.047655468690635,42.76013337033373,5.058092225923297,502.2958747927674,3.585971166629895,20.0
2024-05-11 10:00:00,2.45528554076031,35.25140907374891,59.07382736500386,44.25455148147456,5.603486743503234,491.0571081520619,2.3413595989593325,21.082296447109282
2024-05-11 11:00:00,3.032059006788054,33.34085043791619,58.926635128598946,64.93223245768817,7.286151567927769,606.4118013576108,2.128054531150425,29.670338965666758
2024-05-11 12:00:00,1.5872913716630643,35.369589218226125,53.963714528137466,93.62806214689266,3.548457234306582,317.45827433261286,2.1524581484879537,23.721214999088975
2024-05-11 13:00:00,4.381611305671954,37.513601161514686,54.253130756890286,6.400634660862092,6.126843446746072,876.3222611343907,2.480092713859275,41.78564162130942
2024-05-11 14:00:00,2.3901427100025483,36.51943662319174,51.16102484390008,82.47432373470076,5.853754227909564,478.0285420005097,2.115123289651617,44.39832611464327
2024-05-11 15:00:00,3.273156149380822,37.754474626568864,52.63534036208791,29.238311041219312,5.476161006537471,654.6312298761644,2.4000968114631176,52.69238982486145
2024-05-11 16:00:00,2.6432798866378486,34.93109908737227,62.139961794536866,44.391945450637785,6.404832931422122,528.6559773275698,2.4800623153872845,54.24295675174181
2024-05-11 17:00:00,2.5151635194431923,34.07652944570983,60.36953743594729,2.1913328775008956,2.594491710680763,503.0327038886385,1.894522594536262,60.13904553835765
2024-05-11 18:00:00,0.8979864832398754,35.56082656390266,56.233223619000796,30.1046077834313,0.8464875358462898,179.59729664797507,3.8460077082786057,29.107243169528907
2024-05-11 19:00:00,0.06450024941737267,31.181331147191553,65.71922804559931,50.26312426301305,1.1927167203974343,12.900049883474535,5.7523956766644115,20.0
2024-05-11 20:00:00,0.0,30.508736972338678,70.48012815240344,5.617607734743901,2.2458238265390107,0.0,4.3144127141087,20.0
2024-05-11 21:00:00,0.0,30.60730686464878,59.966766888267486,49.10957293831652,5.001979355227853,0.0,5.338179162732665,20.0
2024-05-11 22:00:00,0.0,28.63054229242836,73.8132389624626,92.71106288584274,8.404427505460202,0.0,5.0235113362987125,20.0
2024-05-11 23:00:00,0.0,29.801212548092263,66.62661430983974,10.539321810780521,7.012933420883841,0.0,1.5941638088528298,20.0
2024-05-12 00:00:00,0.0,26.784898547420614,81.47401544082446,76.44407280755044,7.890406042020471,0.0,1.5401350504349427,20.0
2024-05-12 01:00:00,0.0,26.149106816542513,81.87490227815411,40.967105337599264,3.5097562392609136,0.0,2.3685891415610016,20.0
2024-05-12 02:00:00,0.0,26.29066649311305,79.06134078334364,65.5173714524338,4.046537416485502,0.0,1.561403019295356,20.0
2024-05-12 03:00:00,0.0,26.692834985944756,74.85491915740823,26.023659798522935,3.9368188599061282,0.0,2.3989910560520937,20.0
2024-05-12 04:00:00,0.0,24.397731325507202,73.25958933659672,15.949226254135828,1.9187318440450152,0.0,1.6751406338861496,20.0
2024-05-12 05:00:00,0.0,28.019189396718183,68.62827751768982,16.046261427122644,0.6121665814357202,0.0,1.7428443030004477,20.0
2024-05-12 06:00:00,0.0,28.50211842101747,71.92229042103087,7.049194564314465,5.909160928272268,0.0,1.9945195629702845,20.0
2024-05-12 07:00:00,0.9890027064235328,29.66135991024261,75.27937669608241,18.564670490124303,9.892166834205861,197.80054128470655,2.018507840433927,20.0
2024-05-12 08:00:00,0.8522169310114024,31.063183668807756,69.08320758399199,66.42193849889682,1.6682970495026284,170.44338620228046,2.6023310740025183,20.0
2024-05-12 09:00:00,0.9571825938253832,32.51891196220408,68.63993675299295,88.16906118435081,0.46684819899273755,191.43651876507664,3.107057924232267,20.0
2024-05-12 10:00:00,1.8170438771667996,33.55135875880268,58.811805189193485,81.41256855911618,7.795316818239329,363.4087754333599,2.4506244692703167,20.0
2024-05-12 11:00:00,2.9173309149868327,35.47456306343188,63.583058212796495,68.51343098744842,2.525860066847242,583.4661829973666,2.015279624112085,28.5694872633101
2024-05-12 12:00:00,0.0,34.614789449827526,62.03157849994144,11.043186341110268,8.296438053529284,993.4160882149941,1.999667291781441,56.75991218159864
2024-05-12 13:00:00,3.481075456817132,37.31578836846388,56.937842123692114,28.918744629594983,7.039366670345154,696.2150913634264,2.016301820876258,70.67526172303693
2024-05-12 14:00:00,3.408919813490294,36.70379588375082,54.75309176401594,30.980687532246897,9.456735370508046,681.7839626980588,1.722573111288635,86.69555539395269
2024-05-12 15:00:00,3.4589732151949812,38.04837248897619,56.07459136776638,24.99569463976212,4.0892723575667205,691.7946430389962,1.7353083980753707,95.0
2024-05-12 16:00:00,1.9667739594074218,35.87393367281031,53.75403936665043,51.50056597097231,6.619698394506342,393.35479188148435,1.8843176354583717,95.0
2024-05-12 17:00:00,1.5883147208817772,32.882599343559775,66.32801290003198,53.55538148796726,4.648547808132707,317.66294417635544,2.08897543476152,89.72988722231851
2024-05-12 18:00:00,0.9461292758783174,33.71987014237394,61.995407335506776,35.68859751711102,6.305886973085435,189.22585517566347,4.740351099126093,58.150939853897455
2024-05-12 19:00:00,0.11797760379353452,32.35728882936284,67.58556276685727,35.3789158736436,4.495989060077373,23.595520758706904,4.011986330500776,26.571992485476404
2024-05-12 20:00:00,0.0,32.23048435635835,58.847378153180976,82.85555979060814,1.8863224642407483,0.0,4.686669749532632,20.0
2024-05-12 21:00:00,0.0,30.23437307945694,71.4182917605358,78.92928483196856,5.078974160033809,0.0,4.809133707898644,20.0
2024-05-12 22:00:00,0.0,27.933023608995722,78.90477535296317,30.779583168074566,5.285842014374423,0.0,3.6857611761144504,20.0
2024-05-12 23:00:00,0.0,29.29338576927379,67.84606145589478,91.37884438732593,8.10603848260161,0.0,1.6872469489387236,20.0
2024-05-13 00:00:00,0.0,25.724404641083147,86.60157133378195,95.2815017002506,7.355207057935812,0.0,2.295575273892632,20.0
2024-05-13 01:00:00,0.0,26.25315040521628,76.35249445097458,32.67425420300408,6.637916239414441,0.0,2.149822336649968,20.0
2024-05-13 02:00:00,0.0,26.12477857967741,79.03975092711998,35.442494879305485,1.1338709555257254,0.0,2.296301896423281,20.0
2024-05-13 03:00:00,0.0,26.452202370121167,80.35252882069184,50.56341534219588,7.20616290663715,0.0,1.7901536349599745,20.0
2024-05-13 04:00:00,0.0,27.049706436114896,78.73711525423151,94.11208125336735,5.003051563545148,0.0,1.9244376040008935,20.0
2024-05-13 05:00:00,0.0,28.17074923721101,75.68049913021879,87.63194331423115,8.940995361061592,0.0,2.4756521313912714,20.0
2024-05-13 06:00:00,0.0,28.373858450122682,74.88563770746548,10.25679625835898,9.198709341305428,0.0,1.747544287018046,20.0
2024-05-13 07:00:00,1.0808392657957218,29.518305953210557,69.41176080693575,39.27307432714162,0.5515659060178546,216.16785315914433,3.241105317189762,20.0
2024-05-13 08:00:00,1.2813332621661766,32.12277124023334,69.06038489361335,55.33711897497719,8.206415603544787,256.2666524332353,2.8966726829163614,20.0
2024-05-13 09:00:00,2.4630597292080587,31.369686657282607,66.8783289312374,50.313247255154,0.3769739042267062,492.61194584161177,3.758537252172936,20.0
2024-05-13 10:00:00,3.7332842496284435,34.66298088039184,57.574682886093555,19.38630679368927,3.6716962569502263,746.6568499256887,1.9564534031957284,36.8798930411108
2024-05-13 11:00:00,1.7289579406414637,33.81803530384832,60.797316432282706,85.88167711681547,5.422999756210791,345.79158812829274,1.9022746240235646,35.05550690024658
2024-05-13 12:00:00,2.9286160945448274,35.1478123182052,60.23655244574605,67.69407829968374,1.4810079862712744,585.7232189089655,2.1539213699257513,42.4151067841278
2024-05-13 13:00:00,2.1888323064915913,36.7664348085784,53.094489993267125,83.79083748518036,7.463138125690768,437.76646129831823,2.0871033550630376,43.38153182269906
2024-05-13 14:00:00,2.2290857763654133,36.149872197935274,60.68422449078352,85.87642793494722,0.08354704172138572,445.8171552730827,1.833204232125859,47.14240649297483
2024-05-13 15:00:00,2.0203244595817393,36.51591767317716,59.50124295326119,74.83558536657398,1.6859904843403684,404.06489191634785,1.510895473025343,51.98198186526059
2024-05-13 16:00:00,2.58647470889074,35.0037093927741,62.139334782758155,43.92106012497173,5.807968298534757,517.294941778148,2.3239121274566292,54.47632638888466
2024-05-13 17:00:00,1.1620128291142304,34.39030526009382,71.19305924335347,61.054675501542455,7.143875620372924,232.4025658228461,1.8904784405261066,46.80826732139122
2024-05-13 18:00:00,1.0647722356384177,32.62086390689232,55.16532506841885,16.036540611974313,9.166431026939161,212.95444712768352,5.442179023345027,20.0
2024-05-13 19:00:00,0.500329489216539,33.992553927888174,57.14146055063576,67.36454174749078,7.054966519346238,100.0658978433078,4.369886967453425,20.0
2024-05-13 20:00:00,0.0,31.196272338440863,74.1702012948194,17.925325573928074,6.7177927025486595,0.0,5.656865470376841,20.0
2024-05-13 21:00:00,0.0,30.143492389073725,78.5246234826616,69.39495905101568,3.943411463506643,0.0,5.263613928453311,20.0
2024-05-13 22:00:00,0.0,28.377344899692382,69.15268617236491,22.959816075396866,0.012844255268014138,0.0,3.7063504368808293,20.0
2024-05-13 23:00:00,0.0,27.493677109778005,76.68511182217071,11.755130015021997,1.2015925873562194,0.0,2.1624157460811584,20.0
2024-05-14 00:00:00,0.0,25.726271265158474,72.69161913067687,16.52844901429574,5.345545447560392,0.0,1.835461914141156,20.0
2024-05-14 01:00:00,0.0,25.919585802518203,87.6383404919261,0.1992135219070268,6.751298858444197,0.0,2.0176836525300743,20.0
2024-05-14 02:00:00,0.0,27.422595197789978,77.58928366022987,71.87396178535302,4.174482838964625,0.0,1.5903697485124781,20.0
2024-05-14 03:00:00,0.0,26.5052808050146,84.32143201297585,73.24010490583791,7.306790115283902,0.0,2.169095444855257,20.0
2024-05-14 04:00:00,0.0,25.766669372182356,69.87211147549088,51.493334991325945,5.218622953321788,0.0,1.7311658196539201,20.0
2024-05-14 05:00:00,0.0,27.461895230381888,77.13193802688424,16.13628010553837,0.7417619559431221,0.0,2.496076915796598,20.0
2024-05-14 06:00:00,0.0,26.98013196262449,75.76276844733934,8.355433751068976,1.9201625096794883,0.0,2.4047698014219514,20.0
2024-05-14 07:00:00,1.3833821832769704,29.71519484279409,73.44528583266747,1.912896643728701,8.399982232439429,276.67643665539407,3.21965343088492,20.0
2024-05-14 08:00:00,2.146250077467019,31.90888903636929,62.5750181781104,16.57481769652207,7.249127466244395,429.25001549340374,3.655606366596505,20.0
2024-05-14 09:00:00,0.8853960142630257,32.35720234700463,65.37609512761021,89.08555349831467,8.94761987012495,177.07920285260514,3.422222268101149,20.0
2024-05-14 10:00:00,3.11575804663709,31.9058173202746,66.33970871499389,24.153684170168177,1.1755724912093657,623.151609327418,1.8565421432142721,31.962551082516764
2024-05-14 11:00:00,3.5339786877285806,35.399139412819025,70.42201373404569,35.42713272172156,9.90222534615074,706.7957375457161,1.8272936435708873,48.17605900201485
2024-05-14 12:00:00,4.66884396776442,34.94472604242523,60.94576343599526,10.534548448133318,2.094067139499336,933.768793552884,2.4854962713920856,68.91786211755202
2024-05-14 13:00:00,4.328828861310853,36.15164961110056,56.78826838667153,22.236130474817028,0.1177987628664201,865.7657722621707,1.8992753840155772,91.99862015185714
2024-05-14 14:00:00,2.7939018210755053,35.41130747530801,61.155942711468754,51.922457078020514,9.974229390535541,558.780364215101,1.9548864490728315,95.0
2024-05-14 15:00:00,2.428991816594533,35.47470777774611,51.86687325321622,60.775268309565256,2.8107388544511314,485.7983633189066,1.526631686914105,95.0
2024-05-14 16:00:00,2.7350182474911704,34.57509302301169,70.33283429684626,24.535231416621105,6.680194525125599,547.003649498234,2.0167606342967996,95.0
2024-05-14 17:00:00,2.3995260040697843,33.82954874043383,64.56575898472926,5.773215922511721,1.766823141763052,479.90520081395687,1.5793024747533864,95.0
2024-05-14 18:00:00,0.8406480716118759,32.84189119061723,59.228762304325144,39.10328691273987,5.802285321991417,168.12961432237518,5.9529275725876065,63.421052631578945
2024-05-14 19:00:00,0.025661275743441736,32.84189119061723,75.92910723111164,23.420337092633414,9.040349864545593,5.132255148688347,5.048813393098039,31.842105263157894
2024-05-14 20:00:00,0.0,30.59426349836775,71.30854604295985,21.955392322980195,3.201811674284386,0.0,5.261478785079085,20.0
2024-05-14 21:00:00,0.0,29.90709383388784,69.85799270207559,95.98628027134552,6.702539760443592,0.0,5.342363537939377,20.0
2024-05-14 22:00:00,0.0,29.00200188906656,63.46168341090163,61.63004859257241,1.879035887984165,0.0,4.212978368548436,20.0
2024-05-14 23:00:00,0.0,25.245710839425904,78.73994501766163,55.68784431720959,6.247953987187253,0.0,1.7793310185303406,20.0
2024-05-15 00:00:00,0.0,27.766597188707088,77.90734574460717,41.57751035233219,3.3645035181751015,0.0,2.3739571227473446,20.0
2024-05-15 01:00:00,0.0,26.497002830811454,75.26248616117647,42.89443334301443,2.1120825858795165,0.0,1.7548008244770634,20.0
2024-05-15 02:00:00,0.0,26.497002830811454,75.4214298313656,54.090500383808084,3.1318205070363514,0.0,1.954503600982602,20.0
2024-05-15 03:00:00,0.0,25.71426986074328,76.540338631646,69.64298070361072,1.7884106850779935,0.0,1.972983766652134,20.0
2024-05-15 04:00:00,0.0,27.036919774007778,77.32521972349622,70.21460961818295,9.019161078378827,0.0,2.247832360934888,20.0
2024-05-15 05:00:00,0.0,27.300314509259042,78.80565213958614,17.169390770544958,3.9718688631712884,0.0,2.4216142232804447,20.0
2024-05-15 06:00:00,0.0,28.701785107370952,70.60772836403044,50.0112752076627,2.4527930497436734,0.0,2.0572485516185455,20.0
2024-05-15 07:00:00,0.7229007089823429,31.044154405249472,62.05208652591673,41.195809503410196,4.484078410159329,144.58014179646858,2.497004655004547,20.0
2024-05-15 08:00:00,0.7036709063320779,31.261577484065405,60.02879697011417,87.05269662693841,3.2053616680649553,140.73418126641556,2.1897783504785022,20.0
2024-05-15 09:00:00,1.409078974288773,31.444955578999615,74.04803724297095,63.14189212183764,7.44419253813326,281.8157948577546,3.156324401198927,20.0
2024-05-15 10:00:00,2.795737296096766,31.478006477251938,69.7656005693248,53.25040664159818,9.712199118854944,559.1474592193532,1.8462742664774083,29.0198987813839
2024-05-15 11:00:00,4.170943114479624,35.078519108323846,58.599683365525934,11.539464217891737,4.380336566976468,834.1886228959248,1.6373686545749027,53.08885615047876
2024-05-15 12:00:00,2.4835665673892233,34.12016199025501,61.18573191131722,60.56378893234115,8.610333999722403,496.7133134778446,2.238731105462403,55.41479303878355
2024-05-15 13:00:00,4.445211285289354,35.62949457721721,58.99852444543218,11.720390568023342,5.658630735596195,889.0422570578709,1.6694882749200568,81.78416163729189
2024-05-15 14:00:00,3.841948706988202,35.32058043905711,60.811740861258464,33.720657556575205,1.5723566509423348,768.3897413976404,1.9733566870432033,95.0
2024-05-15 15:00:00,3.6540066280514343,37.41907606755005,59.90441826666717,14.284196481433186,6.906227420813416,730.8013256102869,1.7451480198974512,95.0
2024-05-15 16:00:00,1.741948584072049,33.67977251476766,57.729992936463596,69.20736470243689,5.134344971258201,348.3897168144098,2.3497816987402302,88.60175668770334
2024-05-15 17:00:00,2.195006582491881,34.62042214745941,66.02783229332584,20.62521138361526,6.506065232521035,439.0013164983762,2.482802539705019,85.572325559144
2024-05-15 18:00:00,0.882289963063086,33.838594433115865,63.29108771692573,39.1859373188026,8.89687412571665,176.4579926126172,3.0207602867544803,63.06211162555038
2024-05-15 19:00:00,0.0,32.95885831523697,64.20496130327987,89.56747776187787,4.404345706560461,0.0,4.305816716591824,31.48316425712932
2024-05-15 20:00:00,0.0,28.795517949119677,67.01315501723819,20.431638339897027,9.011776232173556,0.0,5.753177427273707,20.0
2024-05-15 21:00:00,0.0,30.665943955382822,66.77041760212472,50.780506395877914,7.506690142816549,0.0,5.7085943813749225,20.0
2024-05-15 22:00:00,0.0,25.504733109200384,78.84991216189006,41.9271661166022,4.886049258779847,0.0,5.2830618126463404,20.0
2024-05-15 23:00:00,0.0,26.464385351480267,83.1362700117503,1.8124041045729733,6.032221356579637,0.0,1.6025481259246466,20.0
2024-05-16 00:00:00,0.0,26.053724852185177,75.92917702799923,79.27581135728128,3.2558113251901144,0.0,1.7947322757766915,20.0
2024-05-16 01:00:00,0.0,26.94411628570338,69.42062057620439,6.904590631459973,9.835972997387742,0.0,2.4544960284547797,20.0
2024-05-16 02:00:00,0.0,26.491586507590473,78.08689893332324,47.42550209769536,6.67351163050396,0.0,2.2841322586084436,20.0
2024-05-16 03:00:00,0.0,25.571825551718625,86.79201115383466,56.06782949389499,0.43846852496629896,0.0,1.8247945028633685,20.0
2024-05-16 04:00:00,0.0,26.43849702358777,77.00961832538775,62.842645661458704,3.266219057480088,0.0,2.2925310589064702,20.0
2024-05-16 05:00:00,0.0,27.544493182414808,81.9189043301676,68.86316293078755,6.233144337590575,0.0,2.185210746338469,20.0
2024-05-16 06:00:00,0.0,28.58434103219821,77.07859921112524,25.327238352271507,0.563332777992398,0.0,1.8051938344399527,20.0
2024-05-16 07:00:00,1.5393921327928348,29.73437371492581,69.32403726806666,0.9978776658449373,0.23884191319142767,307.87842655856696,2.327052417216241,20.0
2024-05-16 08:00:00,1.670952561755705,30.93931456679808,63.57810945682656,72.3443662354912,4.5002423952780255,334.190512351141,2.9421349554902814,20.0
2024-05-16 09:00:00,1.7817874519991446,31.81539884450466,66.49640572136585,53.56565993475786,3.3269017969267,356.3574903998289,3.8135788077720503,20.0
2024-05-16 10:00:00,2.078451612022468,33.985593920044,57.67125918824621,83.61177032072487,4.3829860803316585,415.6903224044936,1.6506002734275929,24.064587716651314
2024-05-16 11:00:00,2.1301074436252283,35.09724493385118,60.5892970581958,82.13883629006943,2.626933098800052,426.02148872504563,2.347071137691137,21.780759358062802
2024-05-16 12:00:00,1.9105709694904034,36.15501105665098,53.324715088311905,84.33261677878832,1.6471774694298091,382.11419389808066,1.883953452883422,22.03362576582912
2024-05-16 13:00:00,3.344964014586295,37.176109727001375,52.20161768532059,48.50946599795402,6.891433569803377,668.9928029172589,2.235624150217509,32.57235447733258
2024-05-16 14:00:00,3.8685040545685063,35.30296853063514,60.81826141550697,33.362839583686565,5.145711162678005,773.7008109137013,2.3875800485895677,46.6411325341325
2024-05-16 15:00:00,1.7199227351824453,36.28129160472954,60.77742116024804,79.155820259137,2.0015421124936683,343.98454703648906,1.6947937836376017,46.879857573808515
2024-05-16 16:00:00,2.46750463425765,36.726592719377926,46.16101626474001,45.12941130292549,3.195894262599983,493.5009268515299,1.8573686791491189,52.67614914733956
2024-05-16 17:00:00,2.32381506487638,32.99647898436227,67.29978479992769,18.34421964034345,5.918079076633259,464.763012975276,1.7344014537237358,58.275578453289675
2024-05-16 18:00:00,0.1671980181058387,33.86417006314241,57.27572535890689,85.49740195614743,0.7222934827247784,33.43960362116774,3.979122615955132,26.696631084868628
2024-05-16 19:00:00,0.0,32.10661373802132,62.55200725336725,88.25598767723473,1.4745300926617955,0.0,4.640727057795685,20.0
2024-05-16 20:00:00,0.0,31.426539290026543,74.59763939936431,46.63097561401701,0.7324560410739012,0.0,5.478874094812057,20.0
2024-05-16 21:00:00,0.0,29.525669069470904,65.73609917540024,7.569972730978747,8.123173327141188,0.0,4.828245310974298,20.0
2024-05-16 22:00:00,0.0,29.69123519518074,75.97181759920093,38.782608991693124,7.524092332120093,0.0,5.186896281293643,20.0
2024-05-16 23:00:00,0.0,26.75435158938257,77.81633316741015,80.35376594626034,7.533129318792571,0.0,2.1953056776022963,20.0
2024-05-17 00:00:00,0.0,27.764446272298372,80.13531851396773,90.17740285462287,7.16325343476028,0.0,2.014813290181972,20.0
2024-05-17 01:00:00,0.0,26.703348234453134,83.20326354710743,20.347274249759582,6.693854236698692,0.0,1.578954826931568,20.0
2024-05-17 02:00:00,0.0,26.942230017567837,81.23729891416416,6.697361202527152,4.76991915378175,0.0,2.2755681478094316,20.0
2024-05-17 03:00:00,0.0,26.516835096435674,72.73566526438317,87.73504531328386,6.42278163507115,0.0,1.7957239049516747,20.0
2024-05-17 04:00:00,0.0,25.886564224352746,82.15314834915225,38.94049389788753,0.3836155478797465,0.0,2.1839786768204106,20.0
2024-05-17 05:00:00,0.0,26.617419274898648,78.225613540127,54.176096426756324,6.214644226567846,0.0,2.159291472788214,20.0
2024-05-17 06:00:00,0.18738875936128208,29.191356381080524,68.6654787788123,96.80658120507589,7.778777055368772,37.47775187225641,2.2874895686293737,20.0
2024-05-17 07:00:00,0.960145167065148,29.431793299106676,70.34884346283623,6.656472791422285,5.003583603843902,192.0290334130296,2.674635652019348,20.0
2024-05-17 08:00:00,1.4943923646443318,30.569585291312716,75.70177453611745,64.83180074520956,3.5751332842723693,298.87847292886636,3.9512774381952678,20.0
2024-05-17 09:00:00,3.3141005951806632,33.91795663783475,61.60098647068485,7.410542257486707,2.7742673480097912,662.8201190361326,3.4471564232822987,20.0
2024-05-17 10:00:00,2.8655246321899313,33.31151314024117,61.32057409786497,37.54689284665004,6.428020501620825,573.1049264379863,1.669264750715419,31.364468874007866
2024-05-17 11:00:00,2.0322589718401183,32.69403919659628,75.18863770261837,80.38145451934467,6.928011986299087,406.4517943680237,1.9973639202167177,31.695971864430174
2024-05-17 12:00:00,3.684115404481937,34.82078192259148,61.33230618295738,43.34722327556344,8.709675998625425,736.8230808963874,1.6314460166482125,51.19633104885055
2024-05-17 13:00:00,1.5556753898545779,36.10992042341125,56.32506256696224,99.71823539029504,3.423340824609907,311.1350779709156,1.9080102314975367,47.487543242082566
2024-05-17 14:00:00,3.088300005850542,36.846045008889405,47.60045169915071,55.905928494660216,7.6977230738558555,617.6600011701084,1.8673872891519578,59.08621405071912
2024-05-17 15:00:00,3.4296823838398263,34.425930746700104,62.92825102453118,32.11621526359535,5.613558241893379,685.9364767679652,1.7152982973214461,75.37286287264374
2024-05-17 16:00:00,2.984903101973679,36.25889455399797,55.291817651486376,22.011132590475313,8.828364906780791,596.9806203947358,2.1489419359523327,83.31449394984652
2024-05-17 17:00:00,1.510508731648921,32.25044941126339,58.92076621286874,35.05205342861618,5.278121082956208,302.1017463297842,1.9752549026080286,78.42242899238224
2024-05-17 18:00:00,0.8430522209931082,32.801133819558004,59.780729998258586,37.25332737595508,5.176298283979673,168.61044419862162,3.962112280090708,46.84348162396118
2024-05-17 19:00:00,0.12110272030055161,31.92334424170496,66.62388858408623,6.8713677723960975,5.778770814409091,24.22054406011032,5.362147276247416,20.0
2024-05-17 20:00:00,0.0,31.457671611193586,72.91044239708543,36.95741994267732,7.493153551424344,0.0,3.572946091620609,20.0
2024-05-17 21:00:00,0.0,30.65267432049433,57.04078744888275,46.423851973922496,9.646904788284608,0.0,5.530829487412325,20.0
2024-05-17 22:00:00,0.0,28.63935120789893,69.55464797655097,72.27377522388046,0.7356335421576565,0.0,5.151107764760052,20.0
2024-05-17 23:00:00,0.0,28.42059513536052,68.0544012193214,65.6729484721608,0.5343460239101716,0.0,2.263277884926977,20.0
2024-05-18 00:00:00,0.0,27.46283458652328,77.91947851325224,70.87656552291543,9.375503374073386,0.0,2.4037299762136377,20.0
2024-05-18 01:00:00,0.0,25.518824291578444,82.86172405899708,0.8363681876857099,5.298756255182061,0.0,1.558541421950078,20.0
2024-05-18 02:00:00,0.0,27.210323849941553,73.71074794766473,21.766739958053606,6.149030145669361,0.0,1.6265650238139804,20.0
2024-05-18 03:00:00,0.0,25.867767845125737,74.30553362991962,66.16842883998565,4.824236015947289,0.0,1.583602281024414,20.0
2024-05-18 04:00:00,0.0,25.865934604350645,82.25738991869022,48.398936817974715,0.9365745260747449,0.0,2.02324707523998,20.0
2024-05-18 05:00:00,0.0,26.87987464841224,72.01980039819989,0.5313475668345946,7.680893784186665,0.0,2.016005292173791,20.0
2024-05-18 06:00:00,0.10718199832351703,28.058976179476392,75.16054533128793,80.44946424318223,7.472246450885869,21.436399664703405,1.929123317781888,20.0
2024-05-18 07:00:00,0.6068106245404248,29.50159756588723,61.84728556240856,77.28095732903374,3.11703321492812,121.36212490808495,3.581553617145158,20.0
2024-05-18 08:00:00,1.3485456055575102,30.5131781274817,65.62916128639053,54.841916299356264,3.062392452284004,269.70912111150204,2.4030758739753333,20.0
2024-05-18 09:00:00,3.370270923574545,33.72032948359237,68.99468192472112,6.646332577627212,8.378413809055186,674.054184714909,2.250142478901138,30.641220224397365
2024-05-18 10:00:00,2.2432559304568405,32.59349221906723,61.186315357791756,76.65150495325847,0.7235725774132662,448.65118609136806,2.213708102274324,30.921924592131266
2024-05-18 11:00:00,2.6396749638573453,33.92215827745955,60.219995561827986,58.37135877313639,8.811051483565658,527.9349927714691,1.7719558460388496,39.16525621140698
2024-05-18 12:00:00,2.2768977103161947,35.05399493244103,54.448871531749816,78.19599771579591,2.5666168989591442,455.3795420632389,2.287720787296105,39.05132908530266
2024-05-18 13:00:00,2.3895661124465923,35.62397721959196,54.55859183809852,75.17469923958404,5.929847477554939,477.91322248931846,2.390083169546758,39.04588637898513
2024-05-18 14:00:00,1.5556991795179247,36.81748498077032,58.81122891552115,80.30020719578371,9.359941790017777,311.1398359035849,1.9785587150803527,34.594733373064834
2024-05-18 15:00:00,2.700529529792555,36.27300511354772,44.867837889752884,51.80080664046248,6.781225015366465,540.105905958511,2.429842493633706,37.166260216573896
2024-05-18 16:00:00,3.41735648003286,34.48033201589924,65.04497888776127,14.032451819351499,4.144298124670366,683.471296006572,1.6401564217021303,54.049660770715825
2024-05-18 17:00:00,1.1677360480482877,35.31076463477049,63.05778944926869,67.11574733796887,6.895342089054152,233.54720960965753,2.0671731001852014,44.58190232716937
2024-05-18 18:00:00,1.3823665477478415,33.11294697376627,62.32219109421347,62.04737850519706,3.439796363163702,276.4733095495683,4.003243354063837,20.0
2024-05-18 19:00:00,0.046674491148555805,33.372747171472334,60.167243602027305,74.22531871990871,2.772584163491861,9.334898229711161,3.4354190797984216,20.0
2024-05-18 20:00:00,0.0,30.29281132070654,69.78778555585811,16.98810060507353,9.966832779346797,0.0,5.642726294973302,20.0
2024-05-18 21:00:00,0.0,30.12376880068684,65.45352418876884,19.497519990028923,7.507902311797877,0.0,4.173610325143276,20.0
2024-05-18 22:00:00,0.0,29.910312306590644,67.51164869989844,89.04095172193284,6.447199773818176,0.0,4.498386402518742,20.0
2024-05-18 23:00:00,0.0,27.50548785031073,83.90481655729668,74.99777984520708,3.5528964321931875,0.0,2.092905341405263,20.0
2024-05-19 00:00:00,0.0,27.246065731406226,82.50738574303534,90.82284887003229,0.4916082915504816,0.0,2.1156151093887887,20.0
2024-05-19 01:00:00,0.0,27.34906685327392,65.88021619868792,75.87153211639207,0.3105687603515561,0.0,1.5862731577335456,20.0
2024-05-19 02:00:00,0.0,24.890692467502006,71.31420686459448,59.71553059903019,5.541812554487988,0.0,2.335237316824051,20.0
2024-05-19 03:00:00,0.0,27.92268083826556,74.66244998442589,65.41327370278736,7.620327210390511,0.0,1.5190074000256715,20.0
2024-05-19 04:00:00,0.0,27.59567762267387,74.39908327602423,88.91279239400099,5.3737919044385505,0.0,1.724313909305785,20.0
2024-05-19 05:00:00,0.0,27.398387660976955,72.8788748301785,57.88067545119405,8.407850719391146,0.0,2.2044318206475952,20.0
2024-05-19 06:00:00,0.0,26.582167338201977,65.92515885259124,63.239132432838744,0.33426533093221633,0.0,2.2518897916419776,20.0
2024-05-19 07:00:00,0.7936341657075887,30.522529517749625,67.32079423691766,15.647671600360058,3.667520764259401,158.72683314151774,3.312016216941836,20.0
2024-05-19 08:00:00,1.337583758611338,31.47849973179589,69.73781589968682,47.39212201161027,2.3707039117417805,267.5167517222676,2.2446086325874477,20.0
2024-05-19 09:00:00,1.5665144610319235,33.64830615075769,64.92954951297712,71.6397111958099,4.47272968157122,313.3028922063847,3.714662740265319,20.0
2024-05-19 10:00:00,3.5658068243534427,35.61161321841797,61.39060727499765,27.09426983163654,0.7237639319412248,713.1613648706885,2.2700113899022822,32.31005662728602
2024-05-19 11:00:00,3.893311149636104,35.89042683745458,52.749766898689664,20.22541805245349,9.541316415710725,778.6622299272208,1.7045833721504384,53.10297051339985
2024-05-19 12:00:00,4.078698177564702,35.058127046614054,56.77342173204712,31.382680822441557,2.232554010693609,815.7396355129404,2.3396054509905166,69.62435141585462
2024-05-19 13:00:00,4.025833510314078,36.0968397865904,54.88812329469334,24.150062799283344,9.223077754835847,805.1667020628155,1.6930722737967314,91.78558316276941
2024-05-19 14:00:00,4.0692293034155815,36.04868388490154,60.219934008528,21.491263703639586,4.2589315503668175,813.8458606831163,1.895191244312555,95.0
2024-05-19 15:00:00,3.005896007222771,35.466379949192515,57.69162309992239,42.48508428680869,9.85524133255218,601.1792014445542,1.8932217588042362,95.0
2024-05-19 16:00:00,1.2613023708022273,36.31330549992121,57.43533938112761,90.78385138835341,5.540583834602107,252.26047416044545,1.7217755097808907,90.15291432654038
2024-05-19 17:00:00,1.4817001105262744,35.581336821632256,60.52713543980238,50.705964673871826,9.308328641758074,296.3400221052549,2.107773223877402,83.56267102810746
2024-05-19 18:00:00,0.4176336618194849,33.23715093383963,70.89438602270158,18.792038081532304,0.05348988694222845,83.52673236389698,5.108762994185904,51.9837236596864
2024-05-19 19:00:00,0.2966929759963334,33.41415186341239,63.296014436941434,7.697166938087408,7.482388061809001,59.33859519926668,4.4426023759086775,20.404776291265343
2024-05-19 20:00:00,0.0,29.973565889364114,67.51440832935485,69.61561451379252,9.030506531025154,0.0,5.817743168625326,20.0
2024-05-19 21:00:00,0.0,30.714720129531294,65.48531080013616,38.279876443638784,1.3972056697895407,0.0,5.146041063862422,20.0
2024-05-19 22:00:00,0.0,29.315853510078515,72.6329290009086,82.18309465853592,0.9612585173215149,0.0,3.503091968736881,20.0
2024-05-19 23:00:00,0.0,28.759099397807397,75.49430605342954,65.95107686407702,4.245726071859556,0.0,1.771641130744174,20.0
2024-05-20 00:00:00,0.0,27.507082467806487,78.60483214660914,79.62414505413685,9.336789061329352,0.0,2.3311879560164446,20.0
2024-05-20 01:00:00,0.0,27.29426415872591,69.62149349907706,27.194603941844875,5.423865601904387,0.0,1.804253283409762,20.0
2024-05-20 02:00:00,0.0,25.73912919875411,86.94259363419494,69.2358922461058,5.274564637217321,0.0,2.09754437452722,20.0
2024-05-20 03:00:00,0.0,25.003597075651008,78.54028004600413,26.406198469371876,1.4112611829932187,0.0,1.6780295296053636,20.0
2024-05-20 04:00:00,0.0,26.864711800063407,72.78518183586971,93.90684794502916,0.007895110932187865,0.0,2.348638397953059,20.0
2024-05-20 05:00:00,0.0,29.143967936616455,70.20958129864138,63.63742815333744,8.101400907454613,0.0,1.6577076447119512,20.0
2024-05-20 06:00:00,0.0,27.598434504696485,70.96215981557962,32.451180017534206,0.8757456298623822,0.0,1.852598678544753,20.0
2024-05-20 07:00:00,1.340882514995108,29.201974094526058,75.1909020075584,26.951186229227265,6.33849818735324,268.1765029990216,2.162363410783386,20.0
2024-05-20 08:00:00,1.9724358402028535,30.629203566200474,79.8823650343473,19.09265850716435,9.146164545151915,394.4871680405707,3.45233283939832,20.0
2024-05-20 09:00:00,1.8849405144519633,32.62931357172998,60.36135840552153,69.46409588937279,2.08651913158431,376.98810289039267,3.806447249941872,20.0
2024-05-20 10:00:00,3.3744988308539887,35.524028536379255,58.45314155067015,21.87156129979273,6.652728362369108,674.8997661707978,2.086107117937223,32.239721272709275
2024-05-20 11:00:00,2.2228694772908715,33.88968491763872,62.20352440904765,59.53032659274891,0.7869857670750946,444.5738954581743,1.8740051993732894,35.55393191292631
2024-05-20 12:00:00,3.5861621746209353,35.12526638465081,70.94929319185563,26.463502692535734,6.03755143837613,717.232434924187,1.5941467522832236,54.47807842513457
2024-05-20 13:00:00,2.4890479047960095,34.928525844460985,56.69545676004325,66.19689447938686,1.6393172095320274,497.80958095920187,2.435369499404729,54.98802327635174
2024-05-20 14:00:00,1.6932539407269749,35.450455409189956,58.69414963460925,81.49397285405392,7.35953560515178,338.650788145395,1.998557640281776,51.774300123143306
2024-05-20 15:00:00,1.7473705284424474,36.18682201044028,63.54266257623904,77.80252431446532,3.012312947939082,349.4741056884895,1.8204896372653623,51.004625293428404
2024-05-20 16:00:00,1.8974126236642996,37.085438089555495,54.17386297713722,76.08513309307817,4.633910088046463,379.48252473285993,2.1616843562366648,48.22281758214036
2024-05-20 17:00:00,1.3632402318274996,34.21941762530233,62.144218727556705,18.772240569225207,5.994305420276217,272.6480463654999,2.4672034558421934,36.60215206619621
2024-05-20 18:00:00,1.1052418114002367,34.18717747509865,62.99672022545354,8.838494698451871,1.7127341066623958,221.04836228004734,5.725985009535152,20.0
2024-05-20 19:00:00,0.0,30.96766039820461,64.20572415857859,69.89488284873856,7.416378186176209,0.0,5.638564777758262,20.0
2024-05-20 20:00:00,0.0,31.38365502386679,62.842008361839376,36.83472137943513,3.0264034063681455,0.0,5.9334344674145845,20.0
2024-05-20 21:00:00,0.0,29.608934256818756,65.83143702764133,43.23462264033473,6.623718599127535,0.0,3.5419096528425973,20.0
2024-05-20 22:00:00,0.0,27.975771551895413,75.7300659443176,3.1149092793391064,1.5828305069937365,0.0,3.719525245442669,20.0
2024-05-20 23:00:00,0.0,27.70168905810139,67.74020743250585,25.95764492750492,6.881176592063502,0.0,2.373184092000632,20.0
2024-05-21 00:00:00,0.0,25.967145915650512,78.15391721237407,3.3676403874464023,1.2818807281046174,0.0,2.0633889305968314,20.0
2024-05-21 01:00:00,0.0,25.804719399705846,79.8693001329389,87.91857726012476,4.253564962699836,0.0,1.5727112143445918,20.0
2024-05-21 02:00:00,0.0,26.59295080942513,73.05292569851252,24.339668321853047,2.472060737388768,0.0,2.0916804195320013,20.0
2024-05-21 03:00:00,0.0,24.544628286229983,82.22793227079364,55.73371695730081,7.483752494281825,0.0,1.8322365952468593,20.0
2024-05-21 04:00:00,0.0,26.84541522491296,80.68669479939614,3.897932066113041,2.6203500450687454,0.0,1.6232964663712477,20.0
2024-05-21 05:00:00,0.0,28.113720593838522,73.53598935232638,66.6847391305658,8.817173063953962,0.0,1.9185655981373586,20.0
2024-05-21 06:00:00,0.29117769630997753,28.09296817305394,76.85033874266672,32.30273457540939,8.918202114066128,58.235539261995505,2.4206884411696956,20.0
2024-05-21 07:00:00,0.3875820481382165,29.946135400257845,81.319884986789,89.79191869576658,1.9644131522278585,77.5164096276433,2.005960261564662,20.0
2024-05-21 08:00:00,0.8124209322974241,30.14389917256277,64.93865248640985,88.81181889340358,6.138459450077242,162.48418645948482,2.6422440661162785,20.0
2024-05-21 09:00:00,2.5891657003163937,31.80221577069814,66.60079009912286,32.529061836174776,0.8771764171996432,517.8331400632787,2.8520101588326883,20.0
2024-05-21 10:00:00,1.5426820835651398,35.67199320949429,56.88748836973351,90.09608956904678,3.915370996016292,308.53641671302796,1.59986735292199,20.0
2024-05-21 11:00:00,1.3793685378729765,34.347691085868945,60.62857026261134,99.61576734987788,7.133217295012723,275.8737075745953,2.4288898266555177,20.0
2024-05-21 12:00:00,1.6513373297340224,36.43762625904035,63.65297529111953,82.5415664123948,6.594232468499163,330.26746594680446,2.1208897045993513,20.0
2024-05-21 13:00:00,1.959393177249737,36.30563993151097,51.969409446696126,84.4871347755229,6.24700669406608,391.8786354499474,2.189597290327733,20.0
2024-05-21 14:00:00,3.99146420423455,35.75867861206215,57.037756484544914,24.90087361090899,2.8254086366244358,798.2928408469099,2.1309911542136426,37.674493975198615
2024-05-21 15:00:00,2.0965411469487156,36.87154173562282,47.19777681647637,57.67023988577563,3.7802494943440204,419.3082293897431,2.1902626091854014,36.687952267444025
2024-05-21 16:00:00,3.4677467162897533,35.4029288132845,67.7481850940026,6.725591396736785,1.0294614470028618,693.5493432579507,2.043267841598415,50.22050157701173
2024-05-21 17:00:00,2.173727749289903,34.19879087588484,58.19619850575971,9.491793682166971,7.19022820433601,434.7455498579806,2.07397471046831,51.168155445816865
2024-05-21 18:00:00,0.22876686518538195,33.6724198520914,63.88792077330379,99.88926120332906,5.038887967912736,45.753373037076386,4.075348341400691,20.0
2024-05-21 19:00:00,0.0,32.73572029332682,60.789644214752855,32.663924942591095,7.087656323456546,0.0,4.738618030481176,20.0
2024-05-21 20:00:00,0.0,31.903167591994777,56.13375798748194,74.81839120488463,2.4894352479687276,0.0,4.315503744823731,20.0
2024-05-21 21:00:00,0.0,29.178117442876857,70.25198853315032,80.66650530268164,3.244382286350662,0.0,5.675515372034348,20.0
2024-05-21 22:00:00,0.0,28.78686384281935,79.05259032999824,85.80232710072292,3.3421533726011465,0.0,3.710582128321077,20.0
2024-05-21 23:00:00,0.0,27.203573824580467,75.89834052728456,99.76282974021565,0.257424097472162,0.0,2.493630141925373,20.0
2024-05-22 00:00:00,0.0,27.24945422906261,71.14659743953511,24.149648525686786,3.410478728306235,0.0,1.6550597214124134,20.0
2024-05-22 01:00:00,0.0,25.34645346127056,79.7009242256456,4.035082685969971,8.033045735180336,0.0,2.266778424533243,20.0
2024-05-22 02:00:00,0.0,25.195732078550584,80.43373902558753,41.1191517994586,8.972984957497385,0.0,2.3485861892000055,20.0
2024-05-22 03:00:00,0.0,26.976271811665445,76.49685197867986,13.008066982894695,5.182183156359274,0.0,2.416623373678113,20.0
2024-05-22 04:00:00,0.0,25.06423957801502,79.49127630548475,2.2425889162055124,4.555016952192203,0.0,2.269664488498658,20.0
2024-05-22 05:00:00,0.0,28.367675428198492,68.5796779990028,36.04268271414861,0.30824618699370254,0.0,2.337285777849761,20.0
2024-05-22 06:00:00,0.0,27.796166741930538,78.83501943083941,78.37382510752364,8.792043375853826,0.0,1.991272918104472,20.0
2024-05-22 07:00:00,0.4102824967789618,27.970594070894627,73.16699030550538,56.61806912250709,0.1301021342587272,82.05649935579235,3.0215659810309594,20.0
2024-05-22 08:00:00,1.4229296458018228,32.322742831879786,66.0100753171326,31.277798921035405,9.447500802102118,284.58592916036457,3.326257476488374,20.0
2024-05-22 09:00:00,2.054298507977167,32.39504219580219,62.0827365983975,65.43420054927196,4.892162486880906,410.8597015954334,3.29061185803521,20.0
2024-05-22 10:00:00,3.875999114270814,33.085994764861596,59.20454931765915,23.20181803088107,3.419344935747266,775.1998228541628,2.354015415205941,34.45884514111629
2024-05-22 11:00:00,4.774856056517919,35.17489674941937,59.58543475974675,1.4381446072085025,9.242184348426601,954.9712113035838,2.0615757366260343,60.2350081800892
2024-05-22 12:00:00,2.6524023120277156,34.605452807239885,60.07496119254448,76.43533864364274,0.24390993110096737,530.4804624055431,2.3048854979915285,63.53641791343298
2024-05-22 13:00:00,2.8132457810014655,35.46350944207,54.1908481574023,62.374308486400906,5.814248948690871,562.6491562002931,1.7007421831657434,74.10520209287232
2024-05-22 14:00:00,2.620559546957784,35.99243534032535,62.73271341011284,76.23026245009599,5.489325244993376,524.1119093915568,1.6334064812782132,83.48315621682823
2024-05-22 15:00:00,3.955778227004634,34.989194368775635,57.67251081493415,3.893801668766561,2.1932040121138208,791.1556454009268,2.1513399408695104,95.0
2024-05-22 16:00:00,0.7412598946986985,35.56992385266418,64.37828684689558,83.71196278306522,4.288874313502106,148.2519789397397,2.31809489504588,78.40173683845072
2024-05-22 17:00:00,1.0524895279253819,35.02731379553343,66.02290643404854,61.95262000363033,6.522640059437702,210.49790558507635,2.3178751571851275,65.08188810940077
2024-05-22 18:00:00,0.5697697186223565,34.293225717810095,57.68544622851894,56.33953507126401,7.271311968819275,113.95394372447129,3.1257790631339506,38.17652658822609
2024-05-22 19:00:00,0.0,33.046531426330084,60.955447721481846,62.46140481145316,0.007168587065797816,0.0,3.1957213625264496,20.0
2024-05-22 20:00:00,0.0,30.232270857231388,76.76363351882766,86.4433246868364,9.368534300910152,0.0,5.653158502361575,20.0
2024-05-22 21:00:00,0.0,29.399091978397056,63.07260970028791,58.69365065589071,1.645253723928124,0.0,4.917052286780288,20.0
2024-05-22 22:00:00,0.0,28.568761750844782,78.13339232149697,58.095037988817936,2.335804342223592,0.0,4.120573883437149,20.0
2024-05-22 23:00:00,0.0,27.06328918863272,79.75313701641875,99.06791570657658,2.6347344569384825,0.0,1.5794236996325766,20.0
2024-05-23 00:00:00,0.0,28.11773074722917,72.36900922374191,75.6730167068568,0.3782013655203531,0.0,1.530780831753523,20.0
2024-05-23 01:00:00,0.0,27.89941812474729,82.06100367744352,44.22938054511353,1.2305212359032491,0.0,2.428541763427382,20.0
2024-05-23 02:00:00,0.0,24.996566189241772,75.16274705134148,70.73970000329277,9.86349922944162,0.0,1.9404836513396782,20.0
2024-05-23 03:00:00,0.0,27.488068550527043,71.03515540666348,38.92304716917885,3.1521673737728606,0.0,2.1417520771315495,20.0
2024-05-23 04:00:00,0.0,27.355431344294992,78.06229831461343,22.8875462483499,1.1530109033904934,0.0,2.4229811327341477,20.0
2024-05-23 05:00:00,0.0,27.75162560356344,74.29216574109986,59.68518768877594,1.0699126117462332,0.0,1.7156608134036526,20.0
2024-05-23 06:00:00,0.0,28.786278223081883,81.44968841377187,92.81820981139515,7.194599676699719,0.0,2.283938635362431,20.0
2024-05-23 07:00:00,0.4842997059928033,31.048912858223527,68.614693776913,92.91395200154628,8.545686640326409,96.85994119856066,3.5521885724366484,20.0
2024-05-23 08:00:00,1.7356192966626385,28.98850867453818,76.66893045866219,34.19052781054903,2.5695229950846987,347.1238593325277,2.997825746579152,20.0
2024-05-23 09:00:00,1.9684493410895747,31.850168731077716,63.52512818790124,52.7677466221695,0.2090951233523497,393.6898682179149,3.016833102715034,20.0
2024-05-23 10:00:00,3.7232403573494683,32.026719827106305,68.37965774642795,21.16358985698612,2.2309001844535583,744.6480714698937,1.9731732580213537,36.62563744361709
2024-05-23 11:00:00,1.2457473117108584,34.72581681585516,73.13159914725901,99.56311094988834,0.5651569079675733,249.14946234217166,1.9258834644650293,29.466309519888974
2024-05-23 12:00:00,1.5936067595785317,36.461426069171935,50.114585025963734,98.11179078679358,1.0339493663004151,318.72135191570635,1.609014744534506,29.304120204562928
2024-05-23 13:00:00,2.516343588420816,35.729582820341676,54.684203651529835,64.95089297074473,4.315081198476424,503.26871768416316,2.4961529042006463,29.495931704654538
2024-05-23 14:00:00,2.143188264933793,36.38126914696798,61.32833933342141,80.44140596774734,2.299183708616326,428.63765298675855,2.393520754589041,26.86085286617824
2024-05-23 15:00:00,1.628861502963139,35.70911075706615,68.0469592128853,71.51001612837,5.159458785254234,325.7723005926278,2.467519187805241,20.0
2024-05-23 16:00:00,1.8218478266802158,35.294225721322086,61.13790110541727,59.31582190394682,2.5349375325719037,364.36956533604314,1.8718128729306647,20.0
2024-05-23 17:00:00,2.1063798194045398,35.35707272324095,57.02192979533317,5.3347996988897695,9.405373011029477,421.27596388090797,2.156873302259359,20.0
2024-05-23 18:00:00,0.391550975263175,31.9269914573505,66.46140546244521,45.476434255266106,9.059439679262645,78.310195052635,5.962080613606003,20.0
2024-05-23 19:00:00,0.260501748590066,30.995291671460745,66.35852378322757,67.47863021674105,5.66806105010466,52.1003497180132,5.741749736688099,20.0
2024-05-23 20:00:00,0.0,32.28548694970898,59.40495439589476,67.75316138836847,3.5442399198738617,0.0,5.899949990046338,20.0
2024-05-23 21:00:00,0.0,31.293130528312954,62.57308389711225,37.31226184223836,3.811468820347356,0.0,3.8877714331878996,20.0
2024-05-23 22:00:00,0.0,29.01067888316604,63.93220680023076,94.16919866580305,4.118522831444969,0.0,5.937793794099655,20.0
2024-05-23 23:00:00,0.0,28.17459612350574,73.27057180806894,16.7357032236781,7.27579322134944,0.0,2.4143635202447618,20.0
2024-05-24 00:00:00,0.0,26.07981630754975,70.44104285735644,50.03594462155606,4.516389955188379,0.0,2.143302478494183,20.0
2024-05-24 01:00:00,0.0,25.25021455445644,79.70505765063936,69.08839765508228,8.567299465058975,0.0,2.4936980301271583,20.0
2024-05-24 02:00:00,0.0,25.61301590084231,86.62017410473892,69.71358058918092,9.440947859303645,0.0,2.1181685496662914,20.0
2024-05-24 03:00:00,0.0,26.16037555617682,73.29223880771629,64.86389567688155,3.3594615337893385,0.0,2.4308324158174877,20.0
2024-05-24 04:00:00,0.0,26.372137332196576,80.88636294235872,27.528821345186017,5.606944813756801,0.0,2.031367863821339,20.0
2024-05-24 05:00:00,0.0,26.428294372479478,83.53513226332069,15.620656868662197,0.9505653683256443,0.0,1.5648792180939384,20.0
2024-05-24 06:00:00,0.0,31.019707645645376,68.63512029039988,63.594032682671084,2.0046904776635897,0.0,2.04105122283058,20.0
2024-05-24 07:00:00,0.45588141956017825,28.56083685800486,67.69498970322756,59.930211613943776,4.134657667101601,91.17628391203564,3.7386986876261634,20.0
2024-05-24 08:00:00,2.0651198473321597,30.985029581969044,62.17763228961879,17.935601028924097,2.0620271590177888,413.02396946643194,3.434410959788877,20.0
2024-05-24 09:00:00,1.6666486805137135,32.775590546079734,62.71929529682051,70.51391455705634,8.765604907887175,333.3297361027427,3.292260736734411,20.0
2024-05-24 10:00:00,3.0159014154822534,32.66289367325309,66.09159567358874,45.51719917336564,1.5828625605909807,603.1802830964507,1.7050848319719751,32.452757543347644
2024-05-24 11:00:00,1.9645210055542481,34.458244405783354,50.579193488152185,66.7760591603153,4.55660821553092,392.9042011108496,2.3107614681476383,28.808121094996164
2024-05-24 12:00:00,1.897053689106926,35.86749244385702,61.62861755158667,83.73670797701507,6.056992404598756,379.4107378213852,1.8494829772240142,29.26004285788383
2024-05-24 13:00:00,4.633466299696051,35.63210052715413,64.59160818630079,16.972842857692317,6.918639081608444,926.6932599392102,2.465000209476719,49.86047071496749
2024-05-24 14:00:00,4.317549180373059,38.127918074757254,50.01979992410412,1.9144867996836679,3.830693697265067,863.5098360746118,1.9612024721321362,72.24576444325625
2024-05-24 15:00:00,1.886312093396287,35.961938152133875,61.203515636618576,77.91025863957867,8.690990687247286,377.2624186792574,1.866539054408956,72.43360831363589
2024-05-24 16:00:00,1.7210404001467094,35.363776977457725,61.1820543950996,60.96974251526159,5.683191510779255,344.2080800293419,1.6416949172602318,73.18739040105743
2024-05-24 17:00:00,1.1758300417569527,33.93581206000135,60.1374902685437,69.96395696221217,4.395077804475518,235.16600835139053,1.9450452833148653,65.09038785834255
2024-05-24 18:00:00,0.03937079698431347,33.029954814845134,65.54262243330292,83.81549749886426,0.6724063405203662,7.874159396862694,5.682292583967088,33.511440489921505
2024-05-24 19:00:00,0.0,32.065005122129456,65.01626431406777,80.28109348245005,4.6468946844516505,0.0,4.764143155036914,20.0
2024-05-24 20:00:00,0.0,32.28550049648442,65.70227961159466,96.09201469288247,8.207358408157303,0.0,3.694359513958921,20.0
2024-05-24 21:00:00,0.0,30.951763855675743,65.48158678633278,53.59350788521182,6.145410182213155,0.0,4.584214235210414,20.0
2024-05-24 22:00:00,0.0,28.110788854803236,73.37361516670967,48.84956326599054,8.321624537291184,0.0,5.260156272046828,20.0
2024-05-24 23:00:00,0.0,27.543777570470073,76.46911577031344,40.18871998907301,4.940116705993056,0.0,2.3565412206887943,20.0
2024-05-25 00:00:00,0.0,25.097597201353228,80.29924167656947,15.369104284420454,1.1846170509448184,0.0,1.5144421042351455,20.0
2024-05-25 01:00:00,0.0,26.07284764287271,88.70872673854673,57.26072328820224,0.1363984583588107,0.0,2.2820981470876016,20.0
2024-05-25 02:00:00,0.0,23.258510570522624,85.42405381691012,27.70125243259788,3.032195467185912,0.0,1.7867396894392948,20.0
2024-05-25 03:00:00,0.0,27.248024831460047,75.16957881685568,92.13075122129754,6.979904714977925,0.0,1.5424397257917413,20.0
2024-05-25 04:00:00,0.0,24.990664891024025,84.894205934396,58.31908042770976,7.902599039416938,0.0,1.7230489683220238,20.0
2024-05-25 05:00:00,0.0,26.772183624681546,76.26101797973644,59.284018050811014,2.9575283462032944,0.0,2.218474214775925,20.0
2024-05-25 06:00:00,0.11068833032727612,27.300004419906358,72.84400216738037,35.492466087701004,4.956539208832471,22.137666065455225,2.195131049018418,20.0
2024-05-25 07:00:00,1.141586010382231,29.74782281472602,78.18505788001684,5.198935197770749,4.211189044340816,228.31720207644622,3.4749529437979776,20.0
2024-05-25 08:00:00,2.1642086411588,30.834031592205076,69.43266276734622,3.174376537298862,4.105227843514278,432.84172823176,3.8819978556501944,20.0
2024-05-25 09:00:00,2.286650567013024,33.071644991036734,65.66723390121297,42.33351441531975,2.313487132001505,457.3301134026048,3.92758142892816,20.0
2024-05-25 10:00:00,4.605880550001942,33.66061130215517,62.58794298866239,8.456537809723786,1.3637110502945837,921.1761100003883,2.1944249495236487,42.90882820454378
2024-05-25 11:00:00,2.4354706462148585,33.86891462843801,58.63875953107435,60.68469555401391,1.9668855823121312,487.0941292429717,1.5976282396085244,50.86833106730395
2024-05-25 12:00:00,2.0286846597236785,34.24371606556657,63.970357465879786,88.09730056396575,0.553323871633461,405.73693194473566,1.826755675332015,52.78665641902476
2024-05-25 13:00:00,2.2195360445626764,35.5144370715219,49.02193689132527,88.29148165187222,1.9813074182357704,443.9072089125352,1.5740312874059135,58.918951612014006
2024-05-25 14:00:00,2.441343651174284,34.82771750309705,51.600999806712295,65.90454101322324,0.09200897625379456,488.26873023485683,1.8792411197620678,64.25892566043007
2024-05-25 15:00:00,3.6964123323039706,36.52364921850609,60.429925244950596,21.1231831472931,6.272584006359782,739.2824664607941,2.2982852766484907,77.54113268915712
2024-05-25 16:00:00,0.8630335323835326,36.54873519325669,55.15157446171661,86.29968313588721,3.163754073876829,172.60670647670653,1.8029170681310123,67.64762178655207
2024-05-25 17:00:00,0.7824662360031357,34.605719758355484,58.220313964884,88.60934353132082,9.731447114269086,156.49324720062714,1.6844904118536503,58.15263046180982
2024-05-25 18:00:00,0.9399264340073825,33.6415592668958,66.23266304830649,19.66535849529587,1.9371705077629786,187.9852868014765,5.705021475680955,26.573683093388762
2024-05-25 19:00:00,0.002789727905892168,32.68979273212061,60.82420112612616,73.74260857706773,3.458285703095939,0.5579455811784335,3.4239382334824806,20.0
2024-05-25 20:00:00,0.0,30.811408148893683,67.98255032333985,28.651954892712293,3.5784115864153323,0.0,3.927880134052331,20.0
2024-05-25 21:00:00,0.0,28.940226156503154,68.23772757968091,80.26403123529296,0.0845149606246054,0.0,5.0603669050751545,20.0
2024-05-25 22:00:00,0.0,28.180881910302098,78.71495011075079,99.72378999036027,8.39207953039459,0.0,5.626854059822078,20.0
2024-05-25 23:00:00,0.0,26.376730373943985,74.37702856689114,3.0026005329392813,0.3199446014432472,0.0,1.8296388243277235,20.0
2024-05-26 00:00:00,0.0,25.075047126176983,86.41352609400934,89.73658657909318,9.401798347292413,0.0,2.1728938039892887,20.0
2024-05-26 01:00:00,0.0,26.950047384497548,70.99761248496056,62.26305335986581,8.920743510936207,0.0,1.8474383632484668,20.0
2024-05-26 02:00:00,0.0,28.2067827246151,65.15378425231813,97.33826191648211,5.355219160859636,0.0,2.1862250031859936,20.0
2024-05-26 03:00:00,0.0,26.80406938391717,73.92752211880615,46.50095175264276,5.435955749112921,0.0,2.2218427497552398,20.0
2024-05-26 04:00:00,0.0,26.096117430673434,87.74543594376998,84.73879305713737,6.537779229561563,0.0,1.6575273255535163,20.0
2024-05-26 05:00:00,0.0,26.213735977608543,78.19227027770958,6.239406859827723,3.8705001193488697,0.0,1.9294916786978438,20.0
2024-05-26 06:00:00,0.12312087118615556,30.090941358554105,66.51646096889121,33.527905007829574,6.472222833978555,24.62417423723111,1.8261323270161658,20.0
2024-05-26 07:00:00,1.0632841636400747,29.23523162950522,79.03302812928688,6.701653775120997,0.4476838868848687,212.65683272801496,3.25078479942703,20.0
2024-05-26 08:00:00,0.9380189290280416,30.08403241863485,62.10578958773695,97.53431334790706,0.5404762734972657,187.6037858056083,2.665249066413679,20.0
2024-05-26 09:00:00,1.8240460405812366,30.647853876406355,71.5647206599594,81.69739072718367,4.572304196195444,364.8092081162473,2.291413223495018,20.0
2024-05-26 10:00:00,1.7477001085546662,32.46186071498856,61.540723163556834,85.25474212459704,5.49622301106035,349.5400217109332,2.0067628572841096,20.0
2024-05-26 11:00:00,1.7537111910270688,32.106421568766095,62.1680978730826,93.79652314338942,8.87817640335819,350.74223820541374,2.4464728292974467,20.0
2024-05-26 12:00:00,4.915765514448201,34.037161006518666,56.83945114052846,8.510348611978536,1.0466063390789626,983.1531028896401,1.8784717648136535,48.5
2024-05-26 13:00:00,3.7056227744563324,36.430682066519445,59.682810339665146,38.55975925133334,8.226479271938894,741.1245548912665,2.2668036652069574,62.168781537869066
2024-05-26 14:00:00,4.263299524278743,36.695267500252235,62.24587061665588,7.103488904400212,2.100473372920696,852.6599048557487,1.9608899696277167,84.04167230705382
2024-05-26 15:00:00,3.479289065727686,35.715458863684866,58.310945012521934,21.07931015500286,3.9408364851003186,695.8578131455372,2.086879791796759,95.0
2024-05-26 16:00:00,2.706428958054264,36.439498588381475,51.425092201918304,22.936577703767234,3.166024348274129,541.2857916108528,2.4001379512930034,95.0
2024-05-26 17:00:00,1.7978247338047972,35.77947583089886,55.87067778169962,46.91072110475787,4.00155272865399,359.56494676095946,1.798715187124615,94.99062680715981
2024-05-26 18:00:00,0.8479013858394645,34.44125639666892,58.17176947924021,26.856216745364257,1.5049549807258555,169.5802771678929,4.777771042333385,63.411679438738766
2024-05-26 19:00:00,0.0,33.258046476567316,62.99519584289787,10.09781068177611,5.03570074403555,0.0,5.996378552566615,31.83273207031771
2024-05-26 20:00:00,0.0,30.481564368122495,66.13759535643838,16.749108909410772,8.016425898313672,0.0,3.050601545204576,20.0
2024-05-26 21:00:00,0.0,30.56119898768971,75.54634726775816,14.727556355209092,4.415340103788969,0.0,3.534196314974196,20.0
2024-05-26 22:00:00,0.0,27.831850808483264,79.18002148886973,97.30767979122983,4.906135758981991,0.0,3.4049867079919056,20.0
2024-05-26 23:00:00,0.0,26.623341701894976,75.95711085115026,75.92925069184736,8.487675852813142,0.0,1.7632436562732465,20.0
2024-05-27 00:00:00,0.0,27.678976392805858,72.79704626813063,96.7761465269562,7.060581146380308,0.0,2.2925487412932215,20.0
2024-05-27 01:00:00,0.0,27.86979086095635,72.09444953141602,43.974048650790856,4.9045440851978475,0.0,2.068649636179005,20.0
2024-05-27 02:00:00,0.0,27.259045004063903,71.04609705005791,27.83684816626566,2.5769564818917967,0.0,2.1834991544663778,20.0
2024-05-27 03:00:00,0.0,27.64169520527062,82.14426323454794,79.82931972091866,8.849267468449666,0.0,2.182981992326977,20.0
2024-05-27 04:00:00,0.0,27.637395975986983,73.21190282964828,32.62539180411468,5.770204016905583,0.0,1.6623078454964608,20.0
2024-05-27 05:00:00,0.0,27.13643078924839,79.71932256092147,29.93833737053483,2.2114761011069337,0.0,1.6250316156086226,20.0
2024-05-27 06:00:00,0.0,26.835210998567238,83.04355457997406,23.25059922078312,2.691197526380104,0.0,2.16856252556211,20.0
2024-05-27 07:00:00,0.9222409311679955,30.997235503552357,62.983273285972935,12.967897822423534,8.03133088936246,184.4481862335991,2.7760980618976476,20.0
2024-05-27 08:00:00,1.9594188199681073,32.62711805215976,70.28232224238435,25.646306101676597,0.4414556208745546,391.88376399362147,3.3821803729903306,20.0
2024-05-27 09:00:00,2.3926696787887134,32.32803311064757,64.49702516141198,35.53197484738877,9.9209218702882,478.53393575774265,2.2731778767528477,21.135172119340723
2024-05-27 10:00:00,2.564184199241979,35.4607178320387,72.43934804906266,67.39942081457303,1.3035167971479178,512.8368398483958,2.47132970021232,22.017289860122485
2024-05-27 11:00:00,4.2685373181562,35.01375784609536,53.86990454736711,6.256484221945158,7.960685253969374,853.70746363124,1.6768173577797927,46.63862948369836
2024-05-27 12:00:00,4.418711593246585,35.01375784609536,64.06882936121707,21.050693966534297,3.9477531677168285,883.742318649317,2.2329142991695052,67.40370377743062
2024-05-27 13:00:00,2.083979703830271,34.869015955032516,59.96328024087005,80.90236402916764,4.922161832874669,416.79594076605423,2.3901406412016213,64.18095706825852
2024-05-27 14:00:00,3.9837926058676216,33.84699056135588,63.741522064294536,14.692192358377076,8.806505774645778,796.7585211735243,1.5997680338508062,86.82919050241826
2024-05-27 15:00:00,3.121723662275766,35.02157570235531,59.68449400980083,34.26451465225215,4.129111895892132,624.3447324551532,2.2813865697237006,94.81239288166287
2024-05-27 16:00:00,0.8398487884224036,35.29587019981818,58.99660685027761,86.46589218581401,5.374937536732345,167.96975768448073,1.7822710672491004,84.89215836769765
2024-05-27 17:00:00,1.9086375784193894,36.05581189481557,62.20632298996935,15.492531114344265,0.4929966240916994,381.72751568387787,2.473978095087245,78.94120556066758
2024-05-27 18:00:00,1.4920225029261867,33.1714467482097,63.115432266734125,8.27368356181899,0.023474738674531537,298.4045005852373,5.092491030865725,47.36225819224653
2024-05-27 19:00:00,0.3683759637574789,32.56351867756751,64.23898077426145,48.45379950800108,2.447998730017259,73.67519275149577,3.9243792228115573,20.0
2024-05-27 20:00:00,0.0,32.16226111057116,85.38713283289111,30.24195112785364,6.805830929187673,0.0,4.830826646668013,20.0
2024-05-27 21:00:00,0.0,30.235677276102567,64.18559813586987,56.34083644838541,1.212648933591367,0.0,4.369802772617447,20.0
2024-05-27 22:00:00,0.0,27.146217239208518,78.83226297316236,80.38048904834751,1.1376195880454942,0.0,4.3031846816320645,20.0
2024-05-27 23:00:00,0.0,27.829043790095024,72.93433552345775,13.714848815274316,4.109606080359033,0.0,1.9879610450415375,20.0
2024-05-28 00:00:00,0.0,25.592706154919277,82.13150293439837,58.0699084554285,6.478370386082265,0.0,2.489582192318778,20.0
2024-05-28 01:00:00,0.0,24.34948289309752,82.75501324995375,50.550876038986395,7.120719922479305,0.0,2.1576774337926303,20.0
2024-05-28 02:00:00,0.0,26.810594973148593,73.53428578825569,14.407878601319958,1.7845067409837478,0.0,1.808236050929942,20.0
2024-05-28 03:00:00,0.0,26.184453728356434,77.95806664546191,62.39984855289824,0.7958814737204245,0.0,2.3444111489426636,20.0
2024-05-28 04:00:00,0.0,26.460344599560752,74.12918095542437,27.364041786077166,9.403970339455443,0.0,2.2374870861661496,20.0
2024-05-28 05:00:00,0.0,26.368692160957316,80.04112437578328,48.78343185440125,2.606663825621017,0.0,1.8562029305097099,20.0
2024-05-28 06:00:00,0.0,29.194211042945227,64.36892320394105,8.227232427706188,8.533464976087238,0.0,1.7073779804363416,20.0
2024-05-28 07:00:00,0.715273171079163,28.6432044989595,66.26332853983521,45.958405721362304,8.634914504628183,143.0546342158326,3.9251391747552646,20.0
2024-05-28 08:00:00,1.9857621094166198,29.06120009061842,66.20037884707754,30.646346804282032,7.725225917625444,397.15242188332394,3.3710560300216725,20.0
2024-05-28 09:00:00,1.3945563554032572,31.02255115338584,64.56587131449197,82.23812111853543,1.6883360665257008,278.91127108065143,3.8370203013771,20.0
2024-05-28 10:00:00,3.714285319342417,33.45082586997291,64.81100320870215,5.697872699736828,8.218014592542003,742.8570638684834,1.8218796508861206,37.97785385033482
2024-05-28 11:00:00,3.104616244834087,33.45082586997291,56.18509303278469,41.860727491832996,7.692505592415867,620.9232489668174,2.3183845563594514,45.44705489084385
2024-05-28 12:00:00,3.3020249758235583,35.37801580159741,57.83552679285954,45.8431424131438,5.967229901062171,660.4049951647116,1.683255864689062,60.825361446621564
2024-05-28 13:00:00,2.6519579607271018,36.200131142273435,53.86799824846873,72.50060762991187,3.3720203516895273,530.3915921454203,1.6919842675606485,69.94511153170286
2024-05-28 14:00:00,2.8699842628471157,34.598745985800235,52.85035673580305,57.428757509021096,2.625086042665441,573.9968525694231,1.9059614563395892,79.10332819352436
2024-05-28 15:00:00,2.2046141347586263,36.768224934620456,59.51628481391253,66.72123371941811,1.2188921208035897,440.92282695172526,1.6132146766098954,84.7216230459373
2024-05-28 16:00:00,1.5480711930599282,35.08506193187893,54.31941635827934,77.7049285651756,5.097570669008714,309.6142386119856,1.5774960216617422,84.41188800802347
2024-05-28 17:00:00,0.74609729726115,34.11771038712336,61.64719383980938,86.22029736581888,5.852608755098466,149.21945945223,2.4577866361101015,66.39410549382399
2024-05-28 18:00:00,0.9351209696384138,31.603998105082113,61.95657442583807,31.38754967224705,3.5933899051578724,187.02419392768277,4.125724220670746,34.81515812540293
2024-05-28 19:00:00,0.0,32.384205654743695,59.09968733173017,53.802270536390296,4.7535906768086855,0.0,4.5366691723426165,20.0
2024-05-28 20:00:00,0.0,29.331370573499214,69.11155628984487,84.01080784391999,3.635144573692667,0.0,3.4816202598052794,20.0
2024-05-28 21:00:00,0.0,29.79656490760157,60.55286610433082,98.94511309650565,6.410060573207012,0.0,3.174999816854405,20.0
2024-05-28 22:00:00,0.0,27.77983709632018,74.79381091568384,88.95193110437631,9.012592077965634,0.0,5.079263276308719,20.0
2024-05-28 23:00:00,0.0,27.50561922047043,74.61129970182746,37.14672626243768,1.6392026204694488,0.0,2.249962721720027,20.0
2024-05-29 00:00:00,0.0,27.95808345214389,78.27456758019802,19.516651721865042,3.8140880990312342,0.0,1.5879657810130579,20.0
2024-05-29 01:00:00,0.0,27.95808345214389,81.07796315521344,48.93925374065887,1.4086860395086132,0.0,1.8395059072718438,20.0
2024-05-29 02:00:00,0.0,26.004529291051558,81.47787881145656,74.16414518360422,6.2494377040783196,0.0,2.467426432083014,20.0
2024-05-29 03:00:00,0.0,26.122306024780844,73.35356438360535,49.25690707532976,7.288705094885958,0.0,1.5624023202768706,20.0
2024-05-29 04:00:00,0.0,25.99251075235604,79.06175014622599,48.31808633136685,9.31912732597456,0.0,1.6753678025403773,20.0
2024-05-29 05:00:00,0.0,28.334147858487675,69.11570296158133,83.82304210818006,2.788719262609649,0.0,1.6639621188180747,20.0
2024-05-29 06:00:00,0.06535112563680266,28.403250594669647,71.05139016066053,36.14037790671863,9.502112058654301,13.070225127360532,1.8121616939935654,20.0
2024-05-29 07:00:00,0.6370537255893665,29.291388557019747,66.9813786414355,85.97946748116456,0.632626718206748,127.41074511787329,2.920143988396326,20.0
2024-05-29 08:00:00,1.8485143296054083,29.291388557019747,60.29557129524704,40.680480095172356,6.0301386336458815,369.70286592108164,3.0315445753474473,20.0
2024-05-29 09:00:00,2.618558997557956,33.06059899251819,63.164686775166544,32.82331056783394,0.5713271934332997,523.7117995115912,2.480622702238466,21.310394805535154
2024-05-29 10:00:00,2.8378658160205137,35.03017205522052,67.11804140855794,45.3989911199699,8.937741877619448,567.5731632041027,1.8744361573490145,30.462976562914402
2024-05-29 11:00:00,2.331801086516436,34.01989987185241,65.7422729965574,76.24469586748684,5.298090570700541,466.3602173032872,2.0521538195470366,33.119625599123694
2024-05-29 12:00:00,4.655892910198957,34.49378851925756,65.15854088967043,12.600202786399429,6.693483507627961,931.1785820397913,1.7981155533941036,60.2685104887698
2024-05-29 13:00:00,4.118030191983783,35.790112589213784,55.013715313217105,19.64192158720174,8.315739259104525,823.6060383967566,2.0588008343539963,79.83118938625276
2024-05-29 14:00:00,1.8077289755804062,36.13074385901825,60.44376720227181,95.1444825663092,1.5031062248396876,361.54579511608125,2.1248422975977874,76.49315441764874
2024-05-29 15:00:00,3.689818164861477,34.43127205698512,55.4878174789294,17.54916273813574,0.38591561938133845,737.9636329722954,2.134566799344994,91.26804239005531
2024-05-29 16:00:00,2.0655741996083625,35.00201773056195,59.75797831328356,56.77273179310546,8.788811459128521,413.11483992167246,1.8497395908439835,93.31847117331694
2024-05-29 17:00:00,1.464851644505038,34.55751545857634,58.1138943194131,57.931446666193786,3.149332274589325,292.9703289010076,1.7735715735552742,90.06878770963024
2024-05-29 18:00:00,0.9252900570867191,35.41725953450407,66.48498486186348,48.96244620502448,1.2897890792716526,185.0580114173438,4.780844113141683,58.48984034120919
2024-05-29 19:00:00,0.21422676454608158,33.61940422278035,62.26412010786029,64.47452485768186,4.684612370870865,42.84535290921632,3.6757973360851652,26.910892972788137
2024-05-29 20:00:00,0.0,30.664962107981648,63.00469991857591,22.982672579761843,5.983060756960188,0.0,5.138258265581087,20.0
2024-05-29 21:00:00,0.0,29.90237352551666,65.65646951159485,55.266226777674824,0.30970603422510123,0.0,3.728593951593799,20.0
2024-05-29 22:00:00,0.0,28.824504322370814,66.5140064549203,37.21732552468971,2.7489565825708775,0.0,5.2839297463571375,20.0
2024-05-29 23:00:00,0.0,28.306324916775804,64.35323617724745,66.1667259629189,0.3279987427689601,0.0,1.5981244131994603,20.0
2024-05-30 00:00:00,0.0,26.480094681509826,79.57162799229066,14.122354337314945,4.20335389195499,0.0,2.497505693173501,20.0
2024-05-30 01:00:00,0.0,26.205019305314345,75.67748808905617,57.08774168394763,8.951000290662442,0.0,1.5868364204400116,20.0
2024-05-30 02:00:00,0.0,26.16872257734588,78.81345887645435,18.52703553833237,9.826524114935692,0.0,2.472340376595683,20.0
2024-05-30 03:00:00,0.0,26.662693932467,88.70724147797705,27.86430631150364,6.370475535036276,0.0,2.0189738559443877,20.0
2024-05-30 04:00:00,0.0,26.030656840291087,66.34747141765533,21.87098003235832,1.616376937845918,0.0,2.1354125831353503,20.0
2024-05-30 05:00:00,0.0,27.61430514788195,78.15423934618401,18.28377798688171,9.058493899993058,0.0,2.357115942317367,20.0
2024-05-30 06:00:00,0.3171951471034605,28.558603939525717,78.52732510033468,82.5710951560667,5.162478232000605,63.439029420692094,1.9458773419148427,20.0
2024-05-30 07:00:00,0.7796832250568959,28.3193447157064,72.32445453390602,28.570756766089033,1.537493121029181,155.93664501137917,3.98814427609865,20.0
2024-05-30 08:00:00,0.9241719879358979,31.098437623924585,66.6732087353896,92.71237818644494,9.217266694516614,184.83439758717958,3.13949646232658,20.0
2024-05-30 09:00:00,1.494241354364887,33.29020001482971,60.493563313145565,96.99265253451908,7.57469050723103,298.84827087297737,2.1827234746177533,20.0
2024-05-30 10:00:00,2.5664778128930603,33.42464775874044,65.72390568242491,57.126046993709735,7.317052727231515,513.295562578612,1.5546730719775546,29.612145038697303
2024-05-30 11:00:00,4.634365705806507,36.58593055704425,55.82975237662918,14.30011226657264,7.091807037944047,926.8731411613014,2.111370056559573,53.58060370654319
2024-05-30 12:00:00,3.68270531796451,35.47527571509254,54.32504606419484,37.45482433795813,2.0033982109644235,736.541063592902,2.0526956887627854,69.06569518395956
2024-05-30 13:00:00,2.3492811512192286,35.0494119833077,61.79380035127737,79.7732263348214,2.110066917075261,469.85623024384574,1.74955239221512,74.76311839449859
2024-05-30 14:00:00,3.185858510836867,36.17966603887159,62.4047618083741,36.739072869707044,6.88292998427255,637.1717021673734,2.357773595969114,82.62992508574226
2024-05-30 15:00:00,3.94896485192969,36.19845354369401,56.84330343482283,8.701721830278874,2.197227501103969,789.792970385938,2.3611191683627712,95.0
2024-05-30 16:00:00,2.330383698938483,34.07112429195404,61.649713939239945,55.678491092818795,4.3867169680304885,466.0767397876966,1.78692451375669,95.0
2024-05-30 17:00:00,0.8618479904716151,35.66146423656679,52.895387029232694,84.51208514960348,7.820018255939414,172.369598094323,1.6940299482396042,86.24018991823169
2024-05-30 18:00:00,0.34159048628215216,33.94644678330478,61.58209891886983,79.59263871435024,7.839525180978409,68.31809725643043,5.8548122067556445,54.66124254981064
2024-05-30 19:00:00,0.5212967420993937,33.398358292773274,60.01420458225929,17.512314013035322,4.532617725258596,104.25934841987875,4.404900596865441,23.082295181389593
2024-05-30 20:00:00,0.0,29.56245421855559,68.47237443485494,67.27646144124667,7.921899382752451,0.0,4.159896576641117,20.0
2024-05-30 21:00:00,0.0,31.96381247328938,77.30915959766921,22.05042634356471,8.386217961980568,0.0,5.285210706637554,20.0
2024-05-30 22:00:00,0.0,29.86029499294991,65.84955960172954,21.820753455217222,6.547757512842603,0.0,4.734275516306054,20.0
2024-05-30 23:00:00,0.0,27.357261381969117,77.44351985044476,87.40717733051852,2.2842585230842016,0.0,2.4012164642607905,20.0
2024-05-31 00:00:00,0.0,27.143088190085393,81.22480021368521,24.966895274023017,2.740117803855475,0.0,2.154514466742117,20.0
2024-05-31 01:00:00,0.0,26.322005647962833,72.64311154411935,26.32473465180112,3.1484115540873536,0.0,1.8300708004491546,20.0
2024-05-31 02:00:00,0.0,27.95466254346249,67.86849467433154,0.06533907612995549,1.16804107733952,0.0,2.4088513778823217,20.0
2024-05-31 03:00:00,0.0,26.459634628771223,76.95489980542762,87.06690341255177,2.731596203699451,0.0,2.0928120653514997,20.0
2024-05-31 04:00:00,0.0,26.27887353955417,75.30149165545208,79.25948132091347,2.095192243125321,0.0,2.2161110355892513,20.0
2024-05-31 05:00:00,0.0,27.43611767200767,71.88602126094088,62.7328935090678,4.553287498086021,0.0,1.6482191098035166,20.0
2024-05-31 06:00:00,0.0,30.068533938709326,67.76726315463684,75.02657639388423,9.084375478722649,0.0,1.7519253703566424,20.0
2024-05-31 07:00:00,1.0216678523899325,29.55448870650097,67.80043499120605,15.20485674244918,1.0448031675395808,204.33357047798648,3.1686752721622438,20.0
2024-05-31 08:00:00,1.1948446299309181,30.375285833146727,70.0165652356335,45.832359458757544,7.202679239473956,238.96892598618362,2.667639137105202,20.0
2024-05-31 09:00:00,2.6854872534487617,30.55252557526148,59.022239929420124,35.121938734878086,6.872830044131277,537.0974506897523,2.832818558955612,20.0
2024-05-31 10:00:00,3.8728858282696046,33.01386353315117,66.11256667195349,9.37765262570165,0.9575419866335766,774.5771656539209,1.8050716374793492,39.64423481250742
2024-05-31 11:00:00,3.5101850072683476,36.92740729539002,58.0618961077456,48.61304852149241,9.225724049058,702.0370014536695,1.9773615269606952,54.206057875430126
2024-05-31 12:00:00,1.7831648478424174,36.392699024655556,60.16144998703675,92.07396503426354,5.684722021568196,356.6329695684835,2.374439985400383,47.982109059030485
2024-05-31 13:00:00,4.814990363087919,36.10315069892036,57.80505495398686,4.005911905069448,3.6372552113568424,962.9980726175837,1.714647548770198,76.48210905903048
2024-05-31 14:00:00,3.586627191248764,36.071231397459016,53.33684298957457,29.14609134937939,7.565385834953067,717.3254382497528,2.170107449344435,89.9390466071216
2024-05-31 15:00:00,3.4013857702201222,37.3448055248889,41.1467266287238,20.754093620570345,2.5736545840163405,680.2771540440244,1.7902566404358606,95.0
2024-05-31 16:00:00,2.5558403176843387,33.78284846767527,56.387190795190286,23.81466536656963,6.935098370463204,511.16806353686775,1.592636368687806,95.0
2024-05-31 17:00:00,1.3495673879050734,34.85084353270333,63.21224220475394,90.84345518793752,0.3971120757224722,269.91347758101466,1.9302000967426576,88.88807674907807
2024-05-31 18:00:00,0.8732541184424624,33.214235283963646,57.990078580567015,46.806905423429015,8.39408037609272,174.65082368849247,5.10772970989266,57.30912938065702
2024-05-31 19:00:00,0.0,32.49854039603578,65.87089329015207,46.62994129398188,4.481708470213185,0.0,3.7229567686388836,25.730182012235964
2024-05-31 20:00:00,0.0,30.00313290524313,66.96588591299657,76.05756424552823,6.3669291435794175,0.0,5.327267371860614,20.0
2024-05-31 21:00:00,0.0,30.901880997848377,76.14207422051143,15.44922040049258,2.212378198066837,0.0,5.003917829007828,20.0
2024-05-31 22:00:00,0.0,28.175927816198218,65.94297902210126,48.72653541000508,6.770737126584479,0.0,4.899761164646968,20.0
2024-05-31 23:00:00,0.0,28.665108043306525,75.47943737980455,42.99852141210597,7.722402758932766,0.0,1.7871039666881106,20.0
2024-06-01 00:00:00,0.0,27.837695187147066,81.83099404326452,59.69106905466561,4.732131868843988,0.0,2.1701726920589346,20.0
2024-06-01 01:00:00,0.0,28.311015044317482,73.06179204502774,99.95577032504386,6.177269240617943,0.0,1.6793022647416445,20.0
2024-06-01 02:00:00,0.0,28.286120547598244,82.41548312823345,76.9448894082047,4.563259238223986,0.0,1.6727310409477445,20.0
2024-06-01 03:00:00,0.0,27.303118322287013,73.38731117556931,39.78657030174272,8.940913692578455,0.0,2.4784342239890393,20.0
2024-06-01 04:00:00,0.0,27.200593782733442,79.8187586951291,82.75530522740469,4.978691805143192,0.0,2.0909489601516014,20.0
2024-06-01 05:00:00,0.0,30.17134898499412,70.25486645704528,17.070836331248017,8.41808709028819,0.0,2.2293207478326242,20.0
2024-06-01 06:00:00,0.0,29.52916962349622,73.64855761618377,3.0463686308960125,8.013520582702485,0.0,1.5689406122792202,20.0
2024-06-01 07:00:00,1.0935599070053115,31.321765533329398,73.17990940827139,20.444837246427305,4.105048213483565,218.7119814010623,2.759883616836057,20.0
2024-06-01 08:00:00,1.4055996844202496,32.67541364182641,66.38450407734857,34.041155611425964,2.30084491857475,281.11993688404993,2.030751248088994,20.0
2024-06-01 09:00:00,2.318160076361208,34.217553557342995,56.38171062842312,51.05807574595599,4.0608213255977095,463.6320152722415,3.716325354364715,20.0
2024-06-01 10:00:00,2.5391663600383825,37.08502967626069,44.3838043265583,61.51291405411998,8.262173757752201,507.8332720076765,2.1426508330805683,23.766897506099234
2024-06-01 11:00:00,2.009264885823507,36.7483387108876,61.49451810737649,91.06057172144217,2.2763253581939233,401.8529771647014,1.603750176920534,27.619287240677476
2024-06-01 12:00:00,3.3713587649303456,36.64681017689889,51.23753764507468,50.98540095504577,5.244363458577493,674.2717529860691,2.3030461265598734,37.76825730519696
2024-06-01 13:00:00,3.3085643634533506,36.76526870676131,56.142321178346364,50.127564462572934,8.060967479607475,661.7128726906701,1.7503284438020321,52.57149854188447
2024-06-01 14:00:00,4.548956392635975,36.70110110190687,61.74019284213681,5.024300982298213,3.5347747512837877,909.7912785271949,2.293927275234954,73.99427515719418
2024-06-01 15:00:00,3.5669332553373296,38.71201187713528,52.89648510597176,3.491155265622381,6.422096370026974,713.3866510674659,2.064023793602182,88.27191504367808
2024-06-01 16:00:00,1.6808911526309391,37.69177588124534,58.08403655863635,55.11599619163721,2.4563157404881455,336.1782305261878,1.6894949688398526,88.18134855726846
2024-06-01 17:00:00,1.7763493373668808,36.62135120340019,58.79081601294107,43.81786132483445,1.0927944536815992,355.26986747337617,1.713204282760949,88.78122657602482
2024-06-01 18:00:00,0.5222190444235024,34.02759626038938,72.61303550263072,83.91803949802986,7.943842250928563,104.44380888470049,3.844557277399252,57.202279207603766
2024-06-01 19:00:00,0.0,32.5707881777261,64.4842448161813,16.067958471184518,0.9896862340870682,0.0,4.7703256562806855,25.62333183918272
2024-06-01 20:00:00,0.0,32.383782736748614,62.54329267717766,2.49716621170496,2.7138139507958456,0.0,3.772985759510056,20.0
2024-06-01 21:00:00,0.0,30.942515086675257,66.61596383840289,44.903876793012586,8.5510942199744,0.0,5.410132714313764,20.0
2024-06-01 22:00:00,0.0,28.86094333386029,71.30164043329843,23.74785567522575,3.464692870786672,0.0,3.300890900783668,20.0
2024-06-01 23:00:00,0.0,29.913020393721506,66.95828025241512,4.961437333883745,9.73045349514161,0.0,1.8644598479396435,20.0
2024-06-02 00:00:00,0.0,27.8501327668103,68.62909615398723,72.4598286847629,9.797343347738597,0.0,2.0553115572870575,20.0
2024-06-02 01:00:00,0.0,27.753957611183967,72.95181641227863,11.159299995724748,2.682760204535567,0.0,1.8951007530147894,20.0
2024-06-02 02:00:00,0.0,28.367579477506272,80.41570476308137,60.83195000077717,0.4097822224989045,0.0,1.8419302175984222,20.0
2024-06-02 03:00:00,0.0,25.33660696130051,82.38817102143271,28.104975016688915,7.050632842053791,0.0,2.2006217301596944,20.0
2024-06-02 04:00:00,0.0,27.38768623707571,76.0062532456258,17.3496050355022,4.509865026483437,0.0,2.1430935582189976,20.0
2024-06-02 05:00:00,0.0,27.95610293251758,81.38893503365965,37.97515229193175,1.0075284395957629,0.0,2.3757857809597045,20.0
2024-06-02 06:00:00,0.0,29.672392473907887,72.38493339208455,80.14457762229537,7.075228189780428,0.0,2.2237496526342935,20.0
2024-06-02 07:00:00,1.2089852998030497,32.09522268181675,65.92050432939993,39.20935769045727,0.31174909111921223,241.79705996060994,2.7982038787416315,20.0
2024-06-02 08:00:00,0.9138845155878187,32.3911461192673,66.05783577026307,75.07696492110557,8.701966904922422,182.77690311756373,3.718931555941131,20.0
2024-06-02 09:00:00,3.177344384274671,32.46930931511338,63.028286644450574,12.548629679915068,1.3865252911330372,635.4688768549341,3.9412824934997763,20.0
2024-06-02 10:00:00,2.2429725531631153,35.5746929937076,55.496042124160944,77.27714196650791,1.27311878746725,448.59451063262304,1.7178165192852075,24.988982321840126
2024-06-02 11:00:00,4.082279374812748,37.0365987485035,57.48720027191422,23.693332490664865,1.7567229796858452,816.4558749625496,2.364405624341864,41.30878295131352
2024-06-02 12:00:00,2.966588809563841,37.0687112068528,61.07690463409245,67.73931298888728,9.602663584920666,593.3177619127682,1.8056640725924573,52.33756795254166
2024-06-02 13:00:00,2.5960674909141557,36.0772179469598,57.481529941479806,56.57815548409963,6.93169360253846,519.2134981828311,1.7161538276063797,60.69674775396553
2024-06-02 14:00:00,1.5008718946298907,38.1001164552445,53.69267561474931,92.91447172116874,8.013715354636368,300.17437892597815,2.3120452385515593,52.1580809758427
2024-06-02 15:00:00,3.1644707217694283,38.456086888574504,47.88190229697952,38.732251797531404,3.97634985732753,632.8941443538856,1.5397291533646909,67.5931258756877
2024-06-02 16:00:00,3.677102083700002,37.98436182382195,53.415066658100436,6.616518883444044,3.3631272750495556,735.4204167400004,1.5241407771223336,88.04625828817557
2024-06-02 17:00:00,1.8984867350535088,35.58771890206097,56.81699653136353,1.9155485551252904,2.3448400678316994,379.6973470107018,2.1306310471541634,85.60263395027393
2024-06-02 18:00:00,0.7838891304143921,35.51748490288044,55.752369350207935,82.6858560972753,4.806480283124089,156.77782608287842,3.2939072711852018,59.18139036321275
2024-06-02 19:00:00,0.2545551073086137,33.315862617654176,57.51487834717317,52.473563766143215,5.518287335341685,50.91102146172273,5.3861495223678535,27.602442994791698
2024-06-02 20:00:00,0.0,34.18341484474267,56.65318477570771,77.52440518349492,6.317748436527554,0.0,5.802915805909421,20.0
2024-06-02 21:00:00,0.0,31.870305023516448,72.3926592783792,23.44256000115147,2.571185039986945,0.0,3.8789391615132978,20.0
2024-06-02 22:00:00,0.0,29.40835635973648,71.14710071327936,34.50837455132337,9.486540809029906,0.0,3.5773368160837222,20.0
2024-06-02 23:00:00,0.0,30.164511647237877,68.3147530179405,3.010387221131894,1.6975849820713584,0.0,1.979667182860085,20.0
2024-06-03 00:00:00,0.0,29.17300998438337,72.81294384436288,96.14923245741122,9.656531747664124,0.0,1.8088189135888453,20.0
2024-06-03 01:00:00,0.0,28.43195372068204,75.2492111464718,66.78679067008134,0.14856122507503788,0.0,1.7026157006961768,20.0
2024-06-03 02:00:00,0.0,27.369585173182887,74.02671300125145,93.32050877593062,4.811256918168456,0.0,1.8977319573036873,20.0
2024-06-03 03:00:00,0.0,29.7338164063434,65.40924989461936,26.549640742907233,3.333678381165628,0.0,2.399502760131546,20.0
2024-06-03 04:00:00,0.0,29.0718713592879,69.67007757063233,61.146361122566084,4.491234139302508,0.0,1.593478920926627,20.0
2024-06-03 05:00:00,0.0,28.969687509409532,69.10394489716909,67.84999682926379,5.70664578980789,0.0,1.559662223330605,20.0
2024-06-03 06:00:00,0.20044629608212144,30.854199648612816,67.13433962783608,31.754970025758844,4.35589158012709,40.08925921642429,1.8023653923900669,20.0
2024-06-03 07:00:00,0.3403259434483251,30.19959676889431,69.96424009862169,84.81092350156301,4.14846850301595,68.06518868966502,3.6697069810735035,20.0
2024-06-03 08:00:00,0.8155080081534948,30.19959676889431,54.7694209636742,94.71614629002478,7.327234154133065,163.10160163069895,2.3877527987856384,20.0
2024-06-03 09:00:00,1.6983443760563115,33.973493264693055,62.123810868206405,88.48551176960044,6.8587627508646465,339.6688752112623,3.4919336157721697,20.0
2024-06-03 10:00:00,1.907788259203038,33.912932487065085,62.09401007380174,73.90669759393725,8.332712820358479,381.5576518406076,2.0179217336414417,20.0
2024-06-03 11:00:00,3.2483783197962524,38.818769048180066,42.47884152023707,27.746467972495402,2.4995898123949556,649.6756639592504,2.015186958872616,31.715317928774546
2024-06-03 12:00:00,3.657288810740315,37.47312017365552,55.19359237258209,28.161604210563173,6.095285097540636,731.457762148063,2.03153679695399,47.15996205974463
2024-06-03 13:00:00,1.9483321656547805,38.20984327106952,60.874451191253456,96.3360320446038,5.851947853928539,389.6664331309561,2.085254226238183,45.71867721149829
2024-06-03 14:00:00,4.8056411316374845,36.66973784927995,47.37266707560552,1.0284495935692028,3.6973781087268875,961.1282263274969,1.6544101078422653,74.21867721149829
2024-06-03 15:00:00,1.879241577389505,37.08201759500389,55.697758321974476,71.60499732421445,4.860575419026809,375.848315477901,1.6891293368257068,76.02474349685437
2024-06-03 16:00:00,1.479758969119195,37.55767439271281,54.139792890752574,70.62461625552622,3.1378214330572876,295.951793823839,1.802894942861787,72.62331219430077
2024-06-03 17:00:00,1.3086432260299392,35.812026845636225,51.57536774160823,62.26895409497975,1.418443976169852,261.72864520598785,1.966561705143262,65.69785451942369
2024-06-03 18:00:00,0.6204314258115933,35.812026845636225,50.87673521802392,99.01088460868658,2.138012106627328,124.08628516231866,5.150015604848813,34.11890715100263
2024-06-03 19:00:00,0.0,33.384930156298665,64.48548749228739,31.187943576372522,1.0551364640120109,0.0,3.339037876040935,20.0
2024-06-03 20:00:00,0.0,31.76789122531163,63.680544987752896,33.997186379324816,6.830695751901241,0.0,3.519185847602115,20.0
2024-06-03 21:00:00,0.0,32.31068114254322,75.48721264568488,7.893940294655555,6.607273931091515,0.0,3.5280844583631805,20.0
2024-06-03 22:00:00,0.0,29.973100147510614,70.89726342902573,44.27981365437375,9.506063715798728,0.0,3.29120798446481,20.0
2024-06-03 23:00:00,0.0,29.18124816578087,66.73523918859524,26.10485262348481,7.296784136472413,0.0,2.479069403383473,20.0
2024-06-04 00:00:00,0.0,28.777965605044873,72.93125022480355,34.338670217764424,0.5204583875613145,0.0,1.9441328507580269,20.0
2024-06-04 01:00:00,0.0,27.670699592222793,60.329451144421476,83.45717902556277,8.842451739289542,0.0,2.1974254581555552,20.0
2024-06-04 02:00:00,0.0,28.450241651717096,71.37099716843043,93.54845135274957,8.626751629457258,0.0,1.5292813847681463,20.0
2024-06-04 03:00:00,0.0,28.190652930355352,59.36285510305609,18.573307200518563,4.4332032077269865,0.0,2.107032238263096,20.0
2024-06-04 04:00:00,0.0,27.635015075571612,66.47227128170582,37.25089315534659,5.858630505279216,0.0,1.9845377502140567,20.0
2024-06-04 05:00:00,0.0,30.023856661256957,73.57164105202452,92.8630562115394,9.760783324725189,0.0,2.237827327343787,20.0
2024-06-04 06:00:00,0.0,29.53716947656963,74.28792492379152,6.180846068922263,5.323043638481662,0.0,1.9523448529996448,20.0
2024-06-04 07:00:00,1.2492429680710901,30.215478412447982,71.63258201122125,9.236052811137851,9.053218283760899,249.84859361421803,3.702492247011752,20.0
2024-06-04 08:00:00,1.9125086202955341,33.13793196005529,55.94145140888129,16.279098920622936,0.8303875781018644,382.50172405910683,3.3683954869493613,20.0
2024-06-04 09:00:00,1.713769529202165,33.469620068016184,65.1313372004264,59.521283412687474,1.9105186870868285,342.753905840433,3.2959286098108183,20.0
2024-06-04 10:00:00,3.7929033260327083,34.660795234790115,62.138238842709306,15.047227100599747,4.407549434413179,758.5806652065417,2.1621653546947077,35.492010727711005
2024-06-04 11:00:00,1.3706744529417705,36.65679000013627,64.72088350213852,96.80763814507335,5.847568083373047,274.1348905883541,2.2241780351404534,26.50776249404066
2024-06-04 12:00:00,3.1546148508343514,38.03358707582259,56.60350555968475,44.671452725852035,8.162278518628002,630.9229701668703,2.0590677276092375,36.915460164679246
2024-06-04 13:00:00,2.860176107268551,37.19065639989024,52.06886083005087,50.15179603501664,9.882621151431868,572.0352214537102,1.517414903941226,49.67169159628884
2024-06-04 14:00:00,3.8048460811168074,38.70400113008565,50.3070275470464,24.66586158054065,3.888514964741164,760.9692162233615,1.9698438202398472,67.10421307461996
2024-06-04 15:00:00,2.2950075391424742,37.35160242740856,54.299269118336426,47.09602524347335,0.47415636140084927,459.0015078284949,1.904692721447877,70.81220384271865
2024-06-04 16:00:00,1.6306534669901902,37.68531607231502,56.86570064662531,66.19136326370115,8.011715032953248,326.13069339803803,1.9991835244550886,66.93294007993023
2024-06-04 17:00:00,0.8480622804295368,36.07633212415655,58.0219814204608,75.11771369540428,6.0438071908280815,169.61245608590735,2.0210960689927537,54.585215989791116
2024-06-04 18:00:00,0.3202434492829648,35.05262213001726,60.695476564542346,75.3868082709913,1.9854285886820167,64.04868985659296,3.384744616935195,23.006268621370058
2024-06-04 19:00:00,0.2683450287846567,32.992306117561554,68.00647253273019,57.789111269408835,4.948284566214202,53.66900575693134,4.829631381924318,20.0
2024-06-04 20:00:00,0.0,32.83262078478104,64.84344445963755,90.43597749938573,7.4231024553372436,0.0,4.761606389630437,20.0
2024-06-04 21:00:00,0.0,30.29196142217939,61.854561004523546,81.74078473061094,7.704117870686438,0.0,3.5275221161346977,20.0
2024-06-04 22:00:00,0.0,30.959575892385136,73.2296390367749,75.70481146986255,4.99618411998762,0.0,3.6019500464330285,20.0
2024-06-04 23:00:00,0.0,28.817017186286744,73.50381704150199,5.560552168046062,3.0521453012885913,0.0,1.844163526751804,20.0
2024-06-05 00:00:00,0.0,27.535077498973564,66.86419490747943,0.6877962219649314,9.737425820384935,0.0,2.2140487993824833,20.0
2024-06-05 01:00:00,0.0,27.46707836347377,76.25265830040898,21.244727719547296,6.633626109564928,0.0,2.186412343741165,20.0
2024-06-05 02:00:00,0.0,26.304929436484944,77.65771249859792,66.35235939134523,4.082375193462987,0.0,1.544494426818399,20.0
2024-06-05 03:00:00,0.0,28.73848415705755,77.08203141793864,41.119748888254584,2.804632242046524,0.0,1.9606990131165025,20.0
2024-06-05 04:00:00,0.0,28.59589799287079,82.66159597159088,40.24062592993117,7.311029830035621,0.0,2.1298011077219314,20.0
2024-06-05 05:00:00,0.0,30.65486953708168,73.61928047755815,88.45868882296138,2.421834455937677,0.0,1.6996306486731712,20.0
2024-06-05 06:00:00,0.37400079238888145,29.568234511006626,62.54659742118909,89.55628481318388,1.7170998897368817,74.8001584777763,1.8673936592295322,20.0
2024-06-05 07:00:00,0.265941761970182,30.912212248781767,65.684939701361,90.91752640535857,5.298338889620703,53.1883523940364,2.4294670047684566,20.0
2024-06-05 08:00:00,1.6465041023469755,32.27839660981735,74.09728274558901,31.38780765150273,2.8998739264414186,329.3008204693951,3.7794712050078103,20.0
2024-06-05 09:00:00,1.993493061214591,35.4533658897318,59.21615393190212,69.10558127392618,6.28905144923615,398.69861224291816,3.869241680707816,20.0
2024-06-05 10:00:00,2.9163287935062976,36.286050103863424,60.262801108608656,27.163318127436963,1.1793867487423348,583.2657587012595,1.8547551711297579,30.08494941257712
2024-06-05 11:00:00,4.36504113079357,36.3317858378227,48.58979691020628,19.060983307444978,6.5494110456732155,873.0082261587141,1.8866925380055557,53.629261044063256
2024-06-05 12:00:00,3.699471967402765,35.293059031853325,62.75910564864601,18.463245734736923,2.832965279977022,739.8943934805529,1.8536180292024953,71.16487345696582
2024-06-05 13:00:00,3.5394917208310033,36.66314920448186,57.18472413813855,34.2107620863594,0.0024293443451273156,707.8983441662007,1.8018312978744837,87.67264747505277
2024-06-05 14:00:00,3.1125790379681404,36.2268386058401,63.20835049186614,42.99576197798217,1.2693605767417637,622.5158075936281,2.4925380699054775,93.56303667164806
2024-06-05 15:00:00,1.723197507625983,37.23401610803342,53.3060092231981,83.09491710550684,9.33615377835094,344.6395015251966,2.041230658761144,90.21531929127795
2024-06-05 16:00:00,2.846070872315999,37.17317554961623,57.98438455324231,11.98910934727121,8.673546391153579,569.2141744631998,2.1577370789874726,95.0
2024-06-05 17:00:00,1.5001871987348878,36.4619017249063,59.099216725402414,73.49258473948942,2.336090320362368,300.03743974697755,2.3927490045203514,85.60461257067932
2024-06-05 18:00:00,0.8314011130030393,34.063849553925124,57.824078593631526,53.14549141893053,7.783719045454912,166.28022260060786,3.004341661562998,62.73155416478502
2024-06-05 19:00:00,0.0,34.73685895066492,65.21292746084058,28.794534267599246,6.085715931739743,0.0,3.0819585349252296,31.15260679636397
2024-06-05 20:00:00,0.0,35.285911913994056,64.33728589420491,49.281958453282456,9.709047114498695,0.0,3.9960240339515662,20.0
2024-06-05 21:00:00,0.0,31.913073089396157,63.29934955595549,29.994206977702266,3.736056595340591,0.0,3.3188845814989243,20.0
2024-06-05 22:00:00,0.0,32.278517315956,64.3710207082041,59.608195523830595,6.8146061251717125,0.0,3.3110408711130876,20.0
2024-06-05 23:00:00,0.0,31.58960551066588,70.14060993079192,43.38439228552442,0.6353572242391858,0.0,2.242496060507365,20.0
2024-06-06 00:00:00,0.0,27.395271633192493,70.24033028932865,16.440552907887874,3.9624734681640597,0.0,2.0695211466330337,20.0
2024-06-06 01:00:00,0.0,27.35448986370528,74.5782840832824,11.658307455569672,9.638176611881805,0.0,1.8715469950031753,20.0
2024-06-06 02:00:00,0.0,27.369804467195237,75.34259570870644,54.66956820721302,5.389808744501206,0.0,2.2126828160440626,20.0
2024-06-06 03:00:00,0.0,27.34524087022223,73.98058157505642,90.24130332861034,2.878795033348446,0.0,1.8370178121607876,20.0
2024-06-06 04:00:00,0.0,27.818265552795943,75.57475967750955,34.395768655768556,1.2027096312860686,0.0,1.7298389957986955,20.0
2024-06-06 05:00:00,0.0,30.55184176101393,72.22214469768403,73.30001072226231,7.035283401815304,0.0,2.1513831711560147,20.0
2024-06-06 06:00:00,0.0,30.285486162688052,64.08201573844642,65.8661354939767,6.448560434297268,0.0,2.068963135925293,20.0
2024-06-06 07:00:00,0.45526418434395577,30.20158639010439,64.555758711883,93.1554914309481,3.739387136037746,91.05283686879115,2.0688719392930444,20.0
2024-06-06 08:00:00,1.0510004996135889,33.15031119749634,67.99167181820246,82.09810172991409,9.509413518658343,210.20009992271775,3.992320592433348,20.0
2024-06-06 09:00:00,1.5803655677107793,34.1601511409734,61.26304034367616,56.660525890546296,0.22202812987850318,316.07311354215585,2.472919152124711,20.0
2024-06-06 10:00:00,2.2074776200575554,34.11884693765374,63.169088812384366,65.70304982341074,3.037238516318258,441.49552401151107,2.1177312163546302,20.852590835177793
2024-06-06 11:00:00,1.8735526602206531,37.98235586827885,55.79028622229092,89.83864665840349,9.210694862995814,374.7105320441306,1.961722918166691,20.0
2024-06-06 12:00:00,3.5859863216978627,36.800172372795664,58.05802506258506,39.95187845869348,3.2093543831944036,717.1972643395725,1.8090954886997093,36.88046291348246
2024-06-06 13:00:00,3.872274988251338,36.92547522573802,70.75150157062701,32.679470585777736,2.522528338551704,774.4549976502676,1.7400958962784876,57.13616428722453
2024-06-06 14:00:00,4.459609113903124,39.068199690527486,53.60470613966587,1.081108363519634,5.3422040993124735,891.9218227806248,1.768242693164058,82.70414528424566
2024-06-06 15:00:00,1.9363642183187872,35.88677537737801,61.06580105693169,82.65510741914642,8.238017499205379,387.27284366375744,2.3711964372184076,78.1269640326707
2024-06-06 16:00:00,1.5525048080676995,37.30842741117688,55.55115371441402,80.0980700403365,1.0314676087836105,310.5009616135399,1.5382007949891796,78.26285215691664
2024-06-06 17:00:00,1.6723268333259749,35.916079504676404,57.72581561945643,10.445451810015138,9.430207096457362,334.46536666519495,1.8807208812354752,76.06923059997453
2024-06-06 18:00:00,0.7703270752794426,36.519378182951954,60.611644096784076,57.68573811327003,7.95072881181164,154.0654150558885,4.36154933113924,44.49028323155348
2024-06-06 19:00:00,0.2247524016169773,33.060090231223455,62.57728077114489,46.398169816688736,1.8125025555155194,44.95048032339546,5.038362432149757,20.0
2024-06-06 20:00:00,0.0,31.750030472027344,62.26358933484716,11.870909550911147,7.120079611981627,0.0,4.128367292766821,20.0
2024-06-06 21:00:00,0.0,30.14082139183746,65.47880565278062,98.05682270607235,3.8495872263755713,0.0,3.1490061177024278,20.0
2024-06-06 22:00:00,0.0,30.10321625976592,66.23256235621503,21.469588746335543,4.022946780763187,0.0,4.5073253777241655,20.0
2024-06-06 23:00:00,0.0,31.700141799005905,64.99045571243468,6.723418009056115,7.832900924388664,0.0,1.7870566061191557,20.0
2024-06-07 00:00:00,0.0,28.20108757074737,84.18468894060697,59.48473795019096,9.627848079807322,0.0,1.8347434669573253,20.0
2024-06-07 01:00:00,0.0,28.216660585463643,77.48295974929975,73.88666771330327,1.2665587284719393,0.0,1.893610341944622,20.0
2024-06-07 02:00:00,0.0,26.02412890289859,78.90614187379636,3.2443446047186963,4.206302368788194,0.0,2.4157921565469866,20.0
2024-06-07 03:00:00,0.0,28.86383929710187,67.73665315698449,65.87176387270222,4.809416080843035,0.0,2.4232740863535494,20.0
2024-06-07 04:00:00,0.0,28.627273723869553,73.44033081407731,53.22918759514545,3.7631181695499762,0.0,1.5923708392758966,20.0
2024-06-07 05:00:00,0.0,29.112018679974696,68.66574526784034,10.326500887504842,3.6318912371622503,0.0,2.4661163224927547,20.0
2024-06-07 06:00:00,0.0,29.340573112783687,71.3388600756156,17.252387694636205,0.5226866756159654,0.0,1.83785712913695,20.0
2024-06-07 07:00:00,0.7677227496019232,30.425528169756547,79.44665776981662,56.79742973160805,6.855386205626233,153.54454992038464,2.134345673790018,20.0
2024-06-07 08:00:00,1.8600161810312208,32.61802771394382,61.72080313478204,29.63576135132884,4.362144171200454,372.00323620624414,3.755638345140143,20.0
2024-06-07 09:00:00,0.8604662310565637,34.79681664068992,63.34193396189837,93.8315728651316,1.9479380264392676,172.09324621131273,2.887002765100083,20.0
2024-06-07 10:00:00,1.9716303622407487,34.3516436296775,52.95779543790762,81.87402294840508,8.160335023020684,394.3260724481497,1.6034582837049531,23.497634746090057
2024-06-07 11:00:00,1.013961264572432,35.92071686628431,59.66730467613913,98.3567206513663,8.025607481516278,202.79225291448643,2.1982869266305918,20.0
2024-06-07 12:00:00,4.1288353622546,37.37987824056727,56.05332163677679,25.967083895041398,4.8639162808889385,825.7670724509201,1.7146826916735076,42.93445037052038
2024-06-07 13:00:00,1.4762631160868864,38.72825374200476,61.833163242797696,96.9723632797977,2.984506611477605,295.2526232173773,2.337962174836085,33.863933962634086
2024-06-07 14:00:00,3.171157804074352,37.60797981288504,57.137806581968846,43.12338697915579,6.380927257964524,634.2315608148704,1.57209906915018,49.05499194441372
2024-06-07 15:00:00,2.8590900349827444,37.350321714299604,46.91361218390362,34.751879531375465,2.8815213577740306,571.8180069965489,2.137354157868393,55.91148277700007
2024-06-07 16:00:00,2.754261714950594,39.19100919073516,56.00479266456206,5.034952696935324,2.3600793032371206,550.8523429901188,2.452825314946477,58.77512857703917
2024-06-07 17:00:00,1.7459776112468663,35.81136757644181,59.03704558409761,5.276525785960262,7.305146540263267,349.19552224937325,1.6088423228275461,60.07791381702272
2024-06-07 18:00:00,0.3977582966302879,34.878880601877356,56.5541469833781,69.20112559466547,0.403252397209507,79.55165932605757,4.687043666805961,28.49896644860167
2024-06-07 19:00:00,0.0,34.71289987221496,56.80794233227487,45.79289944340279,0.9476847103459396,0.0,5.719338955421474,20.0
2024-06-07 20:00:00,0.0,32.552372839724995,70.71272931903691,22.65216260361057,0.06788174023589777,0.0,3.7143168824162363,20.0
2024-06-07 21:00:00,0.0,31.772682243302942,63.72084477333385,61.39703063252326,1.5294318647542615,0.0,4.106910628606611,20.0
2024-06-07 22:00:00,0.0,31.292293746884706,60.43596133391249,25.285811825011116,0.6899000871045946,0.0,5.884550419880458,20.0
2024-06-07 23:00:00,0.0,29.35254076735365,79.08694457832355,57.76317543444226,9.958023677799186,0.0,2.255775739132332,20.0
2024-06-08 00:00:00,0.0,28.12561286079923,79.47485771125983,35.92087469826903,2.888099699540896,0.0,2.119862262830103,20.0
2024-06-08 01:00:00,0.0,30.054046249292863,77.0113259521946,82.3552226611819,1.4926801266924727,0.0,2.3900479098739407,20.0
2024-06-08 02:00:00,0.0,26.32589561962383,74.44362287478175,82.06961607667793,2.4099625799591795,0.0,1.9562801102736291,20.0
2024-06-08 03:00:00,0.0,27.662331613433047,67.33970512484134,47.73503981224013,9.361255715401347,0.0,2.4035081053570586,20.0
2024-06-08 04:00:00,0.0,29.19159824983788,73.3046721675193,35.08191093350156,5.201602230243957,0.0,1.6661909196155118,20.0
2024-06-08 05:00:00,0.0,29.178857742354147,75.86403245174971,36.25597965590946,3.648180963078569,0.0,1.5317597887404797,20.0
2024-06-08 06:00:00,0.03767105721297849,30.472096691055096,69.75192361020788,80.57145256682179,8.733914579092193,7.534211442595698,2.415478602869715,20.0
2024-06-08 07:00:00,0.8341219683298822,30.43685466690069,58.44850652353698,32.8179482797612,3.9499027054903246,166.82439366597643,3.255072979890752,20.0
2024-06-08 08:00:00,2.2069425102944886,30.133031042493638,70.11490002225632,20.9059373706846,3.350085699576958,441.3885020588977,3.8696651485438176,20.0
2024-06-08 09:00:00,3.3875180938396205,33.2741533880904,63.77396863995918,8.468834187530682,2.072825225497356,677.5036187679241,3.768328350386966,20.0
2024-06-08 10:00:00,2.6376672004027233,34.836938720273025,64.10669844032985,46.66931208844084,3.7779682390941147,527.5334400805447,1.979091921049229,26.256465153858194
2024-06-08 11:00:00,3.257345247920203,35.74882758412908,58.93924639450665,48.213209891984185,3.1668435601692604,651.4690495840406,2.1675621017861717,36.60940504213149
2024-06-08 12:00:00,2.2605116527360636,37.45894084725495,54.834595075164756,84.09087104029072,6.7730395929814105,452.1023305472127,1.6202885934257116,42.691524105579845
2024-06-08 13:00:00,4.6059156458190404,37.0070213586437,63.054672306526825,22.123869644606398,2.895827046707271,921.1831291638081,2.3598747500702686,64.02891261519316
2024-06-08 14:00:00,3.6190954740806074,39.48251306369788,62.99646579095303,38.099127366839994,5.771997464225614,723.8190948161215,2.2251591512998297,77.27130768161055
2024-06-08 15:00:00,1.7501927500526748,37.39805444265325,56.51984598754223,80.8405738893691,0.658921650319727,350.03855001053495,2.167443176181875,72.87919793288212
2024-06-08 16:00:00,1.1729650755595475,38.55991440637843,48.7580547439264,82.36236107489735,1.9128915669651436,234.5930151119095,2.2189787471769,61.86852770533105
2024-06-08 17:00:00,1.8945130046327154,35.79910796756206,61.17607203269093,38.46110759787682,4.074052716113488,378.9026009265431,1.7291146677566767,63.43981190565341
2024-06-08 18:00:00,0.7831494949591926,33.79878718110674,58.21371726604223,45.91240232866809,9.369492539086954,156.62989899183853,4.8693445204883234,31.860864537232352
2024-06-08 19:00:00,0.3443024517872167,33.24066397953739,62.818656547267864,30.328589084928293,3.7725198571569543,68.86049035744334,5.171113277901092,20.0
2024-06-08 20:00:00,0.0,32.377797848959254,71.2963173473903,93.2554878419312,6.640741211998341,0.0,5.3551633020765,20.0
2024-06-08 21:00:00,0.0,28.807869964034396,70.55172106805706,11.864376574158031,2.5508722242139816,0.0,4.578272513351283,20.0
2024-06-08 22:00:00,0.0,31.177570414149464,72.20849323730012,93.374942300147,1.2703357597323173,0.0,4.070208806676323,20.0
2024-06-08 23:00:00,0.0,29.809328997842456,71.11640075864587,68.38664518353433,0.5853660008005013,0.0,2.47631290011064,20.0
2024-06-09 00:00:00,0.0,27.506883019806757,72.04270979260264,53.15721526867312,3.0541349854275133,0.0,2.1766856334286486,20.0
2024-06-09 01:00:00,0.0,27.308272474262704,75.05879891011806,3.2659060784495875,1.5766102679690797,0.0,1.8468618706472841,20.0
2024-06-09 02:00:00,0.0,28.052008310315777,76.74249171881536,47.55961918220083,1.740104480161242,0.0,1.9946851488165818,20.0
2024-06-09 03:00:00,0.0,30.19469783611433,65.25741069267829,40.774810500273226,7.6075930838695,0.0,1.7193967105635761,20.0
2024-06-09 04:00:00,0.0,27.880980566743762,74.31497668901882,16.121881197512256,0.15838070944874216,0.0,1.9755595547831337,20.0
2024-06-09 05:00:00,0.0,30.21549906252302,63.70447369624534,65.6409603500657,5.578101257354344,0.0,2.1383535841526276,20.0
2024-06-09 06:00:00,0.3148504507480309,30.7188634195407,61.88494669367802,97.11509073682858,3.794613805934648,62.970090149606186,1.821549708012712,20.0
2024-06-09 07:00:00,0.7217643957858865,31.929907029487413,69.52554638525183,56.218881106452514,5.065499999085472,144.35287915717728,3.891087124351939,20.0
2024-06-09 08:00:00,1.2475888809805633,33.45359495066252,60.13197844875806,71.47532764439458,5.628302372146029,249.51777619611264,2.9552271394221927,20.0
2024-06-09 09:00:00,3.3406884274918003,33.86248908614927,65.86591580359487,6.845045256601678,3.133676944572782,668.13768549836,2.9948657352661523,23.285315576143656
2024-06-09 10:00:00,2.862199202690856,34.34177775624981,65.38805874453926,41.76669958169947,2.951088601842853,572.4398405381712,2.4436306566335846,27.261716763687733
2024-06-09 11:00:00,4.297438689127621,35.03299194392781,71.36800422461363,11.635848516449588,7.334018493349057,859.4877378255243,2.124162455907875,47.90784097927532
2024-06-09 12:00:00,2.754712121779911,36.53536294469666,51.993027950445615,61.27958355365104,8.712769881211571,550.9424243559822,1.5950937998027293,58.92421503805855
2024-06-09 13:00:00,1.36525136301565,36.148098378115186,54.47425044960703,93.84821582141547,1.9258163245852788,273.05027260313,2.0406432479523504,51.81482677556696
2024-06-09 14:00:00,2.806157775349313,36.76639205391336,52.83962436996371,66.17777324716386,0.9761876053514895,561.2315550698626,1.7580804613579208,61.771561258485185
2024-06-09 15:00:00,4.024811613231196,36.21578475404433,58.62793216899919,7.680304831442153,8.977958063920259,804.9623226462393,2.30267685463757,78.13184146512462
2024-06-09 16:00:00,2.029372477193917,36.95137075074257,53.32392412557452,35.466620498508284,3.4989546364739867,405.87449543878336,1.762429985057318,80.66779514042231
2024-06-09 17:00:00,1.5910017671439332,36.282619561620145,65.84938519955907,55.066337944085156,5.5131739066281416,318.2003534287866,1.533172757035189,81.21717073645539
2024-06-09 18:00:00,0.9436349809725191,33.76630583567145,63.72903819551547,40.320775613325225,3.5954314452000347,188.7269961945038,3.932610351652419,49.75427209771961
2024-06-09 19:00:00,0.0,32.80344791542055,54.33981754275452,83.36440104751723,1.2580233634605131,0.0,4.945008960457571,20.0
2024-06-09 20:00:00,0.0,33.04225939124855,63.740677736736,81.46710047099891,5.893316449477281,0.0,4.057148277319396,20.0
2024-06-09 21:00:00,0.0,30.328415263752458,73.68681453673607,61.183102010322145,5.251408517696296,0.0,4.526259277878441,20.0
2024-06-09 22:00:00,0.0,28.061473163060246,76.85872159320688,37.345794513270526,2.029935591911972,0.0,4.415341586737887,20.0
2024-06-09 23:00:00,0.0,29.658158329324866,65.75395097653072,25.533637376324414,4.518690446522778,0.0,2.270963024485377,20.0
2024-06-10 00:00:00,0.0,27.505287493129213,67.0469093317007,10.587431821312931,7.969475040156459,0.0,1.5373656601386112,20.0
2024-06-10 01:00:00,0.0,28.420157212663153,69.62936625475773,35.4897683486554,5.904261031078914,0.0,2.105986270265057,20.0
2024-06-10 02:00:00,0.0,26.837761921334376,72.30791186529567,41.31725172077195,0.9691732706699485,0.0,2.31680202298956,20.0
2024-06-10 03:00:00,0.0,27.04323987402649,70.4130435471067,67.58229251040736,5.480214972291351,0.0,2.1643586916546442,20.0
2024-06-10 04:00:00,0.0,26.671591171753157,88.35679926615593,65.81598242975734,7.027382992895869,0.0,2.3997410909797443,20.0
2024-06-10 05:00:00,0.0,29.6809214733833,66.47911808515263,7.0108139641256955,7.927034057807514,0.0,1.6590638406181832,20.0
2024-06-10 06:00:00,0.4352145192536087,30.960060874701522,69.5788591084616,39.525931543115775,6.291175786342667,87.04290385072174,2.3203933529989884,20.0
2024-06-10 07:00:00,0.8602888915747363,30.879160184546304,70.32306378566854,18.177886721736193,1.5265816454078374,172.05777831494726,3.8396820479773526,20.0
2024-06-10 08:00:00,1.9750117216074157,31.21558497304491,69.13140588488798,15.68127053168057,7.101732665901607,395.0023443214831,2.2070265380333653,20.0
2024-06-10 09:00:00,1.4015214186607083,33.21311821143796,59.70714684991556,82.73021497372459,6.773418460815163,280.30428373214164,2.446809249272453,20.0
2024-06-10 10:00:00,4.430994246770549,33.86460867612677,49.19343784772721,4.191521671625753,0.2442688294063322,886.1988493541097,1.5472286396654675,47.39577326749827
2024-06-10 11:00:00,3.2808519645447722,36.59126522503574,54.143131464451784,41.91828759021213,4.117476675902432,656.1703929089545,2.246081266831326,57.226094895776015
2024-06-10 12:00:00,4.55809053870824,33.954094736875774,58.44916614514103,16.82036557665182,3.329502469623733,911.6181077416479,2.107309040948143,80.50851912449694
2024-06-10 13:00:00,2.0811030037244187,38.27180343503921,52.839054590299234,87.9330215678474,6.694120642536435,416.22060074488377,2.3085316757722865,78.11453310294044
2024-06-10 14:00:00,2.6318491390967096,38.58518891613436,50.90670994913021,55.704051327503514,2.161358123109207,526.3698278193419,2.177869534017454,82.42733935119337
2024-06-10 15:00:00,3.2716453375390597,36.32391615102282,54.018618239246365,23.1380636376848,5.9087192297425855,654.3290675078119,1.8052624290174148,95.0
2024-06-10 16:00:00,2.3901630730807506,37.54386223858355,56.55212747519406,50.24272871663764,9.132059618141724,478.0326146161501,2.0435605896944695,95.0
2024-06-10 17:00:00,1.2858094325041265,36.548133417205534,47.28076377242909,73.14863597031159,7.9780237220860775,257.1618865008253,1.7205680736369426,90.42359325123351
2024-06-10 18:00:00,0.7022707520879746,37.03658235667208,53.8631148155481,95.81180089194338,9.214577362165304,140.45415041759492,5.215569739714181,58.844645882812465
2024-06-10 19:00:00,0.0,33.32543471603281,68.14395278433587,22.044600424541894,9.7850596693269,0.0,5.566435020480941,27.265698514391413
2024-06-10 20:00:00,0.0,33.87736657878115,64.13703668920134,88.61817721293451,0.10670127006162766,0.0,4.243356557519737,20.0
2024-06-10 21:00:00,0.0,30.593298234221614,69.43720948825062,93.43041141674902,6.227412763774776,0.0,5.9573028174744405,20.0
2024-06-10 22:00:00,0.0,30.348286247666817,70.72004546734469,91.64205445320663,4.128393977589065,0.0,5.082882834428839,20.0
2024-06-10 23:00:00,0.0,28.676729633333675,77.70710132691471,63.54143568619099,8.598544903351218,0.0,1.76386487603992,20.0
2024-06-11 00:00:00,0.0,26.170785168179997,85.45156224845408,62.982065443470766,2.518147020091317,0.0,2.151665995687557,20.0
2024-06-11 01:00:00,0.0,29.58937142385734,70.03282994632426,40.32106331838228,9.810294891150761,0.0,2.353423269509143,20.0
2024-06-11 02:00:00,0.0,26.913772305719,70.9407052101249,75.23978823037879,6.137079695437473,0.0,1.936815586570639,20.0
2024-06-11 03:00:00,0.0,27.561062171973887,76.75313970777773,53.12940183509319,7.935374022288309,0.0,1.8810998495926294,20.0
2024-06-11 04:00:00,0.0,27.211169251934226,84.6824976224627,67.74380712282945,0.8559955282276832,0.0,2.4512237456396053,20.0
2024-06-11 05:00:00,0.0,28.997507833198714,76.86520876911527,42.84579038487954,1.8345788475886504,0.0,2.1447752339478496,20.0
2024-06-11 06:00:00,0.0,30.14894279624129,68.02051254836982,73.14964640431391,7.5840367303420315,0.0,1.7196828836252727,20.0
2024-06-11 07:00:00,0.7094816438427826,32.58108383209464,64.1192005267705,82.4471517604549,0.21986522039323608,141.89632876855651,3.307412209603421,20.0
2024-06-11 08:00:00,1.9803729656552325,32.417161621575396,62.91634525329837,14.64362566028161,8.168779858937828,396.07459313104647,3.2063223202737534,20.0
2024-06-11 09:00:00,1.0411561806998273,34.98000348094247,58.076235848347444,83.2929715574228,0.13949018691911452,208.23123613996546,3.855275436106373,20.0
2024-06-11 10:00:00,2.862908160141284,35.89306782698677,58.95212354871371,54.029653179030724,6.5711883906127335,572.5816320282568,1.9023111965189976,29.12567115441172
2024-06-11 11:00:00,1.797828252782423,34.51332860100688,60.861283479016855,84.46659090902243,3.6509392023180585,359.56565055648457,1.94213074227038,27.606697580854277
2024-06-11 12:00:00,3.2882839243673665,36.016527764563406,62.70797444498994,43.13017063410146,6.1149485271919914,657.6567848734733,1.803739822629848,41.709866547360704
2024-06-11 13:00:00,4.25031304173076,36.51155014413937,53.50971699786121,37.904048538303506,6.960314069891137,850.062608346152,1.8368945651790578,64.63734207460188
2024-06-11 14:00:00,1.8238513935338114,36.052293231921645,50.84701706285846,91.50607325172224,3.4247521918630417,364.77027870676227,1.5055700056035506,67.66101525993936
2024-06-11 15:00:00,3.8098703795366293,38.205602969357926,49.24622712476221,25.11692675484013,1.0796244811083555,761.9740759073259,2.05520308891429,84.33035452085159
2024-06-11 16:00:00,1.169400105284502,37.28053897885166,52.79088104444889,84.42123252861431,0.6964586774826564,233.88002105690038,1.9218288025747938,76.41005244411166
2024-06-11 17:00:00,1.424955281608544,36.59594853814144,64.30567307068101,48.40205725094041,5.889360225625478,284.9910563217088,2.3376609057760556,66.80262482129574
2024-06-11 18:00:00,0.9519269068885574,35.13673265587151,55.326967664641295,51.40954425512597,5.206553537341115,190.38538137771147,3.4439805732912268,40.570480964425535
2024-06-11 19:00:00,0.02052206262263462,34.47439811757308,66.80521355014343,30.8468281489484,7.422010091211325,4.104412524526924,3.9555557297558526,20.0
2024-06-11 20:00:00,0.0,33.82719122280179,60.71293453751478,57.30422006190157,5.097355100039371,0.0,3.2679585635512867,20.0
2024-06-11 21:00:00,0.0,30.78164790159012,72.47490710124721,32.52111962762113,4.224457900308791,0.0,3.0043509497733814,20.0
2024-06-11 22:00:00,0.0,29.750327032191738,69.69090039549123,3.926941424165231,3.9808717823623088,0.0,3.277154720988732,20.0
2024-06-11 23:00:00,0.0,27.954132243830827,77.49754583531916,27.199860534435604,0.26446902597667465,0.0,2.4347423629769827,20.0
2024-06-12 00:00:00,0.0,25.275687923506222,85.41246916122303,0.6379043406590679,3.3555720169665717,0.0,1.9342835182201517,20.0
2024-06-12 01:00:00,0.0,27.207772535715065,84.91582030991071,97.83547870568566,9.760201575244942,0.0,1.6286003562251918,20.0
2024-06-12 02:00:00,0.0,27.312496116271227,80.35260065327235,96.57472098197475,8.735555762270888,0.0,1.5740045756995025,20.0
2024-06-12 03:00:00,0.0,29.82110155705071,72.50098239970488,39.5155297472305,3.293780670342177,0.0,1.7755824641577584,20.0
2024-06-12 04:00:00,0.0,28.76938422224206,77.76403094597498,72.8370854339646,5.877954050663722,0.0,2.1503411692644336,20.0
2024-06-12 05:00:00,0.0,29.466064341789828,70.63798660829822,34.580609841042495,8.47296745535494,0.0,1.7741891679492476,20.0
2024-06-12 06:00:00,0.0,28.25630549294276,77.03539412112188,67.1093157085976,4.412743367500687,0.0,2.1075268621753382,20.0
2024-06-12 07:00:00,0.6819745688752755,30.41557339278893,64.43221060285347,80.54300430459791,0.1795786375015096,136.3949137750551,2.3708624828094633,20.0
2024-06-12 08:00:00,1.0965822277398316,32.600622110835445,67.36946073213272,94.67562446922408,0.7451046181864007,219.3164455479663,3.0503179175558346,20.0
2024-06-12 09:00:00,2.222705980528727,33.33786122090411,59.59984326445128,40.0212275849672,5.103927213487066,444.54119610574537,2.7937185323396436,20.0
2024-06-12 10:00:00,1.9353017735261802,35.2976689153128,58.33909339891046,78.32979829560477,9.694393756758783,387.060354705236,1.7135113681210252,22.10700885134897
2024-06-12 11:00:00,4.1653488065380815,35.14108970574556,51.75595669420086,26.59284506321188,6.932095422188677,833.0697613076162,1.601676896430992,46.46189199736632
2024-06-12 12:00:00,1.7919516645704814,38.57194543388191,56.78023597497865,99.03323037936484,0.7091619143856953,358.3903329140963,2.000224780935546,44.269543404049855
2024-06-12 13:00:00,4.954845551752496,38.74670616478849,63.76831165033014,2.5769598764351143,1.8936087579186278,990.9691103504991,2.190259361746641,70.53311220910547
2024-06-12 14:00:00,2.5951706261561367,38.496032503307525,61.879133083585856,60.3528806501121,7.7132314321685005,519.0341252312273,1.7602240210353484,78.46510495775296
2024-06-12 15:00:00,2.264434906323533,36.83094410750896,56.94614585782939,65.95059816513272,8.414397599562447,452.8869812647066,2.052866819536878,80.47500178222616
2024-06-12 16:00:00,1.7622859462934428,36.35198029621591,55.77264459459952,68.80455570741289,6.176945861885908,352.4571892586886,1.9466450693099127,78.53437943468438
2024-06-12 17:00:00,1.9137995975189264,35.80721547990757,64.1991220082147,12.038757878908902,6.444231696298166,382.7599195037853,2.1143295410607306,76.42353792371803
2024-06-12 18:00:00,0.4180196970677678,33.845381432462275,56.51282513892124,93.85297834731304,0.28337450383384644,83.60393941355356,3.849041409242842,44.84459055529698
2024-06-12 19:00:00,0.0,31.71850016063477,56.26272492719781,18.11832790500828,8.285302595815086,0.0,5.205888144061534,20.0
2024-06-12 20:00:00,0.0,34.15283418633903,67.26193839461364,62.27534032398411,7.882752081708296,0.0,3.631751682247933,20.0
2024-06-12 21:00:00,0.0,30.896219858211115,65.62652962679546,22.267607912308495,2.5903514410334716,0.0,3.196391163906063,20.0
2024-06-12 22:00:00,0.0,30.3461469439524,65.4249896644443,30.72164170212709,7.086767199655069,0.0,4.929472809177051,20.0
2024-06-12 23:00:00,0.0,28.365919942175616,71.91845897754361,54.645854172812435,2.148546064249981,0.0,1.907383325804434,20.0
2024-06-13 00:00:00,0.0,28.228311675961393,73.97057007417676,41.719341856457646,0.4033016105151299,0.0,2.2229001004453193,20.0
2024-06-13 01:00:00,0.0,28.689555722416305,73.05977231277339,16.02256009765063,2.0113654259037728,0.0,1.9494417982413283,20.0
2024-06-13 02:00:00,0.0,27.729587396975703,73.34960369655633,17.093640242084827,1.786288767542995,0.0,1.779638328051727,20.0
2024-06-13 03:00:00,0.0,29.195841290247905,79.37648606266451,41.814478816279966,3.3774799673484726,0.0,1.7601831710820344,20.0
2024-06-13 04:00:00,0.0,29.067996813659068,75.59218553669588,75.72829782755008,4.184494971754581,0.0,2.420502626133618,20.0
2024-06-13 05:00:00,0.0,30.36762094310173,71.3973726054087,89.79646468477885,5.085388914977079,0.0,2.253099679771634,20.0
2024-06-13 06:00:00,0.0,29.140459178657885,66.23432265691108,8.412766225938284,4.767538755083281,0.0,1.7973977731577235,20.0
2024-06-13 07:00:00,0.8509817111672914,31.188520664944743,62.72152091642116,39.310390755940105,2.7067460596528936,170.19634223345827,2.252551775550251,20.0
2024-06-13 08:00:00,2.2037394371149426,34.22169261213514,60.186384831301034,10.024556372287662,0.29170668574074465,440.7478874229885,2.949497975093462,20.0
2024-06-13 09:00:00,3.1626667674330924,35.038644216275664,53.84977165050667,1.6592480632597884,6.051016222371507,632.5333534866185,2.293124005628729,28.26065623714145
2024-06-13 10:00:00,2.3772407498827546,34.82651340928605,67.58264717365212,66.17186826439566,3.957448298473544,475.4481499765509,1.6938959143833787,34.752432174385525
2024-06-13 11:00:00,2.8369859185184407,36.993569174561564,41.51581064757743,60.24494419665878,2.986721573875497,567.3971837036881,1.9238735060906968,43.4270000924491
2024-06-13 12:00:00,4.344596635340535,37.189892723088214,55.77906311731175,16.301911381488623,8.669410428305124,868.9193270681069,1.9418924919666505,66.252689454501
2024-06-13 13:00:00,4.712046203726178,36.961052224705206,56.1435386414781,23.38128330930641,7.467433077981598,942.4092407452356,2.4031839149131398,88.18688119822487
2024-06-13 14:00:00,4.963128837526704,37.439060488214004,61.005066766655716,2.370775364451838,8.577655483724422,992.6257675053408,1.5931405090448765,95.0
2024-06-13 15:00:00,1.90192472645586,37.090079674560506,57.53541704940945,83.49472056944037,4.94982794712461,380.384945291172,2.3752616076579978,90.01750651366171
2024-06-13 16:00:00,0.8814231209436946,36.8375641577321,57.346146397820924,97.46905960485515,1.3093125212677748,176.28462418873892,2.31534182613777,74.92362540635565
2024-06-13 17:00:00,2.238503821841995,35.72943451260166,54.18183487305632,13.545953679469081,6.962214361212724,447.700764368399,1.9760426469439403,77.41700656788717
2024-06-13 18:00:00,0.8790704150480377,34.27656277683691,45.45055122026528,23.147521376529813,2.0607377993717524,175.81408300960754,5.0589033772308705,45.838059199466116
2024-06-13 19:00:00,0.0,33.83174029060976,69.68084112176152,86.8409523946934,4.412296690917168,0.0,5.446048719781292,20.0
2024-06-13 20:00:00,0.0,30.856730965429723,66.4633277985549,92.64637979561849,0.650007889488885,0.0,3.470015683750443,20.0
2024-06-13 21:00:00,0.0,30.228369080989918,63.50598343083613,41.96273828068103,8.253084024229825,0.0,4.271624230303393,20.0
2024-06-13 22:00:00,0.0,28.72414679531867,76.9221734231874,5.062247226907413,1.2594064104750058,0.0,3.1529302904060277,20.0
2024-06-13 23:00:00,0.0,29.963061203507607,68.29473219851954,3.93918336928194,9.030975070493097,0.0,1.998351510851884,20.0
2024-06-14 00:00:00,0.0,28.174083501953593,76.35370365074802,57.39498660690104,8.642306022615571,0.0,1.7758988169218477,20.0
2024-06-14 01:00:00,0.0,28.276095829396382,68.67289900898783,39.2895108893179,4.645827644392461,0.0,2.0363812857774364,20.0
2024-06-14 02:00:00,0.0,28.929774859514875,75.05459062825093,2.8652427577654516,7.443682043039907,0.0,2.225903464264893,20.0
2024-06-14 03:00:00,0.0,25.336332051265693,82.85165728154062,58.32523923125568,6.194450738181533,0.0,2.0375194262680703,20.0
2024-06-14 04:00:00,0.0,27.115942133222585,77.45881736034448,1.1302536589022472,8.030756423377449,0.0,1.917415395326445,20.0
2024-06-14 05:00:00,0.0,27.75261184534876,67.83510172217562,78.73719581492729,4.31805100785912,0.0,1.591334938407308,20.0
2024-06-14 06:00:00,0.20632687931007845,29.71256979177379,69.12925828061829,30.643282270337156,7.8580848424435,41.26537586201569,1.7060273719209427,20.0
2024-06-14 07:00:00,0.9715855767738915,30.940680909036864,59.51942416268777,4.02580030092321,4.62456817065148,194.31711535477828,3.574766625102676,20.0
2024-06-14 08:00:00,1.1749073581730713,31.412969671998724,68.23951353034741,58.835222098315334,9.409657878427938,234.98147163461428,2.249209139238896,20.0
2024-06-14 09:00:00,2.753190042107235,33.268142485718315,63.36064739894387,39.76844144330547,4.863721008251476,550.638008421447,3.262420273697563,20.0
2024-06-14 10:00:00,1.094779945712323,35.61783821887922,49.055853324776834,97.38004133571495,4.626192719337295,218.9559891424646,2.1522379443667328,20.0
2024-06-14 11:00:00,2.63259777054658,34.94862021101603,61.85656136851864,54.41986625037022,7.850718615635127,526.519554109316,2.3522348164231275,22.663448064172798
2024-06-14 12:00:00,4.285630986984682,36.60348239535588,53.638760015726135,27.52391810370083,8.21577691760838,857.1261973969363,1.5963910724944335,48.21122725183016
2024-06-14 13:00:00,2.5217916981673056,39.40088458560021,54.75559976571448,70.94388646339748,5.544891143211707,504.3583396334611,1.6760859584167611,56.24543177946033
2024-06-14 14:00:00,3.4954715064213575,37.84337034979548,58.09078383273699,27.149200254271133,1.797978134950754,699.0943012842715,2.316533098567205,67.44534665407478
2024-06-14 15:00:00,1.8160908700494616,36.84149285130322,48.04825262197948,90.42432914075651,4.677582309575795,363.2181740098923,1.9438358248025163,66.1006629198321
2024-06-14 16:00:00,2.0499361912877325,36.331862592480945,62.38692838677936,37.47219705073764,9.680725029096784,409.9872382575465,1.7043996188759394,69.38326035774413
2024-06-14 17:00:00,1.4938351935171894,34.85861401380115,59.36442995162161,54.98685627762052,7.529861930391851,298.7670387034379,2.1366728680013836,62.61654799475262
2024-06-14 18:00:00,0.8559939972498662,34.67502140583133,66.62588420035283,5.0573103824228856,8.111626038791321,171.19879944997325,5.086548769042482,31.037600626331574
2024-06-14 19:00:00,0.0968057669795516,35.271007521822874,57.48146787855766,42.61212379522308,0.3282549881924013,19.361153395910318,4.176660685806084,20.0
2024-06-14 20:00:00,0.0,32.003100952847404,68.71844403520016,83.2363539660995,4.678594626341599,0.0,5.597122816575107,20.0
2024-06-14 21:00:00,0.0,28.91033973033571,71.98714145259495,80.56488053633419,6.466211336575554,0.0,4.987313240209009,20.0
2024-06-14 22:00:00,0.0,28.743730855089655,65.98856942171649,22.431855885352626,8.300326836280746,0.0,5.200579172814909,20.0
2024-06-14 23:00:00,0.0,27.974770854549615,70.90555624487669,22.60790710105627,0.4927365358277147,0.0,2.307646127996572,20.0
2024-06-15 00:00:00,0.0,28.158770390454972,80.70398674491975,81.73053122132367,8.524388856418732,0.0,2.026655616162955,20.0
2024-06-15 01:00:00,0.0,27.761740532951375,84.13518395744605,93.03984201693255,5.484009367419117,0.0,1.9170399589692324,20.0
2024-06-15 02:00:00,0.0,28.434748129541347,74.25366532019768,9.536092127300355,1.9731397057605993,0.0,2.1872150411811146,20.0
2024-06-15 03:00:00,0.0,27.3286756563627,79.31904697385313,45.005863942622526,3.172552164497,0.0,1.7719929762602393,20.0
2024-06-15 04:00:00,0.0,27.848720793947653,79.62963230329646,33.745427896422896,2.8192955175156076,0.0,2.2096823230573115,20.0
2024-06-15 05:00:00,0.0,29.401777872391982,68.185874674073,87.06884554574394,5.308590342884758,0.0,2.0489826490248695,20.0
2024-06-15 06:00:00,0.1617176162241945,29.958320221870586,61.30956746487753,8.352491468001876,0.5168567991113182,32.3435232448389,1.7202861677467327,20.0
2024-06-15 07:00:00,1.283186252601358,33.343959986121405,59.218665651950374,21.112594255803742,1.5853615849992353,256.6372505202716,2.5537218630931298,20.0
2024-06-15 08:00:00,0.9340418572918967,34.50331188038204,59.35673903662873,75.24683375864943,8.126930433757824,186.80837145837933,3.5171014949434847,20.0
2024-06-15 09:00:00,3.0835867610197862,33.63565858138537,71.67436982103516,5.129384898121558,1.3260399074681106,616.7173522039573,2.6443888479525746,24.17238017413851
2024-06-15 10:00:00,3.091853739418021,35.122092096451084,65.79094837423627,49.25353807142893,2.3339626945812695,618.3707478836042,2.100152648073615,33.593540541910365
2024-06-15 11:00:00,3.0201899522575952,36.120331539845836,52.58744000949367,44.210703467972,4.533706056041574,604.037990451519,1.9856598756065795,43.42157627009502
2024-06-15 12:00:00,3.5108990116090686,38.382607392707264,54.463710301491425,33.44011789887487,5.171208881133305,702.1798023218137,2.0349599159338307,57.44299767900978
2024-06-15 13:00:00,3.543859143148257,35.26210581124693,63.3029179472597,39.457231531892376,7.636104796141586,708.7718286296514,2.351251966634252,68.77276585589283
2024-06-15 14:00:00,3.0628590820287456,36.8810224315929,53.963451796288524,52.99405869302329,4.473324266661878,612.5718164057491,2.0795014416659243,78.11466343933962
2024-06-15 15:00:00,3.6468936704523043,36.81358097534356,58.51059705485966,16.136735838838312,7.898646210355388,729.3787340904609,2.3264435142747697,90.6589399230262
2024-06-15 16:00:00,1.817545841902283,36.01039566248333,60.99188550296766,57.19958782835928,6.183463070454574,363.5091683804566,2.0305368970467574,88.41692881624226
2024-06-15 17:00:00,1.3963254325870313,37.24090346171723,63.18780029901896,80.54323292999864,1.1309973942382245,279.26508651740625,2.2265234719135165,79.67800208648978
2024-06-15 18:00:00,1.063194095388521,34.46573797732781,62.0692823693815,76.01609297901591,1.5633143839283858,212.6388190777042,3.887978946497186,49.943424706398574
2024-06-15 19:00:00,0.0,33.27054148288516,59.7058424141888,15.389990469377368,4.370337254497708,0.0,4.255844957924566,20.0
2024-06-15 20:00:00,0.0,34.17401942743724,62.73374381808196,14.92494697414739,3.968893930890396,0.0,3.040491812652812,20.0
2024-06-15 21:00:00,0.0,30.97240842326063,72.17599973772616,26.817436774491334,7.435442696372946,0.0,5.607347960132946,20.0
2024-06-15 22:00:00,0.0,28.85980280224388,65.73342466834586,36.10747263410372,5.807371397973519,0.0,5.54338266908405,20.0
2024-06-15 23:00:00,0.0,29.148954977669245,70.64987062246279,40.84555814084826,3.881330810022493,0.0,2.2785732659579123,20.0
2024-06-16 00:00:00,0.0,26.68120029729595,76.63555347591677,67.96972168333453,1.7076028345038563,0.0,2.134495390965556,20.0
2024-06-16 01:00:00,0.0,27.298288660817782,73.34035846568028,5.66804321658354,2.2683710232549514,0.0,2.126689902225358,20.0
2024-06-16 02:00:00,0.0,28.46802960719635,84.75805549324852,3.4672704226066386,5.75501018469059,0.0,2.4983848800081088,20.0
2024-06-16 03:00:00,0.0,25.438816648165293,85.7425907744801,39.191056294390904,4.234388048997925,0.0,2.4095555357753415,20.0
2024-06-16 04:00:00,0.0,27.85332727786807,73.24802553590132,69.71636921379805,5.1492750886067205,0.0,2.1340900343618303,20.0
2024-06-16 05:00:00,0.0,28.72055835160836,68.67341752943743,19.343534295648258,1.7067743530223367,0.0,1.9235773855817206,20.0
2024-06-16 06:00:00,0.0,30.21960168181355,69.666961965252,64.15044812562518,6.629062523445658,0.0,1.6322401244106581,20.0
2024-06-16 07:00:00,1.1558990995860896,29.92320815187703,77.6410622758132,25.982813794029948,8.52538740855967,231.1798199172179,2.9641536464717575,20.0
2024-06-16 08:00:00,0.5636563522946869,33.15118976957538,56.851957148940755,88.60861088135164,2.579395067869006,112.73127045893739,2.8113638010042603,20.0
2024-06-16 09:00:00,1.2259588511783746,33.945914318256364,63.72001270863442,89.56899442666165,4.915142258318266,245.1917702356749,3.698571664311044,20.0
2024-06-16 10:00:00,3.3712499079774934,35.53237201129672,60.5399347490109,29.72872042813265,9.755273290209018,674.2499815954986,1.554553114879508,37.25861953443086
2024-06-16 11:00:00,3.8496489710038446,36.29856908775064,65.58128675630708,22.99937539632405,3.332417405507276,769.9297942007689,2.0832957966100136,54.03897469117226
2024-06-16 12:00:00,3.2506966550607195,36.328898011478735,52.23850292600104,41.13039720662313,5.950463449237612,650.1393310121439,1.843135553513966,67.41080515586641
2024-06-16 13:00:00,4.140049708112418,36.462898898111625,62.917027413820875,24.05315851801487,0.9019570020024437,828.0099416224836,2.2420326623937563,85.4419670901937
2024-06-16 14:00:00,2.494587106598972,35.70192164005712,53.70025453849776,67.23838432917036,6.0601500247944315,498.91742131979436,1.878108304465587,91.29851571046086
2024-06-16 15:00:00,1.884993588063738,37.18615940114095,55.092005156319416,82.60646845482856,0.8963177330461791,376.9987176127476,2.3166083513547164,86.75520241266108
2024-06-16 16:00:00,1.9372811677065722,35.847094032202435,52.98860260428635,67.3092130911217,9.592354353238221,387.4562335413144,2.286249828248728,83.0818480911647
2024-06-16 17:00:00,1.3289618022639917,36.065155047889654,56.37108293116563,82.43504472493495,7.156626520723114,265.79236045279833,1.8865422501728006,77.2125802184404
2024-06-16 18:00:00,0.7589669392389325,33.97937495949618,57.960929138548835,39.69921622074742,7.881597881357064,151.7933878477865,4.256609159181662,45.633632850019346
2024-06-16 19:00:00,0.0,34.79324482012979,62.57043595174303,15.631697070886085,7.041043607716368,0.0,5.097197738313769,20.0
2024-06-16 20:00:00,0.0,33.306475555002265,67.37924251990823,73.79509473975922,5.897290360764657,0.0,3.1817102494918337,20.0
2024-06-16 21:00:00,0.0,31.163421615618567,60.45726542309501,36.047450514155386,4.499127810855054,0.0,4.104450697426126,20.0
2024-06-16 22:00:00,0.0,31.384100030890103,65.0412253016952,67.12708252291326,8.583733797610623,0.0,3.044037705203206,20.0
2024-06-16 23:00:00,0.0,28.826204600116732,69.05407727074457,27.064394198176565,9.56835667543063,0.0,2.3409485198048214,20.0
2024-06-17 00:00:00,0.0,28.34479644851977,67.62595364096471,8.122963480667266,4.9903617290408135,0.0,2.1785052268267444,20.0
2024-06-17 01:00:00,0.0,27.741707983583044,66.69260012846055,99.25817954877634,9.31535049155262,0.0,2.4114072831381925,20.0
2024-06-17 02:00:00,0.0,26.272475757361608,77.67407126831286,15.620150793059928,5.833329099885175,0.0,2.1278142966875446,20.0
2024-06-17 03:00:00,0.0,27.293921322313878,75.77902201204559,98.8420993963481,5.383841868964332,0.0,1.5905944057475665,20.0
2024-06-17 04:00:00,0.0,27.853165048751894,65.99433065120726,97.72799325664472,4.544827329553566,0.0,1.8717162978989843,20.0
2024-06-17 05:00:00,0.0,29.215608447383964,75.94436288795451,79.38181039080396,2.0928776153011985,0.0,2.376144349961843,20.0
2024-06-17 06:00:00,0.32708459176358196,29.11655589423815,72.05811001482061,65.94229620819976,0.037196608180591895,65.4169183527164,1.6941037671671082,20.0
2024-06-17 07:00:00,0.5519800095099163,31.056750785520155,66.54609288453221,57.78070502510847,2.4150622685606127,110.39600190198327,2.777795661280279,20.0
2024-06-17 08:00:00,1.1198745430181671,31.727835313135348,64.4936480648744,86.61015453778347,5.097231716035652,223.97490860363342,2.771857032586328,20.0
2024-06-17 09:00:00,3.191878551350117,32.673245957700985,67.65551283105356,28.943952161948793,3.7995995225975254,638.3757102700234,3.0981058797153382,20.890840380530403
2024-06-17 10:00:00,2.753933991074448,35.14116624938799,51.47919982737605,46.7681212484877,4.484852280026338,550.7867982148896,2.0726228231899153,27.36329647543346
2024-06-17 11:00:00,2.4610601070761073,35.64869294794623,55.83904328628154,61.93899693665019,9.806482195640495,492.21202141522144,1.7195310198156193,34.4078228044081
2024-06-17 12:00:00,4.054410004576917,36.626448384349835,53.87255908777181,41.11904758694911,3.502723706693276,810.8820009153835,2.1484977511691072,52.513989211782295
2024-06-17 13:00:00,3.14365664891891,36.626448384349835,59.32157750098861,42.7486454090268,4.521829393601079,628.731329783782,2.3871967667221563,59.70035809265146
2024-06-17 14:00:00,3.5596013994566795,37.72489579488632,54.84259375256805,33.02846675020844,1.3351555135281956,711.9202798913359,2.477362907908636,69.98162376235788
2024-06-17 15:00:00,2.312396474166367,36.41783124978467,64.21723949429678,56.4231816684536,0.47957732436987643,462.47929483327346,1.530402901078649,77.4105627066912
2024-06-17 16:00:00,1.2832511906693156,37.23229157549498,56.43684071396122,85.0574528015116,7.754095145924946,256.6502381338631,1.5279098043954837,74.83520887799469
2024-06-17 17:00:00,2.135814745494047,35.97845400273684,59.63229678215084,20.152837800631286,5.706831750719786,427.16294909880935,1.6066863842265797,79.86192831003562
2024-06-17 18:00:00,0.6640934603781032,34.77887177208588,61.345061146815596,93.44330387534414,7.6070480604389505,132.81869207562065,4.576236212862019,48.28298094161457
2024-06-17 19:00:00,0.14984960273155373,33.08473631587019,63.70622385687382,68.90876537482296,1.4986279888655163,29.969920546310746,5.030873812696537,20.0
2024-06-17 20:00:00,0.0,33.19516458315107,63.68643809247775,82.32732126800302,5.7182877118269095,0.0,4.195977276202827,20.0
2024-06-17 21:00:00,0.0,30.48701578827592,63.4237685728245,55.619069263001165,2.5364247434137557,0.0,5.558325612495688,20.0
2024-06-17 22:00:00,0.0,27.779743685160387,74.28349754505672,77.95167014240634,2.280618169000199,0.0,4.632780065428449,20.0
2024-06-17 23:00:00,0.0,29.697325376614103,62.948597232707776,1.620039733946721,0.11526014052985256,0.0,2.2116807696613874,20.0
2024-06-18 00:00:00,0.0,29.706528809817783,67.77938227314198,81.83804247795352,1.303407235690719,0.0,1.5746729301980626,20.0
2024-06-18 01:00:00,0.0,26.23214045541751,76.254722687509,4.013885908536652,3.0926811149969535,0.0,1.7869249419378157,20.0
2024-06-18 02:00:00,0.0,26.193277030788042,84.44272906508063,88.99133763628625,1.1687876059093905,0.0,2.0573715577180223,20.0
2024-06-18 03:00:00,0.0,26.48077503072455,75.46451567212293,99.19627472386433,9.858584404109376,0.0,1.574019990255894,20.0
2024-06-18 04:00:00,0.0,29.41593190599804,73.66709956539891,29.40674621767778,3.086326485239507,0.0,1.8397407682374007,20.0
2024-06-18 05:00:00,0.0,30.15315626912981,67.57171130269283,21.031855628579365,1.3032394670232816,0.0,1.7226129123735603,20.0
2024-06-18 06:00:00,0.2870511961641225,30.003063637440675,64.77637524964486,76.53633638580408,1.9908231282795774,57.4102392328245,2.213873045274181,20.0
2024-06-18 07:00:00,0.8227953231576112,32.89028810266893,63.69509763935701,25.302634092025322,5.877032283414765,164.55906463152223,2.4771410478913864,20.0
2024-06-18 08:00:00,0.7888347608329903,33.010439978000996,65.75340274528689,86.55623831722035,0.6404352386478851,157.76695216659806,2.5068559239827937,20.0
2024-06-18 09:00:00,2.905247154135076,33.51985171703616,61.42057628430247,10.28425921574767,8.624341301411569,581.0494308270152,3.0763971566436514,20.0
2024-06-18 10:00:00,3.609491327498136,34.92565048519208,61.89857670774428,12.595519637935826,9.614996792371473,721.8982654996272,1.673039766138676,38.39628983291487
2024-06-18 11:00:00,1.2952037114602681,35.55620086196786,61.883057111639054,97.91515551006155,2.467474206673809,259.0407422920536,1.5610277114324198,35.59814246478695
2024-06-18 12:00:00,2.0971753023440076,36.83601079677256,56.97299219652379,67.38388982700046,4.500952685908594,419.4350604688015,2.1902553594121206,34.618352390385766
2024-06-18 13:00:00,1.9362834011583316,37.98250950291763,43.88209793503536,84.68872244289528,0.2213445102949707,387.25668023166634,1.7651384037080429,36.2442298661635
2024-06-18 14:00:00,3.126003056271191,37.29709102141674,57.4719452055967,32.4329377351518,6.407102247272215,625.2006112542382,1.586178827428036,50.87256004017349
2024-06-18 15:00:00,2.041081369463548,36.50052907932924,54.522105952518025,67.64837495206044,4.139260580525889,408.2162738927096,2.193649514389655,49.26657956726709
2024-06-18 16:00:00,1.711576720298896,38.20015339529842,51.3302752151578,59.42418273085972,2.700584661015557,342.3153440597792,2.0629169201201005,45.568261674412305
2024-06-18 17:00:00,1.679629072335688,36.645778163722255,60.40059969599585,60.3150120122947,2.0683711061660848,335.92581446713757,2.1000165080879807,41.14313077175659
2024-06-18 18:00:00,0.24401821277958527,34.07814132007242,66.53567403015309,68.25324595377215,6.540230776587604,48.80364255591705,5.516452716620513,20.0
2024-06-18 19:00:00,0.0,34.21899775729899,72.60933843441678,57.53591731290986,4.162170310323145,0.0,5.382246130430184,20.0
2024-06-18 20:00:00,0.0,32.79842789948282,66.94498758464412,42.906236930266594,1.7965928902991202,0.0,3.4463057285712173,20.0
2024-06-18 21:00:00,0.0,31.547995020758382,72.01803413142444,27.592269438054686,6.891090814868241,0.0,4.828349275140821,20.0
2024-06-18 22:00:00,0.0,29.858340802297793,71.47150041045815,76.8581330913202,5.650722830366936,0.0,3.7187628554821,20.0
2024-06-18 23:00:00,0.0,30.621476827992698,69.19277931280429,22.62724300031862,8.586720549294961,0.0,1.947240708228509,20.0
2024-06-19 00:00:00,0.0,27.420097106045993,85.73252309941452,69.23543061544142,1.174758988764929,0.0,2.1103871804869687,20.0
2024-06-19 01:00:00,0.0,27.23198509386879,77.74674820830727,23.333282264932663,7.856666019444561,0.0,2.195378534005984,20.0
2024-06-19 02:00:00,0.0,27.2347712477753,82.7374530560582,62.53301699544539,6.73516786817259,0.0,1.8232335770678543,20.0
2024-06-19 03:00:00,0.0,26.524847649050862,70.04374052992527,74.70782671290289,1.1501093682809782,0.0,1.8360061630988123,20.0
2024-06-19 04:00:00,0.0,30.071257646664126,69.79829897547013,21.87138889065392,6.948207298717207,0.0,2.2718631310005106,20.0
2024-06-19 05:00:00,0.0,30.58387587796112,63.499021518622904,5.994330086130828,4.415472888798304,0.0,2.220684250271315,20.0
2024-06-19 06:00:00,0.0779072059311825,29.430102080587893,69.70520795913583,13.097374299417408,9.449847855558431,15.5814411862365,2.1481104088762915,20.0
2024-06-19 07:00:00,0.7437786723766376,31.900304116634633,71.97020566883802,60.59969672710255,1.4161135061789931,148.75573447532753,3.9491223674735227,20.0
2024-06-19 08:00:00,0.8885572837590842,33.25446582893512,55.95706011795331,84.94464062257356,6.42833390815738,177.71145675181683,3.634892004650603,20.0
2024-06-19 09:00:00,3.1846448356258,32.86531185552919,61.76245774197582,4.499682123542437,3.8198004546294593,636.92896712516,3.346999721636938,20.0
2024-06-19 10:00:00,1.840213171930293,35.06916979303598,60.906256781316806,73.41512590416463,9.568146705908777,368.0426343860586,2.476650555658468,20.0
2024-06-19 11:00:00,3.18960855954101,34.81682280516337,62.00961745171236,34.13186459500521,3.299748952902765,637.921711908202,1.9004538086817448,32.24697013316302
2024-06-19 12:00:00,3.6172063348347554,37.32649326255716,57.159568531606546,47.85283699195225,9.621859094918001,723.441266966951,2.0490476975177274,47.14447718767478
2024-06-19 13:00:00,1.5018272721786177,36.07416112175293,53.02581223247005,92.88595498455656,9.01485851100749,300.3654544357235,2.038631647532304,41.49390481553071
2024-06-19 14:00:00,3.386913576864111,37.85952106214047,52.27984311372121,33.19715047358455,2.7038323531065633,677.3827153728222,1.9757000212554925,54.90043359381259
2024-06-19 15:00:00,2.599734574605674,36.996205423162934,63.73736131403876,46.5336933939486,8.035417768264278,519.9469149211347,2.4530041552097206,56.294372578074146
2024-06-19 16:00:00,3.2442998397108584,36.125832449437986,60.53384733580473,1.3682414760681105,9.95604201803506,648.8599679421717,1.9741893609269128,68.36042212652164
2024-06-19 17:00:00,2.0438826926977733,36.67440277961162,48.423624277703986,8.159872000483837,2.5266300217128235,408.7765385395547,2.395044287797484,64.66398428336679
2024-06-19 18:00:00,1.1627584669195663,35.845460532974364,49.28606438710516,25.859159113478402,4.3677716932331965,232.55169338391326,5.322595978587559,33.085036914945725
2024-06-19 19:00:00,0.0,33.15495600772756,68.86838688767834,2.7852240821074403,5.201807365667596,0.0,5.11162059928485,20.0
2024-06-19 20:00:00,0.0,34.53864192504827,67.25673419212013,63.1375326048251,2.949311358038643,0.0,4.723363914872388,20.0
2024-06-19 21:00:00,0.0,31.44690793881319,64.14692068788284,42.63983568016225,0.1526483964602976,0.0,4.409325029516074,20.0
2024-06-19 22:00:00,0.0,31.10486995469871,66.84585940703529,54.814520272802206,2.2012924419752666,0.0,3.069680140383353,20.0
2024-06-19 23:00:00,0.0,28.439065119329516,71.3962940566932,17.464718589632955,2.8193688434175845,0.0,1.5353410446097258,20.0
2024-06-20 00:00:00,0.0,29.047782778830808,65.74344211077286,29.593202943661613,4.435997013181872,0.0,1.6182988900407214,20.0
2024-06-20 01:00:00,0.0,27.865180766532283,74.47440301531653,66.38244748527251,1.7110247841340187,0.0,1.7918375234604653,20.0
2024-06-20 02:00:00,0.0,25.811407799372592,82.299865588904,96.53027236303998,8.732543566916727,0.0,2.173531259899156,20.0
2024-06-20 03:00:00,0.0,27.366790916618264,76.85913198508325,5.04167736022092,7.049111327313361,0.0,1.9525157638414532,20.0
2024-06-20 04:00:00,0.0,27.008526110360563,71.13654788058489,89.03843208552661,0.8520047755966198,0.0,2.3608212607401726,20.0
2024-06-20 05:00:00,0.0,27.14185339083166,71.27958067976978,57.68812013112085,6.500924511399314,0.0,2.103510541426014,20.0
2024-06-20 06:00:00,0.0,29.306766663283053,67.7856615755747,56.39195667556237,6.536564764056204,0.0,1.7949823839223245,20.0
2024-06-20 07:00:00,0.0,31.772025721437306,66.61240597517927,50.027853520776034,9.562211736436277,121.91515820047793,3.63321841120215,20.0
2024-06-20 08:00:00,2.4754621828340886,32.06926953503398,68.72184903495675,6.9394085904183385,0.030208713561612477,495.0924365668177,2.8174518565525295,20.0
2024-06-20 09:00:00,2.903627645445054,34.09056279156183,58.45955187877834,8.987685173616066,2.479324498058072,580.7255290890108,2.3608839972919378,25.156064657454603
2024-06-20 10:00:00,2.782075708800538,36.377879641818474,67.28402119567465,60.09120056590861,9.277914793753155,556.4151417601076,2.44736782551085,28.335789548706636
2024-06-20 11:00:00,3.478598430147247,34.71227654916419,60.10458420389437,34.09585714355583,9.32133915398283,695.7196860294493,1.8376284770778661,43.925004102865756
2024-06-20 12:00:00,1.6293134551708963,36.964514460801674,42.02734811660834,91.72680665776807,7.205864193706374,325.86269103417925,1.8306131093612334,41.80606037454641
2024-06-20 13:00:00,3.6219861661119372,36.964514460801674,54.048945703905616,40.659053735947225,7.6576332104753995,724.3972332223874,1.7327659642933533,59.753652291822966
2024-06-20 14:00:00,4.147592988928014,38.4352687552442,50.4637761508128,14.328145870264109,0.9148295792964711,829.5185977856027,1.948350107040861,80.6464596697509
2024-06-20 15:00:00,1.9399561180138518,36.76361940292532,54.09446074125696,71.4718833502036,5.138758347782336,387.99122360277033,1.9248620580135287,80.78985323975395
2024-06-20 16:00:00,2.808690664210264,37.47620795655992,57.46418748000961,29.335342144100984,2.3158299128899937,561.7381328420528,2.040598706055662,88.08672684222267
2024-06-20 17:00:00,1.3127494039937957,35.26746355046837,54.12863083204972,52.54703073558932,1.8121804361361726,262.54988079875915,1.780477551642448,83.16327265644739
2024-06-20 18:00:00,1.006402037513584,33.742946925356556,61.13749350885112,69.783278550517,8.103032991233325,201.2804075027168,5.014545731089158,51.58432528802632
2024-06-20 19:00:00,0.0,33.28864570415709,60.253701610955666,90.02641112020704,1.3503813668054743,0.0,4.539367688416373,20.00537791960527
2024-06-20 20:00:00,0.0,33.16234631975329,74.31764620300142,79.2191194801676,4.686516369963853,0.0,4.418962383019421,20.0
2024-06-20 21:00:00,0.0,31.115924813148744,53.031319031501425,67.63610678727241,9.38578239586033,0.0,4.303054559537911,20.0
2024-06-20 22:00:00,0.0,30.990386236611354,68.54673127575869,67.96331823951436,1.8583205556534255,0.0,4.898487939163835,20.0
2024-06-20 23:00:00,0.0,29.64585987417738,78.48872768570075,94.59246440320865,9.779934237382346,0.0,2.143017682414002,20.0
2024-06-21 00:00:00,0.0,27.7669299124683,74.7997724562376,29.582409749653603,9.94287985761059,0.0,2.49959838220002,20.0
2024-06-21 01:00:00,0.0,27.577383585530406,72.77715530129134,0.11120941961874076,5.556171546824029,0.0,1.6051156782989335,20.0
2024-06-21 02:00:00,0.0,27.56183167201812,74.451800038287,27.19545593981987,1.7014274017715791,0.0,1.925925779358077,20.0
2024-06-21 03:00:00,0.0,27.030992085072324,80.17503687231805,21.7891379626744,3.1610488794089564,0.0,1.7564627918062348,20.0
2024-06-21 04:00:00,0.0,28.82497325270034,65.33436145415432,66.18345851139982,4.2449283267653515,0.0,2.3149993898456,20.0
2024-06-21 05:00:00,0.0,26.804824328388825,72.12127600966316,63.3711599765529,3.093242243582229,0.0,2.4735795542016494,20.0
2024-06-21 06:00:00,0.0,29.96408959636157,64.92399784614099,59.34613827047238,2.806355798765158,0.0,1.7682003620882192,20.0
2024-06-21 07:00:00,1.2862362429773666,31.01072310157282,74.01101688921061,1.62434432094537,9.722297092163576,257.2472485954733,3.0431089048059796,20.0
2024-06-21 08:00:00,1.4444810401021448,34.105198015209524,65.76594003199197,72.87780544506475,1.5336482741574564,288.89620802042896,3.9167011260027857,20.0
2024-06-21 09:00:00,2.517452524215838,32.80338170412451,63.21831918153067,32.353041248549154,7.333279087168623,503.49050484316757,3.892087288560851,20.0
2024-06-21 10:00:00,2.3920610847612944,33.658790188132954,61.23056040365442,66.50559890066312,0.004102894391748713,478.41221695225886,1.5877346643808918,27.641100993613822
2024-06-21 11:00:00,2.7469265230869713,33.658790188132954,50.46849114976233,55.65784285021533,5.9618266940237685,549.3853046173942,2.104498592533161,33.744166333875015
2024-06-21 12:00:00,3.7657362634721445,36.656848370628765,56.64630301736106,34.27309254279072,9.159430039540524,753.1472526944289,1.75820439283705,52.81571910490841
2024-06-21 13:00:00,4.382969717351619,37.418132605263224,52.385850955082525,13.457626710410775,2.87934094093219,876.5939434703238,2.4991370762165097,70.71212919569196
2024-06-21 14:00:00,4.451547583637095,36.75288373896738,48.39376082608996,9.441889766048096,1.855259752577192,890.3095167274189,1.8686944117452726,95.0
2024-06-21 15:00:00,1.8249086165776733,38.22428658313735,54.86962183793095,83.15183331122236,6.516797948784269,364.9817233155347,1.7279005075416998,95.0
2024-06-21 16:00:00,1.6201553363155208,37.46905004129674,56.149003129588,91.8397542081558,7.126014072983931,324.03106726310415,2.4711037439891594,86.04264834027748
2024-06-21 17:00:00,1.343380552379087,36.00910838456568,54.78043470418622,64.97880467642996,6.880305189519813,268.6761104758174,1.7445595509312892,81.8197115134122
2024-06-21 18:00:00,1.083570065970932,33.43912229351919,66.42845523367308,10.343411486048337,3.1931688002137406,216.7140131941864,4.371691217197095,50.24076414499115
2024-06-21 19:00:00,0.471242428103828,34.3040264668694,62.525616075517206,40.20272168882407,2.5220240215933085,94.24848562076559,4.146437900666305,20.0
2024-06-21 20:00:00,0.0,32.66685938989268,61.00401184035805,72.89392001051573,9.559187999620441,0.0,5.6027400923821045,20.0
2024-06-21 21:00:00,0.0,30.232214595045555,77.16710874441137,77.9820884010068,9.232995082699295,0.0,3.383178193869388,20.0
2024-06-21 22:00:00,0.0,31.476753729848927,63.43838158415533,11.82186222910886,4.573166098928203,0.0,4.232290319672267,20.0
2024-06-21 23:00:00,0.0,30.22309943457044,69.59620001804153,0.003071884538241587,8.461938661543734,0.0,1.5834243422111536,20.0
2024-06-22 00:00:00,0.0,26.68802747999651,77.41153252667098,71.2137045880605,4.52323477634296,0.0,1.8398059454957623,20.0
2024-06-22 01:00:00,0.0,27.4662963357658,75.37912492824849,35.659617598620564,4.243890180725104,0.0,2.093825098973163,20.0
2024-06-22 02:00:00,0.0,28.453088054992495,67.0048073634021,25.448133161826025,1.5676294759929466,0.0,1.6415813519130542,20.0
2024-06-22 03:00:00,0.0,28.477621070694777,79.58002739762755,1.289746978952544,4.2640605649197285,0.0,2.4712418328803514,20.0
2024-06-22 04:00:00,0.0,27.91809390693519,76.55287141747654,54.02994067614997,5.37416938599807,0.0,1.527316572725437,20.0
2024-06-22 05:00:00,0.0,30.06151951654234,78.16017299909846,85.11507354259817,0.22504327428686466,0.0,1.527428768766446,20.0
2024-06-22 06:00:00,0.0,30.222043548146072,64.61020250330475,95.76316462725879,4.441130051754064,0.0,1.543202864352174,20.0
2024-06-22 07:00:00,0.6732473026388961,30.150718829856224,77.84587158361293,56.574495061328925,7.813562183952003,134.6494605277792,3.579945422731223,20.0
2024-06-22 08:00:00,1.64645765460697,31.57725143643563,66.83396040013636,51.44613277398942,6.800460563742698,329.291530921394,2.4592251130394294,20.0
2024-06-22 09:00:00,2.911326265511968,33.61878690534858,68.42835325966539,8.50563854892411,6.35156988863935,582.2652531023936,3.4671615777718765,20.0
2024-06-22 10:00:00,1.7926195866560102,34.79205240112595,64.24658312038149,54.887280154259976,9.095554284372025,358.52391733120203,2.427752171022453,20.0
2024-06-22 11:00:00,3.556776413737327,37.363088556641976,58.35523744835208,37.99790789653946,0.1803200982523001,711.3552827474654,1.633098268829411,38.2749423766252
2024-06-22 12:00:00,2.5888814306123913,36.50960929525622,63.95931881882509,60.71352808835769,5.570475861922342,517.7762861224783,2.3681155732234807,40.37221802181985
2024-06-22 13:00:00,3.761730924021329,38.80408945805218,47.49256489006273,38.87263478765467,7.873488484097071,752.3461848042657,1.9225825687039122,57.84412739733531
2024-06-22 14:00:00,4.229094535652217,38.4305107655361,54.69602022487446,24.029912345036674,5.413353827012672,845.8189071304433,2.282965662800633,76.33235168942537
2024-06-22 15:00:00,3.1768766204100305,37.13585281122965,55.880718400912166,9.49652752283765,3.2389555258037914,635.375324082006,2.200485010049813,85.60807198784744
2024-06-22 16:00:00,2.5212047032943494,36.077369522065084,61.897914769817575,31.491844458889574,1.3625056509197786,504.2409406588699,2.263146710164136,88.05962292258445
2024-06-22 17:00:00,2.0888085650771333,36.63479673133354,65.14450439945472,9.664483428775227,8.875630718161913,417.76171301542666,1.6557830479393663,92.17336533539324
2024-06-22 18:00:00,0.9453946682085465,34.51129802976788,59.569871133360394,17.689695082398394,4.70762392387603,189.07893364170928,5.08342868824999,60.594417966972195
2024-06-22 19:00:00,0.0,34.53270329160602,64.09422547826375,98.73361585795459,8.781151969857014,0.0,5.186547058093834,29.015470598551136
2024-06-22 20:00:00,0.0,29.809724368646464,69.01944040384359,44.41035569066186,5.8585212243316835,0.0,5.755720439653828,20.0
2024-06-22 21:00:00,0.0,31.763335061958653,65.57873489714822,53.187176650501655,6.741921166150008,0.0,4.378287955177593,20.0
2024-06-22 22:00:00,0.0,28.921339228969448,73.45759411936501,87.36185287372153,8.042611543784501,0.0,3.8928630061529224,20.0
2024-06-22 23:00:00,0.0,30.393160710540474,73.11547282489956,99.55689004906878,6.591555446001344,0.0,1.5391837820112508,20.0
2024-06-23 00:00:00,0.0,30.683516449286707,74.58739676575918,58.27144493446815,3.980548406789377,0.0,1.578827997110201,20.0
2024-06-23 01:00:00,0.0,29.513580455617358,71.00249157925451,81.24738210441717,5.13633383928651,0.0,1.5532272848755309,20.0
2024-06-23 02:00:00,0.0,27.940662556812047,81.62197913367606,32.694102433667524,8.030455246758798,0.0,2.333227208271791,20.0
2024-06-23 03:00:00,0.0,28.23294503891951,71.15452338886008,30.57439574472911,3.736502963729842,0.0,1.594560975267468,20.0
2024-06-23 04:00:00,0.0,26.877443818477698,74.17710879141826,40.27037209945602,3.881214567684971,0.0,2.376020832290874,20.0
2024-06-23 05:00:00,0.0,29.32435166063333,66.42524728562954,67.25072626736491,0.9569011605800115,0.0,2.16379693388256,20.0
2024-06-23 06:00:00,0.6277831369225021,30.208457217052366,58.399859799791685,68.21916892550988,9.145844352217477,125.55662738450042,2.4605514828047603,20.0
2024-06-23 07:00:00,0.802217326780655,31.185973212830152,71.33792458849899,31.52394346494508,0.9103631494544173,160.44346535613101,3.648613817638414,20.0
2024-06-23 08:00:00,2.028822055959834,33.450627873126514,58.46843343200191,13.320992413662868,6.482091774485559,405.76441119196676,2.402909905358059,20.0
2024-06-23 09:00:00,2.027944894226309,35.82464094873681,59.99887224350284,63.239625646550856,4.131944788027977,405.5889788452618,2.337985849756749,20.0
2024-06-23 10:00:00,3.680583714012192,36.031018217042444,62.31090179496415,12.832586218876452,4.056193902554424,736.1167428024384,2.4887541054134066,31.32238128168846
2024-06-23 11:00:00,2.507821182309947,36.39678618929627,58.79900406531085,57.84925082293301,6.795518365726839,501.5642364619894,2.1571765052734784,34.65350571353491
2024-06-23 12:00:00,2.628455447200236,36.045964276728874,45.1780461234349,69.3422128056309,0.6709373262987872,525.6910894400472,1.9970009582346862,40.65232335870764
2024-06-23 13:00:00,2.500085473501414,38.12819725819378,53.97027307192177,70.06114963944516,5.937057829514346,500.0170947002828,1.5442935264034179,49.732346856138605
2024-06-23 14:00:00,2.246293117015117,36.95530371288029,62.54194756237939,75.34721106595967,7.720317859723548,449.2586234030233,1.7801201966013882,54.16098960006902
2024-06-23 15:00:00,1.9182965931312332,36.450612245280595,63.39507049365406,87.28594215656645,8.282127578865943,383.65931862624666,2.2050074741207526,51.142980326495135
2024-06-23 16:00:00,2.031215321087356,38.21990231424298,52.76896350930596,49.995899196478845,1.705303893937753,406.24306421747116,2.3430785202598567,47.860209808889856
2024-06-23 17:00:00,1.0424416816494448,36.11955566686583,49.74019395523019,73.02491895295712,8.974190500781736,208.48833632988897,1.6265368834188187,41.71183926394907
2024-06-23 18:00:00,0.664881966390169,33.82999631356014,65.72982382087639,61.91727353658367,6.561460918474422,132.9763932780338,3.931298975934915,20.0
2024-06-23 19:00:00,0.0,33.48571675627896,60.18313983504036,18.663993979768257,8.818548008206829,0.0,5.006741781702833,20.0
2024-06-23 20:00:00,0.0,33.110528394209325,64.59211556108224,2.568964486940817,4.852807171101983,0.0,4.553149998907564,20.0
2024-06-23 21:00:00,0.0,29.726715575906447,69.83867741475986,28.454138567693377,5.42033345097202,0.0,5.26614386654447,20.0
2024-06-23 22:00:00,0.0,29.971633495570405,64.31081617184087,44.30337063376194,9.19038277028671,0.0,4.263966595162334,20.0
2024-06-23 23:00:00,0.0,29.59286689011474,72.00525381452547,61.71059444286563,8.999095433546717,0.0,2.4465955914982223,20.0
2024-06-24 00:00:00,0.0,27.646788984383146,71.05861664049574,84.99593305032053,4.48160873369002,0.0,2.3116353199647066,20.0
2024-06-24 01:00:00,0.0,24.847052916186968,85.80031630758755,19.624571670616564,2.7441263163568177,0.0,2.2106254523807056,20.0
2024-06-24 02:00:00,0.0,27.878258982317924,74.65300909838452,12.55497898984771,3.9317043456426415,0.0,2.083974652288267,20.0
2024-06-24 03:00:00,0.0,29.99961857172476,60.74571035195861,96.34799474743275,3.8776432852974976,0.0,2.3085398166969733,20.0
2024-06-24 04:00:00,0.0,29.751749074576797,76.55703541443543,10.80445593764071,2.8686687498279397,0.0,2.471438880036592,20.0
2024-06-24 05:00:00,0.0,27.48089384586805,82.37432805682907,47.84910701071892,2.685796043329666,0.0,2.1913260270127966,20.0
2024-06-24 06:00:00,0.38116918571189184,31.67369069732134,65.52705580193174,58.55637287933019,8.610629364797195,76.23383714237836,1.9508836964276144,20.0
2024-06-24 07:00:00,0.5288059988611663,31.200678177024578,66.86315372542842,54.137442090743825,0.6986192068466168,105.76119977223325,3.083418049747838,20.0
2024-06-24 08:00:00,1.9140956829104279,31.261034055195164,63.85057334281915,8.603215703294321,6.776111820995942,382.81913658208555,3.2627370582012736,20.0
2024-06-24 09:00:00,3.3726284339978094,35.3040748359281,62.934041325215226,5.702691400361937,1.728200514564523,674.5256867995619,2.7506186212713826,25.90909322090106
2024-06-24 10:00:00,3.639922823955307,33.411870074004455,73.88617305273077,10.548342746103568,3.4450589339406323,727.9845647910614,1.6675824833240194,44.64632645689829
2024-06-24 11:00:00,2.261553920250536,35.7734986840913,63.256433785275625,58.55876838726125,0.6154303413483686,452.3107840501072,2.1567870109644294,45.641612095116294
2024-06-24 12:00:00,3.117462825405525,38.045597561001976,47.790458517692194,54.43448876343211,2.6997363685546203,623.492565081105,1.6585652294443514,59.50113925674745
2024-06-24 13:00:00,4.730899648173535,37.850657820776746,60.39334501648009,23.374079203674427,7.684210711172421,946.179929634707,2.3707001108984205,81.92303486086104
2024-06-24 14:00:00,2.7395957055332145,36.545035964357,47.633675373522685,63.777414184559156,8.850153245472587,547.9191411066429,2.219016592405174,86.86853643557741
2024-06-24 15:00:00,1.617329001974802,39.780084865576846,50.81415176355688,82.00675020556494,2.2152715190236707,323.46580039496035,1.6216718930038754,86.82282179316611
2024-06-24 16:00:00,3.0991222726014582,37.940624298013766,47.770490073465965,4.157895984659376,4.635478392589219,619.8244545202916,2.203006482835312,95.0
2024-06-24 17:00:00,1.5774782585370362,35.175375126671334,56.1734114700749,49.81299435480424,4.703240479372064,315.4956517074072,2.077268493492324,89.7390501583654
2024-06-24 18:00:00,0.3748913789276378,34.557209062072154,57.73308930462193,68.93104121026903,8.735753057597343,74.97827578552756,5.9809409037557,58.16010278994435
2024-06-24 19:00:00,0.0,33.692057024694144,64.97403801065097,25.23119270696871,7.627990528758054,0.0,5.489516535069675,26.581155421523295
2024-06-24 20:00:00,0.0,32.49176763543049,65.30173391326583,30.77709052931491,5.130772183680499,0.0,5.622283560418021,20.0
2024-06-24 21:00:00,0.0,30.49459426568255,68.84458776836058,61.36379029893838,6.707472004717734,0.0,4.862172036072605,20.0
2024-06-24 22:00:00,0.0,28.652656780840562,74.5482142738968,89.7935293443737,8.473550539093669,0.0,5.3937082766823785,20.0
2024-06-24 23:00:00,0.0,28.997073076835356,71.51376732778844,80.99244203028994,0.09538954025544943,0.0,1.5787695139149012,20.0
2024-06-25 00:00:00,0.0,29.01751079614723,67.21378480197937,58.31302190995835,4.028900310500486,0.0,1.7804047996253867,20.0
2024-06-25 01:00:00,0.0,28.531150699000367,73.05351153019996,73.02217177572491,9.072431672770787,0.0,1.5496343540365785,20.0
2024-06-25 02:00:00,0.0,29.032533090609277,65.13960133433754,36.482247020779866,7.403130308439514,0.0,2.2790912537636125,20.0
2024-06-25 03:00:00,0.0,26.55393618672687,75.12010270984413,64.09655280987577,5.428413743340746,0.0,1.933762743792561,20.0
2024-06-25 04:00:00,0.0,28.882946213364345,75.68676988402723,46.6181591127557,5.2964452703513345,0.0,1.7305387921709134,20.0
2024-06-25 05:00:00,0.0,28.68424868175302,75.4354269821311,18.993613645756092,3.477700976044378,0.0,1.5739356435166976,20.0
2024-06-25 06:00:00,0.44597854954578714,28.107028923078193,72.87882284825312,70.17382738772572,5.205205336415145,89.19570990915743,1.709826035948717,20.0
2024-06-25 07:00:00,0.5778742940818404,30.30993480725069,75.40898230571432,55.646463734882204,6.553831994634533,115.57485881636809,3.2875238999056435,20.0
2024-06-25 08:00:00,1.865254635892187,33.680317839177626,56.399311377176446,35.86215819535914,4.18363038428793,373.0509271784374,2.478993665002017,20.0
2024-06-25 09:00:00,1.4256034331014555,35.22784525972684,62.3022038142056,91.13391900786307,7.14153146392174,285.1206866202911,2.1531618627352276,20.0
2024-06-25 10:00:00,3.7425510961974364,36.23631817970641,59.168408482731,2.0934117826733267,8.612322272603858,748.5102192394872,2.087627297241471,35.721776090081676
2024-06-25 11:00:00,3.9305824401662997,35.57949223164677,67.37335232235715,31.5773151249496,1.5468484818486117,786.1164880332599,2.1023670393482794,53.08982239785287
2024-06-25 12:00:00,4.6762344710913295,38.09331614194022,61.02632582334642,5.688139777764656,4.5154702281742445,935.2468942182659,2.11899400528901,77.3836068229749
2024-06-25 13:00:00,2.4861092872202786,36.82946003407144,50.47914810293034,76.65273162216272,4.080200912850811,497.2218574440557,2.0981328297531396,81.06938316891272
2024-06-25 14:00:00,2.5974604568531006,35.811978155403125,59.57835741320227,70.21074541137926,6.874648040497281,519.4920913706201,1.9266027804598829,87.44253109464829
2024-06-25 15:00:00,3.1859144225806713,37.25006208245921,53.67938223565689,33.13522187363171,2.4986746525792936,637.1828845161342,1.5778001133220987,95.0
2024-06-25 16:00:00,1.5718731586543109,35.62177506942659,55.43504498877522,67.5662902207073,6.402509149522762,314.3746317308622,1.7464925250702805,93.16190140614768
2024-06-25 17:00:00,1.489115821779327,36.56181977461472,47.57825268176467,39.593722619594985,8.77489241731488,297.8231643558654,2.0853922110366443,86.885307835018
2024-06-25 18:00:00,0.614916816080653,33.92878177698929,54.02890359230208,75.62537914224343,4.181315997936227,122.98336321613058,4.709186008017351,55.30636046659695
2024-06-25 19:00:00,0.5011746523360945,33.98014293766382,65.95862432846445,45.41836627367061,9.110156999792201,100.23493046721889,5.35676425215876,23.727413098175898
2024-06-25 20:00:00,0.0,31.523068178909437,67.5944016521486,41.22797278316656,9.931637389334785,0.0,5.428740361370579,20.0
2024-06-25 21:00:00,0.0,31.88458883930493,68.99158838725631,93.4729915488301,1.0609204994795207,0.0,3.5712883901692853,20.0
2024-06-25 22:00:00,0.0,29.066972029158734,66.64966797112895,25.087909989070024,2.3305318798485866,0.0,4.524241608557021,20.0
2024-06-25 23:00:00,0.0,28.656935715355477,67.77443596452042,12.044733999656543,9.503797514820931,0.0,1.6821581610790295,20.0
2024-06-26 00:00:00,0.0,29.072789532491765,66.70877254462494,58.45431132594582,9.583276864813868,0.0,2.354811156317281,20.0
2024-06-26 01:00:00,0.0,27.723323393264703,72.63647134200023,96.93218122841789,0.977072753867585,0.0,1.5360597620622671,20.0
2024-06-26 02:00:00,0.0,27.746886901532267,72.00977324290767,37.783921372718666,0.1499850037713668,0.0,2.2356081065021165,20.0
2024-06-26 03:00:00,0.0,27.746886901532267,81.65527464154019,6.203676362878152,1.6110002325642225,0.0,2.3598074820161883,20.0
2024-06-26 04:00:00,0.0,27.657054171621464,71.27273154669645,33.93052673095674,9.960127833822483,0.0,1.6345021476019714,20.0
2024-06-26 05:00:00,0.0,28.33744956935092,76.76306014454416,50.593165431955846,1.7999961661068686,0.0,1.6555112427582956,20.0
2024-06-26 06:00:00,0.0,29.316309514875748,72.36248653406217,16.19230066322137,5.025476067220231,0.0,1.7330049479775957,20.0
2024-06-26 07:00:00,0.9899074182469807,31.50892106696236,67.02249227537321,65.8102218056492,8.48417726430511,197.98148364939613,3.3970567141634795,20.0
2024-06-26 08:00:00,0.7164094830733585,30.938657016900112,66.71647143451644,99.77493890102006,0.2040161068820634,143.2818966146717,2.2619638075358246,20.0
2024-06-26 09:00:00,2.0331211660803064,34.24306278108282,53.00757409017007,45.17394759814438,6.044889822584595,406.62423321606127,2.428174937177043,20.0
2024-06-26 10:00:00,2.9099404628298804,34.44222463748124,55.440679900541234,35.472855673021265,2.770254488696243,581.9880925659761,2.0915648626042445,27.77456820214354
2024-06-26 11:00:00,3.6913496230751,36.694992430372096,61.65928260965102,40.070416683446666,8.623349164397316,738.26992461502,2.2064086402755008,41.88150753873973
2024-06-26 12:00:00,4.598698874197129,37.66325734732054,52.984503990072284,11.514617839520113,2.834611492640792,919.7397748394258,1.6007903707316196,70.36163832166207
2024-06-26 13:00:00,2.1409513892914442,36.90900978898932,58.27098210921947,88.32736014262238,6.867557202819089,428.1902778582888,1.5288154010536057,76.17693020992154
2024-06-26 14:00:00,3.277083357390674,38.21356615157903,55.68948460441756,41.4825655521352,6.742196324473969,655.4166714781348,2.3579195484604067,84.90898639475907
2024-06-26 15:00:00,3.3552567373629687,37.38516787233701,51.508290705955645,38.72744114248413,2.2149354885964003,671.0513474725938,1.8286302583155027,95.0
2024-06-26 16:00:00,1.6784996569578503,37.93743755286153,53.82077704462164,65.96902729304743,0.34799199868350117,335.69993139157003,2.36463637296105,87.7775082525979
2024-06-26 17:00:00,1.1191316912500184,35.7720344330067,58.86695281555512,44.203342093112354,4.092495737853973,223.8263382500037,1.632295524752228,82.37578368941675
2024-06-26 18:00:00,0.7093308392862407,35.246117729450404,61.48910412392671,64.8233468807846,2.891931519658697,141.86616785724814,3.5540813302269783,52.431041679514244
2024-06-26 19:00:00,0.0,34.31000145582664,60.710850329944265,6.144629013078751,8.089777496137087,0.0,4.821774616080621,20.85209431109319
2024-06-26 20:00:00,0.0,32.315545529345435,68.75810942989855,81.37233437222274,8.003641884553453,0.0,5.109216065721437,20.0
2024-06-26 21:00:00,0.0,30.972862111465464,73.38424295689757,94.05039528794026,4.570239521926255,0.0,5.19726532778801,20.0
2024-06-26 22:00:00,0.0,29.001184731810476,65.786863782421,64.8765386159386,6.06512225323219,0.0,3.0813996746041985,20.0
2024-06-26 23:00:00,0.0,30.02129570326598,71.52631045927362,95.45659288588108,6.0425951598692516,0.0,1.566660763277869,20.0
2024-06-27 00:00:00,0.0,29.76297920258073,65.28350666253337,15.143231436996329,8.271581484276233,0.0,1.6064337186997015,20.0
2024-06-27 01:00:00,0.0,24.792908835134508,77.62890001527457,47.74161894803537,4.250024141231975,0.0,1.7160402244735797,20.0
2024-06-27 02:00:00,0.0,26.56221333365884,73.41743120556576,60.180673394544726,2.7544667979050907,0.0,2.036209171068333,20.0
2024-06-27 03:00:00,0.0,28.873243229781377,76.82141642150906,58.17366474211867,2.650349181405475,0.0,2.2542471844969163,20.0
2024-06-27 04:00:00,0.0,28.069012057998783,71.66338408711431,40.14617790890432,5.361922792822042,0.0,2.2739580797830903,20.0
2024-06-27 05:00:00,0.0,29.172265876824937,75.77132329914288,33.80844093662614,4.491482027322125,0.0,1.5523068535096858,20.0
2024-06-27 06:00:00,0.0,29.29367029330371,70.55536976018838,12.68240225504188,4.401207709849362,0.0,1.962648367114872,20.0
2024-06-27 07:00:00,0.27855005427052054,29.93703218188162,65.50813903282928,39.17424505622782,0.9113733908970723,55.71001085410411,3.4264783040403994,20.0
2024-06-27 08:00:00,1.8069714683570994,33.275968160896404,52.8258379627404,16.266081510548513,7.186037406901956,361.39429367141986,3.227597918084162,20.0
2024-06-27 09:00:00,1.592084817434991,32.43960560815026,74.09243480399127,73.43656764922184,2.137366879819107,318.4169634869982,3.1210771761034994,20.0
2024-06-27 10:00:00,4.031707788998662,34.745563272314335,67.33322032464669,20.883093549458998,1.9695363020872136,806.3415577997324,1.7212439444120489,41.94940652357282
2024-06-27 11:00:00,4.13225969316102,35.92616483952228,65.83408680776519,5.856530528453385,4.127583202773934,826.4519386322039,1.5288762692657363,66.681549050578
2024-06-27 12:00:00,3.0592741602459843,38.86108063627134,45.80296885697689,55.236613781723435,2.277783416178014,611.8548320491968,1.5564143726600914,80.95871703264399
2024-06-27 13:00:00,2.713837735018684,35.51532101005573,62.81989087165531,59.52297327194016,5.838582673080154,542.7675470037368,1.6233140122753444,91.3186923987057
2024-06-27 14:00:00,1.9210471608748585,38.012583152688556,56.919949092832496,87.19130612805056,3.714633393344715,384.2094321749717,1.620586216118235,94.1730713738936
2024-06-27 15:00:00,2.661774478665737,37.91005107154159,40.11957649059386,57.69816124176819,4.489117225927901,532.3548957331474,1.8111515782703802,95.0
2024-06-27 16:00:00,2.4886262350915622,36.69551158585896,62.87863581415948,34.54808537234457,5.371693216040288,497.7252470183124,1.7286210580294452,95.0
2024-06-27 17:00:00,1.2197573647589675,35.838964871716044,59.861334128686245,80.30118815263205,2.0353552248180486,243.95147295179348,2.0603762658820752,86.15137998817781
2024-06-27 18:00:00,0.8282612048287213,37.1907855142107,56.10363210780104,54.027889318742105,1.557516228655298,165.65224096574426,5.814856245457832,54.57243261975676
2024-06-27 19:00:00,0.04939884556499829,35.37295134588609,61.77736451089839,7.928028463119174,8.804219028736048,9.879769112999657,4.213439085923865,22.993485251335706
2024-06-27 20:00:00,0.0,31.364839870314174,65.71612451799666,56.58505603132467,4.3372370283142105,0.0,4.001869069033337,20.0
2024-06-27 21:00:00,0.0,30.45777530433955,72.82753455156812,90.80185454216624,4.120936096325392,0.0,4.434816194477917,20.0
2024-06-27 22:00:00,0.0,32.005768294509636,72.30360376006524,39.631262549822054,0.3561215027284148,0.0,5.807176645136396,20.0
2024-06-27 23:00:00,0.0,30.092655088677077,72.99658646535737,29.632580189980008,4.9797630258739325,0.0,2.0818783478916334,20.0
2024-06-28 00:00:00,0.0,27.651072938706434,78.35919222222829,14.346945701802005,5.541697216110001,0.0,1.7098776716687891,20.0
2024-06-28 01:00:00,0.0,27.882351464874002,76.57071077779794,15.144552193535732,5.588408709546665,0.0,2.171525577058221,20.0
2024-06-28 02:00:00,0.0,25.240629116168304,76.52236937633766,43.27714843418189,7.0703116932288435,0.0,2.055691194478639,20.0
2024-06-28 03:00:00,0.0,27.547468572598774,69.75647552746672,59.56798241615295,1.7748183499101178,0.0,1.955367704465481,20.0
2024-06-28 04:00:00,0.0,30.33996797295407,72.40851099540856,8.061540516960175,2.5222313423061884,0.0,2.457318365985362,20.0
2024-06-28 05:00:00,0.0,29.77837321150693,72.05705886136843,93.95685890251657,8.107304652304126,0.0,2.0563038614691638,20.0
2024-06-28 06:00:00,0.056855316984428854,29.77837321150693,72.1979625144958,75.51336174451959,9.47170616843394,11.37106339688577,1.8957128699580292,20.0
2024-06-28 07:00:00,1.0566976439016202,29.77837321150693,70.69767302097017,58.66239182836627,1.3593274736732064,211.33952878032403,3.7645820779026757,20.0
2024-06-28 08:00:00,0.7049448953325097,34.133584832409056,56.52593489257427,82.84386709389908,4.976495545052182,140.98897906650194,3.627477121257673,20.0
2024-06-28 09:00:00,3.4044241998871816,32.888399634508296,50.8727008358166,8.01867568121133,2.1417625273958683,680.8848399774363,3.07929544106073,23.08872320885129
2024-06-28 10:00:00,2.9401698173963435,35.24970716122254,43.435817624979805,47.68388777331244,0.6007316835498244,588.0339634792687,2.449924970974473,27.746049249859063
2024-06-28 11:00:00,2.5572038163718926,37.153703320827944,53.52222396316598,63.00931268616634,3.255033381261354,511.4407632743785,2.3261386603553316,29.94116823201639
2024-06-28 12:00:00,2.192331989742955,36.90376591186243,52.27025858256891,82.86529061182893,1.4368762518421274,438.46639794859095,1.9513312132594849,32.23067560860936
2024-06-28 13:00:00,2.3919513322643673,37.09822112979209,54.285236368565975,78.34695600492677,7.0993307343424625,478.39026645287345,1.8873625838213512,37.02426871881801
2024-06-28 14:00:00,3.653909004304905,35.63593517494429,65.2906763698836,27.706924971339962,5.337254136714444,730.781800860981,1.9372149690046685,53.33286205417026
2024-06-28 15:00:00,1.8156516818177397,37.668203321526995,50.82253490123283,94.08801695592042,1.4383447099031088,363.13033636354794,1.5585317392753768,55.77550150832271
2024-06-28 16:00:00,3.4184705325396094,36.85955971934219,65.71863731259486,12.434584143087035,0.09241588405514367,683.6941065079219,1.5707736701403054,73.3286217011161
2024-06-28 17:00:00,0.7962152066424447,36.65640932183948,56.53122717479084,87.51336186211522,8.081570490242127,159.24304132848894,2.291186687234364,57.59207980014853
2024-06-28 18:00:00,0.06072198793108136,35.29916456718848,57.894102642929575,97.09402496046185,1.7619440616424753,12.144397586216272,4.547477395477348,26.01313243172748
2024-06-28 19:00:00,0.0,34.997969967306204,71.79551476971828,17.715352322262557,6.06216642220766,0.0,3.414043816426999,20.0
2024-06-28 20:00:00,0.0,31.970887332725493,64.96966012846156,72.20660642037853,3.3692191307674557,0.0,5.411309857623344,20.0
2024-06-28 21:00:00,0.0,30.795882132823003,68.11743225183858,4.028551877799846,5.854859383150356,0.0,3.4019726722717896,20.0
2024-06-28 22:00:00,0.0,29.03208167997595,63.87404848542124,40.542282513915495,3.15653626982324,0.0,5.8193488392859205,20.0
2024-06-28 23:00:00,0.0,28.875026603706715,59.73590941291272,51.6283299197674,0.8693956069225417,0.0,1.7455833682738664,20.0
2024-06-29 00:00:00,0.0,28.451016233769366,68.15006551381555,58.064522590963406,2.229500085577536,0.0,2.499410587856637,20.0
2024-06-29 01:00:00,0.0,27.44388264852548,69.7291929342339,93.59372482485595,1.880585664790756,0.0,2.2804236689714763,20.0
2024-06-29 02:00:00,0.0,27.398740311543488,74.39617187392312,67.22506872941946,4.280193524396438,0.0,1.6600761624933604,20.0
2024-06-29 03:00:00,0.0,27.766948050505498,71.93353691850656,48.1277951219237,6.582837834261573,0.0,1.8461809254097021,20.0
2024-06-29 04:00:00,0.0,27.21435421265857,74.38868899765419,80.96750362658894,2.6380607494635755,0.0,2.2482344914331946,20.0
2024-06-29 05:00:00,0.0,27.298945043347054,81.6304226255011,95.05328209544089,0.12069935300617951,0.0,1.671574943763136,20.0
2024-06-29 06:00:00,0.1677928397629021,31.38241863000715,69.55373213636292,2.2066148682290843,5.189373642647569,33.55856795258042,2.4890963774569226,20.0
2024-06-29 07:00:00,0.2690211941072268,30.15477303871123,68.81331168000406,98.25212722560387,6.05759489358972,53.80423882144536,2.8118286862548425,20.0
2024-06-29 08:00:00,2.198312623526907,31.989501441236403,72.79243811544936,8.613213906368033,9.628704940018096,439.6625247053814,2.07856407768682,21.137611185480825
2024-06-29 09:00:00,1.487857437881647,35.16838613908598,64.48661501364829,81.43867792687614,5.894708030932469,297.5714875763294,2.1595395955003878,20.0
2024-06-29 10:00:00,3.547890613178271,36.27761901323172,58.506392676876054,28.033475255141248,4.711725593781418,709.5781226356542,2.2057667693076395,32.750176516771
2024-06-29 11:00:00,4.3541449607712615,34.96720573481217,64.02084130757748,13.217965775387174,5.7340162589770385,870.8289921542522,1.587380062519491,59.03444305016282
2024-06-29 12:00:00,3.423772074281116,37.11989416327873,51.72560124439363,43.98556397138349,9.27900629862027,684.7544148562232,2.4605627016256753,68.18493209038951
2024-06-29 13:00:00,2.955519384773365,37.940920278683585,56.91451445637028,64.39565794476135,8.283781456016463,591.103876954673,1.5244081785926082,81.78048854910669
2024-06-29 14:00:00,3.6814561206175593,37.734570019936534,57.536273650665755,38.0951845023475,3.22978733363808,736.2912241235118,1.988369486954851,95.0
2024-06-29 15:00:00,3.70005876030675,36.681182478073424,62.98996601428549,5.456540828269896,2.372543636571373,740.01175206135,1.7905941604996074,95.0
2024-06-29 16:00:00,1.9394903970503958,38.18373912846896,53.634046564373534,59.94611396587166,2.626336123660736,387.89807941007916,2.416025519351948,89.9838408178784
2024-06-29 17:00:00,0.6802195146792663,35.26798740470259,61.677823092538866,90.24032761106747,5.04421039715213,136.04390293585325,1.5419735682762372,80.91274551685765
2024-06-29 18:00:00,0.5450520427437552,36.44294006783793,56.75476593527027,38.32153659472517,7.4404945122857775,109.01040854875103,4.46113289840989,49.3337981484366
2024-06-29 19:00:00,0.17635893668521319,34.04944956762461,62.882482151899715,21.633277763082702,5.032192071829621,35.27178733704264,5.164471882707059,20.0
2024-06-29 20:00:00,0.0,31.450871270112145,64.3410933977937,44.25773459328154,0.6779639582811259,0.0,3.7669266896988107,20.0
2024-06-29 21:00:00,0.0,29.42528448734098,72.49342815469178,4.836271104878087,7.235807004399809,0.0,4.625894362278303,20.0
2024-06-29 22:00:00,0.0,31.02343345556451,72.4895015128295,82.04875844802748,8.059701286709538,0.0,3.4940548189832805,20.0
2024-06-29 23:00:00,0.0,29.7648192476374,76.27368766506727,82.63408109501867,2.8949786511971967,0.0,1.5120051333687066,20.0
2024-06-30 00:00:00,0.0,28.340075805691345,70.75296095104407,58.800046342962844,6.641257392833504,0.0,1.8837038995637096,20.0
2024-06-30 01:00:00,0.0,27.88381694454386,82.99833890347219,35.31028889383895,4.265919010543934,0.0,2.441540500054592,20.0
2024-06-30 02:00:00,0.0,28.950709924134422,75.92748284913253,79.97833644457833,8.891193557274429,0.0,1.782651818505872,20.0
2024-06-30 03:00:00,0.0,26.59345789115852,78.15697742760041,55.46870247883672,8.452255581607398,0.0,1.9044831451977755,20.0
2024-06-30 04:00:00,0.0,27.986870101453906,70.5598791774764,82.59323085500162,5.254319983096423,0.0,2.34303516463849,20.0
2024-06-30 05:00:00,0.0,30.070141081964536,67.82490059906524,63.14587925830206,6.915055458135945,0.0,2.1564983125788872,20.0
2024-06-30 06:00:00,0.24167624534915022,28.399316890984014,73.4912397011103,78.44054732127972,8.83349701022104,48.33524906983004,1.9410415222565267,20.0
2024-06-30 07:00:00,0.3145996571956776,32.712200689374555,62.54397748140583,59.856299321776,4.957170100782755,62.919931439135524,3.7455454511068416,20.0
2024-06-30 08:00:00,1.4128271484213242,31.589582325830275,59.07083945585941,41.41410682156662,3.1325074048882193,282.5654296842648,3.815609222894789,20.0
2024-06-30 09:00:00,1.3525115843843896,32.105193556948876,78.73784462777998,95.79458599261376,7.536661379095813,270.5023168768779,2.3524656763018337,20.0
2024-06-30 10:00:00,2.1535979395334395,35.84527102944587,58.295916306866516,54.11138248788448,2.2006625478469175,430.7195879066879,1.5311808641347628,25.912962216287426
2024-06-30 11:00:00,2.231726284034633,36.42174546059524,61.2642599447107,60.50895185405384,3.8853114800604205,446.34525680692656,1.5426132883708301,32.459535675093555
2024-06-30 12:00:00,4.225547260621234,37.33994492736915,67.27335081694093,22.048763941474924,8.657272371067936,845.1094521242468,1.8705293327797115,54.83220598958801
2024-06-30 13:00:00,2.9022615130908838,38.840770291458014,42.56905320537114,62.565078942727645,7.244223402693151,580.4523026181768,2.0274863787953357,63.14256976539572
2024-06-30 14:00:00,3.102958253237542,36.63733364211147,57.27454818144611,57.160764948294386,4.038110052474993,620.5916506475085,2.269467274634464,71.06073406212495
2024-06-30 15:00:00,3.447812855517428,38.76025352844374,51.14529023400934,18.483839794702494,2.147445024083574,689.5625711034855,2.150110599728101,83.38890549212354
2024-06-30 16:00:00,3.1343595896569525,37.234874524237696,51.390786614695564,5.958709735314372,3.5596839083223655,626.8719179313905,2.346711122332519,90.87156593170566
2024-06-30 17:00:00,1.6461889312147262,35.57651065543842,62.07247757012732,60.43593197147711,2.84104149227433,329.2377862429452,2.3704584166251013,83.24767661159645
2024-06-30 18:00:00,0.17581622426053875,35.1716537699689,68.92681146225522,76.36922693503206,1.7608928794385392,35.16324485210775,5.707237495737151,51.668729243175385
2024-06-30 19:00:00,0.0,35.489705085641845,58.18327640406109,52.34013709220082,7.4333291356565665,0.0,3.956981322519216,20.089781874754326
2024-06-30 20:00:00,0.0,32.98457719279423,69.24148715748376,22.67726253196457,2.5206988685017153,0.0,3.5069417677011376,20.0
2024-06-30 21:00:00,0.0,31.22754773582957,74.95148710363456,66.65219766930349,4.541674701677638,0.0,4.53814387235489,20.0
2024-06-30 22:00:00,0.0,30.93334230420725,66.36849423787447,8.010572660960225,3.8585944683610904,0.0,3.954981911567378,20.0
2024-06-30 23:00:00,0.0,28.684473025259447,69.75080164567807,44.183370480195464,9.820773786356309,0.0,2.2153535462678855,20.0
