timestamp,solar_generation_kw,temperature,humidity,cloud_cover,wind_speed,hour,day_of_week,month,is_weekend
2024-01-01 00:00:00,0.0,19.960806047555394,79.36055099843917,0.9611560961167123,2.7115965570628955,0,0,1,0
2024-01-01 01:00:00,0.0,18.56581933802066,89.91687969232885,0.7089217967625318,1.2652154706580288,1,0,1,0
2024-01-01 02:00:00,0.0,20.274929748402368,90.53941969727305,0.7995642281728784,3.5728067401979335,2,0,1,0
2024-01-01 03:00:00,0.0,17.69653314788554,95.0,0.49815363225929166,7.897694425437791,3,0,1,0
2024-01-01 04:00:00,0.0,20.004507371107547,90.98912170435725,0.24062467977573854,6.661717860841461,4,0,1,0
2024-01-01 05:00:00,0.0,21.376128973115232,86.29059675965334,0.5439260419476688,5.123694995126879,5,0,1,0
2024-01-01 06:00:00,0.6651691869807459,21.4291403463608,88.37261474089237,0.21403613065771976,9.490237377477214,6,0,1,0
2024-01-01 07:00:00,1.8874267526547843,24.393061641298303,91.76763598199486,0.03814121282946392,6.01327690988974,7,0,1,0
2024-01-01 08:00:00,2.2232576976449274,24.33309992165102,84.94023373071022,0.5622330754008233,5.638972518140659,8,0,1,0
2024-01-01 09:00:00,2.861278254598846,26.74469048117522,77.3028002554728,0.21306322947481415,2.4029324120051134,9,0,1,0
2024-01-01 10:00:00,4.362316857821334,26.95822106793789,76.8339392310743,0.3267433918566436,6.78549798869191,10,0,1,0
2024-01-01 11:00:00,2.831616820291347,29.521152517160978,60.780224272716374,0.5566266594991778,2.4457618676986668,11,0,1,0
2024-01-01 12:00:00,5.605031338975976,28.575884359199293,71.47568413353122,0.12956497883267892,6.952281089404751,12,0,1,0
2024-01-01 13:00:00,9.16199343118643,29.377556162810617,78.38946520217911,0.06487739368351608,7.13572794523178,13,0,1,0
2024-01-01 14:00:00,6.659550883682664,28.888010409672116,66.75526840283544,0.028988631816592725,3.055377617114564,14,0,1,0
2024-01-01 15:00:00,2.016888056510417,29.32534524078122,79.44797530636271,0.970493484377474,8.704381578613441,15,0,1,0
2024-01-01 16:00:00,3.5206996926689214,28.465967458525434,77.36314207047432,0.3045860890957004,1.097941682795751,16,0,1,0
2024-01-01 17:00:00,1.434550118903374,28.045724897981916,71.52310834525947,0.7055855573501321,6.976340044334045,17,0,1,0
2024-01-01 18:00:00,2.1015080991914927,27.926359457967905,77.38665778367411,0.1683154742056715,9.549995871758568,18,0,1,0
2024-01-01 19:00:00,0.4921163395747933,25.105767046120363,86.09195766024351,0.6683649511753669,8.875673530358338,19,0,1,0
2024-01-01 20:00:00,0.0,26.889327870493165,78.20810791676557,0.611786980563884,4.862936584347418,20,0,1,0
2024-01-01 21:00:00,0.0,23.561810031443134,84.42579746106551,0.922280213458002,5.21603447727921,21,0,1,0
2024-01-01 22:00:00,0.0,23.479596606923337,76.00955577501043,0.8060640451504023,2.2068346517761404,22,0,1,0
2024-01-01 23:00:00,0.0,20.058037478262317,83.93393399975366,0.8220600039328226,9.890470188787681,23,0,1,0
2024-01-02 00:00:00,0.0,22.327523994092612,83.14846033301669,0.9614954997844963,4.004403416681448,0,1,1,0
2024-01-02 01:00:00,0.0,19.470736821721147,86.38850049932819,0.6693235822371979,2.119738925929152,1,1,1,0
2024-01-02 02:00:00,0.0,18.653839601322357,89.77606161356087,0.8335264165625417,5.020375124212364,2,1,1,0
2024-01-02 03:00:00,0.0,22.126599555236652,87.36934863748614,0.06836617914372312,2.5349229603676826,3,1,1,0
2024-01-02 04:00:00,0.0,20.81991285257149,86.96071093182356,0.6162066120881458,9.121650209211996,4,1,1,0
2024-01-02 05:00:00,0.0,20.22939648775709,95.0,0.38236300075900664,1.1366845687430505,5,1,1,0
2024-01-02 06:00:00,0.3681301042005646,22.365497435983585,93.70194374661854,0.9299945119037749,0.4102673196144946,6,1,1,0
2024-01-02 07:00:00,1.640136495349115,23.31198268452541,92.82502193623185,0.26269067158632897,1.7202242074729424,7,1,1,0
2024-01-02 08:00:00,1.2921854424104569,26.967622655487272,69.5431485081015,0.7313462192883574,7.901923049121206,8,1,1,0
2024-01-02 09:00:00,1.0901915555905504,25.168491954087614,84.55245000163997,0.9659651140466029,2.391789751920216,9,1,1,0
2024-01-02 10:00:00,6.48669714881897,26.450857022291693,83.42425821284361,0.09572409912353963,3.4679655025597755,10,1,1,0
2024-01-02 11:00:00,5.630795772997005,29.49656563828789,62.983991488618834,0.2903717862957623,6.218054731757849,11,1,1,0
2024-01-02 12:00:00,3.7565702846708353,30.183022080508902,71.0445582643444,0.669405984898616,1.8926713593123046,12,1,1,0
2024-01-02 13:00:00,6.397346543241015,30.294123165690817,75.48930580416706,0.37088759307116326,5.189623932112946,13,1,1,0
2024-01-02 14:00:00,2.7933796190086073,28.760337728942346,76.69993322996052,0.6700728902067054,9.078211680624012,14,1,1,0
2024-01-02 15:00:00,6.858236137416939,30.779889851776698,61.650964246188906,0.14262573754885322,3.567524813708125,15,1,1,0
2024-01-02 16:00:00,3.097117117966035,29.626335812219697,62.55037960403227,0.4831360271491326,1.2843708591811487,16,1,1,0
2024-01-02 17:00:00,0.9962551403794205,28.18684952465017,73.47904615022804,0.9236805404769772,1.0178000780052732,17,1,1,0
2024-01-02 18:00:00,1.1666369849929321,29.40242412326208,69.43343958891182,0.6715275863795095,6.659395799205507,18,1,1,0
2024-01-02 19:00:00,0.4153242694865811,27.052548464543843,83.77158053851629,0.8465601266866847,9.889365127140566,19,1,1,0
2024-01-02 20:00:00,0.0,25.15313852945732,86.09199371859157,0.17636270188774827,5.023255982601642,20,1,1,0
2024-01-02 21:00:00,0.0,22.21464968556207,84.84772170067188,0.8097065942713387,3.501198816580422,21,1,1,0
2024-01-02 22:00:00,0.0,22.455033658795994,86.20379564816152,0.2604088666812011,9.55097901691654,22,1,1,0
2024-01-02 23:00:00,0.0,21.941116389239184,94.46548346590488,0.09402651501697012,2.6695608562921147,23,1,1,0
2024-01-03 00:00:00,0.0,21.096021461128334,80.39076753696696,0.9266430737037906,2.5020390373611567,0,2,1,0
2024-01-03 01:00:00,0.0,20.591324646697828,91.88404168292223,0.7578425250610423,0.12977351281003302,1,2,1,0
2024-01-03 02:00:00,0.0,18.920181172612253,94.60537066269418,0.1090771681627718,2.281082188666499,2,2,1,0
2024-01-03 03:00:00,0.0,20.636664706872878,87.29638869764133,0.4313585905721822,1.0183772339566943,3,2,1,0
2024-01-03 04:00:00,0.0,21.902635837746722,94.00398535642081,0.014087048190521978,0.16842016218200917,4,2,1,0
2024-01-03 05:00:00,0.0,20.881729198942523,93.28043992733889,0.2167906473216683,8.100500368197439,5,2,1,0
2024-01-03 06:00:00,0.46598820665759344,21.4441389734681,83.12196802246201,0.6198417132237607,1.9885941563472642,6,2,1,0
2024-01-03 07:00:00,2.409191686772937,25.174286831624155,80.64782175115538,0.13400109101331337,1.8904381781428026,7,2,1,0
2024-01-03 08:00:00,0.9347637743798335,25.08007066087705,84.90776959999026,0.8093945595352976,0.5444958939048927,8,2,1,0
2024-01-03 09:00:00,1.7509822206504746,26.79366801572087,73.0464499081736,0.771002178389628,6.59869618066482,9,2,1,0
2024-01-03 10:00:00,6.087576132037662,26.38526933498989,77.69404984114817,0.09510277289975522,3.622280787374248,10,2,1,0
2024-01-03 11:00:00,2.408294259967953,26.746186727825947,74.87656700591673,0.7280525169588963,8.253437928917124,11,2,1,0
2024-01-03 12:00:00,2.1058758718372035,27.357770776172632,78.45786563744646,0.944593194339662,7.121590862211916,12,2,1,0
2024-01-03 13:00:00,7.2773323150092395,29.695570859978815,68.35666057128785,0.0388022852462685,0.9637506067824753,13,2,1,0
2024-01-03 14:00:00,2.67909811844289,31.292565280489075,65.01959571980498,0.6765436803191681,8.904567024912058,14,2,1,0
2024-01-03 15:00:00,4.27925391773831,29.76619976187005,65.97670580043416,0.5282938553938198,3.202326710616327,15,2,1,0
2024-01-03 16:00:00,1.429645385500281,30.462531882597375,69.49070708617454,0.9124607853714433,2.2689740148788173,16,2,1,0
2024-01-03 17:00:00,1.9670824494851018,28.910827360146953,74.2432851572982,0.5410316362416366,2.832972212638065,17,2,1,0
2024-01-03 18:00:00,0.568323268617571,27.183131822236096,73.6933356503101,0.9169980273188293,2.64155627178131,18,2,1,0
2024-01-03 19:00:00,0.8783442270954549,27.149677848185338,80.34725431770357,0.26203815473845793,8.484711719153418,19,2,1,0
2024-01-03 20:00:00,0.0,24.752396453405588,83.89533378730988,0.7064997672196658,8.09985956213154,20,2,1,0
2024-01-03 21:00:00,0.0,23.832557071216897,86.12149616726698,0.6209269559421576,6.188808336002599,21,2,1,0
2024-01-03 22:00:00,0.0,21.37172382624513,91.25794897310351,0.5481391963949367,2.1874298941659642,22,2,1,0
2024-01-03 23:00:00,0.0,21.468220131419645,87.9686478006875,0.14544591397789386,4.739163804128294,23,2,1,0
2024-01-04 00:00:00,0.0,20.627520258498024,93.54449981380593,0.5453523032773914,9.11927193270902,0,3,1,0
2024-01-04 01:00:00,0.0,20.303206252990268,81.70179876250577,0.40506993889680687,4.627464911893421,1,3,1,0
2024-01-04 02:00:00,0.0,20.813050937940087,87.22749719454777,0.8033496441558591,9.855049997502917,2,3,1,0
2024-01-04 03:00:00,0.0,20.196006575965697,87.60282639468338,0.20478900724528148,1.988492284310659,3,3,1,0
2024-01-04 04:00:00,0.0,20.817842902891332,92.12603592588634,0.5104219136208389,7.7301902632183985,4,3,1,0
2024-01-04 05:00:00,0.0,21.261662035797414,80.67648222695321,0.6756188216781824,6.777830260336337,5,3,1,0
2024-01-04 06:00:00,0.28092706126472394,24.094076793497887,78.55593778643603,0.9766162418916681,4.879196686369638,6,3,1,0
2024-01-04 07:00:00,2.201530284055684,25.457166164578915,74.43243222819765,0.13933471480150827,6.777279720235714,7,3,1,0
2024-01-04 08:00:00,1.3072631298321267,24.97563163927736,90.02468402458473,0.9397263915699499,6.646816986681829,8,3,1,0
2024-01-04 09:00:00,2.289237590832931,26.786117108295485,76.65272995907848,0.6252794515681422,7.178305023522247,9,3,1,0
2024-01-04 10:00:00,4.235841509441194,26.582433158089774,80.31175519562282,0.42188641854463405,2.995532624494669,10,3,1,0
2024-01-04 11:00:00,5.452932439787325,28.279777336669138,72.56751995814402,0.3629007117981783,7.6699282496208525,11,3,1,0
2024-01-04 12:00:00,4.281204293204301,27.344996826277665,76.16885815208443,0.48398580199550745,3.412504251080816,12,3,1,0
2024-01-04 13:00:00,1.7460664608014165,27.517245617989722,79.3483723426201,0.9701963984805068,0.5632885005309751,13,3,1,0
2024-01-04 14:00:00,3.1142299232266564,29.02555781380884,59.687936192065514,0.5230174985457727,6.319947775665363,14,3,1,0
2024-01-04 15:00:00,3.8366788528513975,28.977622971819716,74.83605932869654,0.3862449427545298,0.23331395408326405,15,3,1,0
2024-01-04 16:00:00,1.2549629400427753,28.207672382839366,70.92422733944784,0.9750356882607135,3.2360039945417984,16,3,1,0
2024-01-04 17:00:00,0.9710158846406841,27.512279039650732,72.80093949666539,0.8832651056425637,4.743533943813528,17,3,1,0
2024-01-04 18:00:00,0.852446699050087,27.74834462278958,66.1284637083165,0.9046930771762132,5.20259348865558,18,3,1,0
2024-01-04 19:00:00,0.729401369109175,27.746608674461918,81.50889878978913,0.44700430276543457,5.570929243681169,19,3,1,0
2024-01-04 20:00:00,0.0,26.397941469398923,79.23438295492443,0.1317859466455451,2.201800974785113,20,3,1,0
2024-01-04 21:00:00,0.0,24.488717700291808,80.88457440345745,0.60383261897657,2.550142154038814,21,3,1,0
2024-01-04 22:00:00,0.0,22.10401734640747,86.07669297519837,0.27593969256681794,1.2006660090615318,22,3,1,0
2024-01-04 23:00:00,0.0,20.018722777173963,86.53484961613522,0.2064421718497591,1.3618514450269958,23,3,1,0
2024-01-05 00:00:00,0.0,20.810503276968518,89.00324815907777,0.48728101049971495,0.43999126827920065,0,4,1,0
2024-01-05 01:00:00,0.0,19.644941840746263,95.0,0.8932756120749595,6.754443802671551,1,4,1,0
2024-01-05 02:00:00,0.0,20.80739786505509,82.78177133063485,0.1461238160152143,8.25039456823648,2,4,1,0
2024-01-05 03:00:00,0.0,18.887406365057956,95.0,0.842704121411856,3.042848768184169,3,4,1,0
2024-01-05 04:00:00,0.0,21.172977234480108,87.14477501221587,0.2355124290841656,6.3294609870711325,4,4,1,0
2024-01-05 05:00:00,0.0,21.43462776590857,82.45080230238021,0.9330025471345887,6.817650471079642,5,4,1,0
2024-01-05 06:00:00,0.5435846092357428,22.813169329526477,73.02133510137965,0.39858341294042954,3.1981925314957005,6,4,1,0
2024-01-05 07:00:00,1.1945416418392807,25.130385345651906,79.62678146667427,0.7312835887695821,8.159479093358966,7,4,1,0
2024-01-05 08:00:00,1.2898075699682563,24.888240531020145,81.79112051521372,0.7378607360252634,0.5702035023989516,8,4,1,0
2024-01-05 09:00:00,4.347250703904036,27.263459509055455,73.86561038116902,0.09726202186924693,6.021734969837801,9,4,1,0
2024-01-05 10:00:00,2.2581634326921893,27.759886665208573,79.76550323799522,0.8510380287803019,7.4348295504824025,10,4,1,0
2024-01-05 11:00:00,5.099486928629686,27.91580257204179,68.92741467996584,0.2703578853848214,4.143360437673129,11,4,1,0
2024-01-05 12:00:00,5.9371724391433105,30.738231953028407,69.30538221136646,0.565184482829941,2.5262827987490386,12,4,1,0
2024-01-05 13:00:00,6.641258764722367,28.094654804809917,77.0014429459502,0.1188512245047969,8.890114875810921,13,4,1,0
2024-01-05 14:00:00,2.541191484750678,29.650587470742302,65.32273814098755,0.5610310737277728,8.409626363930954,14,4,1,0
2024-01-05 15:00:00,2.253323986216213,28.586598390427014,76.21636271983172,0.7405016955440582,8.579592599656738,15,4,1,0
2024-01-05 16:00:00,2.356004600865903,30.94929761623104,63.69106042822957,0.5909314797489233,4.409252557861158,16,4,1,0
2024-01-05 17:00:00,1.692607328844098,29.01340570356579,74.51745634394636,0.4917630218787957,7.843775958117015,17,4,1,0
2024-01-05 18:00:00,0.7439851099097384,28.08585890186447,76.81061973801032,0.7096748437869702,2.1732500485202277,18,4,1,0
2024-01-05 19:00:00,0.8816579423266594,27.29448741004738,74.1785146162927,0.34217527434205264,5.607315763420627,19,4,1,0
2024-01-05 20:00:00,0.0,25.656192887757495,87.29977065951549,0.08342439296645221,7.1626871475490725,20,4,1,0
2024-01-05 21:00:00,0.0,23.662596044936368,74.92907260325796,0.14025824187804903,8.016144085433849,21,4,1,0
2024-01-05 22:00:00,0.0,23.34249367177147,89.8748077526942,0.5012107578973429,6.806670533395368,22,4,1,0
2024-01-05 23:00:00,0.0,20.74849840352495,92.18911751420123,0.8975124133533824,5.13081715499578,23,4,1,0
2024-01-06 00:00:00,0.0,20.032948256571515,95.0,0.134306446111512,9.429885993083937,0,5,1,1
2024-01-06 01:00:00,0.0,20.270597360605265,89.50386080492083,0.03731480798636999,6.146220028869186,1,5,1,1
2024-01-06 02:00:00,0.0,21.28130765049813,94.02618728535975,0.8685177943339367,4.975894543849452,2,5,1,1
2024-01-06 03:00:00,0.0,19.4810490971467,84.19943953207373,0.2954311537654538,9.466072628047549,3,5,1,1
2024-01-06 04:00:00,0.0,19.256096494290627,95.0,0.7548429210070422,1.5103383667102988,4,5,1,1
2024-01-06 05:00:00,0.0,20.904507126140157,95.0,0.26767385538639343,9.825607177091584,5,5,1,1
2024-01-06 06:00:00,0.9939572464823149,21.236904159295797,78.35939135043449,0.010692276974400672,7.307824584754377,6,5,1,1
2024-01-06 07:00:00,1.2393119090450204,22.859649202867644,80.34430005603595,0.4509853944125817,1.2222025901936062,7,5,1,1
2024-01-06 08:00:00,2.1498945765318753,23.882204673111403,81.12280004905135,0.6479365286391787,1.8324650376456475,8,5,1,1
2024-01-06 09:00:00,2.0056052919173726,25.19892485581956,75.32618827383178,0.5264615820694343,9.417637241007355,9,5,1,1
2024-01-06 10:00:00,2.4066055780016105,27.046332165909565,76.75153070505817,0.7264005600017818,8.382745299443993,10,5,1,1
2024-01-06 11:00:00,6.263308132250159,29.218009714889426,80.18930137061145,0.14199736119014816,4.682747749983963,11,5,1,1
2024-01-06 12:00:00,4.545169409751284,29.953287577060397,73.48958139362591,0.14283452626040638,1.4381529370646484,12,5,1,1
2024-01-06 13:00:00,2.8104194014224575,30.594701143755916,75.59833596199302,0.8536273359084355,7.877823887297483,13,5,1,1
2024-01-06 14:00:00,3.6560549266693476,30.32808600448954,60.21166816518342,0.6966519146912108,5.744236383764222,14,5,1,1
2024-01-06 15:00:00,5.933937892044157,28.82672140930215,69.18515163912028,0.14741158818850297,5.5180436543162505,15,5,1,1
2024-01-06 16:00:00,4.303351317102569,28.484606835203333,73.26091446025994,0.20555261071713948,7.108105840365816,16,5,1,1
2024-01-06 17:00:00,2.143982346188445,28.301746280565265,70.75942123159096,0.6013842345414873,1.7373990933632133,17,5,1,1
2024-01-06 18:00:00,1.9648624464320865,26.09463913485826,81.7869969114477,0.08268021288989169,0.5619507692787062,18,5,1,1
2024-01-06 19:00:00,0.8275628697856448,25.251684941324193,78.57054511528676,0.07504684989071408,7.484974545590858,19,5,1,1
2024-01-06 20:00:00,0.0,24.832349444220885,92.31504691192649,0.16498877131471057,4.17736704110729,20,5,1,1
2024-01-06 21:00:00,0.0,25.370397465666173,78.5987734992504,0.5954633674501598,9.300875752933326,21,5,1,1
2024-01-06 22:00:00,0.0,22.56390134128654,89.23264893667093,0.6692160356731756,4.9983078743262235,22,5,1,1
2024-01-06 23:00:00,0.0,20.119147140127808,94.44045982446761,0.04120908267902723,0.6713994894054021,23,5,1,1
2024-01-07 00:00:00,0.0,21.425449291806043,81.97525642714356,0.09584829549001228,3.0174360486570553,0,6,1,1
2024-01-07 01:00:00,0.0,19.617166229313906,91.01261083514518,0.21346762765949823,9.542130418930576,1,6,1,1
2024-01-07 02:00:00,0.0,20.33364416805606,86.88933135123989,0.06931768453076881,3.224874490897097,2,6,1,1
2024-01-07 03:00:00,0.0,19.842622696604128,95.0,0.9898574657999599,6.201444505031217,3,6,1,1
2024-01-07 04:00:00,0.0,22.941598424396467,88.0360545888401,0.052540454617318044,6.8494309721878075,4,6,1,1
2024-01-07 05:00:00,0.0,22.171046082258712,76.69782234677987,0.5485691304876692,0.8590297634731692,5,6,1,1
2024-01-07 06:00:00,0.47265897560742437,22.78505697919424,81.99735846410447,0.4999057489891111,6.802357204905652,6,6,1,1
2024-01-07 07:00:00,2.1059794022774034,23.135413156703024,84.67757719980187,0.07755745375939027,9.027691139576714,7,6,1,1
2024-01-07 08:00:00,1.1168855643087467,24.207371798399965,86.45344432917979,0.8600844826843957,7.48336876060147,8,6,1,1
2024-01-07 09:00:00,1.5171446584515085,25.198194617599846,80.52972143916892,0.8244217977730527,1.078597187323096,9,6,1,1
2024-01-07 10:00:00,3.515428108383554,27.989696679746594,76.55784690387834,0.5262306479638112,7.204847772374141,10,6,1,1
2024-01-07 11:00:00,5.25708368907864,27.940504418264517,74.26467960978037,0.37732378135343636,9.146533191295296,11,6,1,1
2024-01-07 12:00:00,6.306674293448699,28.052581159239633,69.2050014215139,0.3432155495648457,6.748575396598451,12,6,1,1
2024-01-07 13:00:00,6.1331124988393055,29.637630357948236,68.25884030822677,0.4747816403956143,1.1466404994685953,13,6,1,1
2024-01-07 14:00:00,5.998046157875359,30.291400412249324,69.80490318793223,0.24573570802017752,8.157861519342832,14,6,1,1
2024-01-07 15:00:00,4.205472028546985,29.636086996862858,67.83815149047102,0.6554894809123094,2.1858278107363818,15,6,1,1
2024-01-07 16:00:00,4.043065100309408,29.612771424175225,72.0119486857169,0.11138066240750788,5.427769613238866,16,6,1,1
2024-01-07 17:00:00,2.260741863589387,26.717008694926314,81.6144729379638,0.3372089268490789,6.104310542579626,17,6,1,1
2024-01-07 18:00:00,1.138799081051167,26.755301226007628,76.06231485202287,0.5895496166125366,1.2989965029243167,18,6,1,1
2024-01-07 19:00:00,0.6614830759498861,26.589669266936202,69.1825950449127,0.2608970520798859,5.08191126184874,19,6,1,1
2024-01-07 20:00:00,0.0,25.983867045976357,73.31141958875506,0.6278065205786866,9.253704477901026,20,6,1,1
2024-01-07 21:00:00,0.0,23.645410220833146,83.85472569679474,0.776112591568184,5.178774881510191,21,6,1,1
2024-01-07 22:00:00,0.0,22.487420072668762,82.10300442485747,0.26574293095531165,9.227507762697263,22,6,1,1
2024-01-07 23:00:00,0.0,21.446959449097434,84.62133147149267,0.657295455257668,3.0833907050797995,23,6,1,1
2024-01-08 00:00:00,0.0,21.08465012404656,84.38259954335066,0.10434507785014879,1.5078231210486015,0,0,1,0
2024-01-08 01:00:00,0.0,21.133495026793454,88.085360509617,0.8616295787963437,9.91480728944034,1,0,1,0
2024-01-08 02:00:00,0.0,20.346662191061984,87.68646757797669,0.8160416209315379,2.380384669490275,2,0,1,0
2024-01-08 03:00:00,0.0,20.55421824020315,88.00347619055573,0.6090183834170948,7.562159851175188,3,0,1,0
2024-01-08 04:00:00,0.0,21.073935827014324,94.56421813892209,0.5470211630751382,3.332824630575698,4,0,1,0
2024-01-08 05:00:00,0.0,21.51575100992165,91.03265644810074,0.8353094038026055,9.490887354906926,5,0,1,0
2024-01-08 06:00:00,0.8141072385903665,22.005347827881344,85.74067870048043,0.08849301540886645,9.572295637659481,6,0,1,0
2024-01-08 07:00:00,1.1742127156648692,23.954749291049936,95.0,0.6002022514089552,9.453756664295657,7,0,1,0
2024-01-08 08:00:00,2.600769363284521,24.443943777321856,82.08074940027679,0.32688829175811673,7.913479550946505,8,0,1,0
2024-01-08 09:00:00,2.299949591470376,25.641247367820377,70.40302561534723,0.6080653205941455,4.622223279529588,9,0,1,0
2024-01-08 10:00:00,3.5317348391166252,27.548483478479316,77.17328226950859,0.24812434566748598,5.81862624421413,10,0,1,0
2024-01-08 11:00:00,2.026447016653421,27.872105063291137,70.83922886657565,0.9549271851807332,9.8284062626633,11,0,1,0
2024-01-08 12:00:00,2.357825813509903,29.037417208893057,68.716494778339,0.9356953349563709,5.816892365669705,12,0,1,0
2024-01-08 13:00:00,5.996715876772247,29.917226645950564,71.81383527766602,0.25041267977666837,7.43692439124667,13,0,1,0
2024-01-08 14:00:00,1.3754457904729955,32.134923044831666,68.52997325662189,0.9933632815661851,7.563890279434508,14,0,1,0
2024-01-08 15:00:00,5.467591339734095,31.50393436765466,67.05847733662101,0.1902332835825783,9.737701615889817,15,0,1,0
2024-01-08 16:00:00,3.1586353643126754,31.772730423794343,66.94417053520922,0.14278459962238055,3.934631574680517,16,0,1,0
2024-01-08 17:00:00,1.7254396446399616,27.67869539177664,69.08726474558837,0.6716342141735645,3.911147815556839,17,0,1,0
2024-01-08 18:00:00,1.3793535828428718,26.451962767711155,77.81373911421588,0.4326616455002875,2.2999226312399044,18,0,1,0
2024-01-08 19:00:00,0.539730334848653,26.390180801249848,72.28716579889263,0.6514018272487483,7.4586094282306945,19,0,1,0
2024-01-08 20:00:00,0.0,26.21641586079885,82.85493616191522,0.9865837222981606,7.277610540723732,20,0,1,0
2024-01-08 21:00:00,0.0,23.026739768572792,87.92470808189128,0.4424805508255176,6.010137893610107,21,0,1,0
2024-01-08 22:00:00,0.0,23.17325097995216,91.10803719108706,0.14241876966494416,4.017181547889363,22,0,1,0
2024-01-08 23:00:00,0.0,22.360298501266207,77.13930820248476,0.985942145367741,4.428518443820401,23,0,1,0
2024-01-09 00:00:00,0.0,19.789113184594317,91.05640544347503,0.034710550604143076,2.6600661458627153,0,1,1,0
2024-01-09 01:00:00,0.0,19.518954323457486,90.4954242971968,0.9770093814677088,7.735030325497938,1,1,1,0
2024-01-09 02:00:00,0.0,19.06047020348256,95.0,0.41064976867239844,7.341936913757733,2,1,1,0
2024-01-09 03:00:00,0.0,20.058896604340525,90.32764231471022,0.1368832440251999,4.959870097379309,3,1,1,0
2024-01-09 04:00:00,0.0,20.439166844848497,91.58072011895308,0.5218655483416552,4.421585719635852,4,1,1,0
2024-01-09 05:00:00,0.0,23.448306622318817,84.50886451026349,0.7884341940775021,7.445569749153239,5,1,1,0
2024-01-09 06:00:00,0.4921848729015341,21.496323309326957,90.37053557852295,0.6237582746473576,7.497202217883392,6,1,1,0
2024-01-09 07:00:00,0.8616460627436686,25.35519514671733,85.31688886727095,0.7503897835931516,5.309702388083926,7,1,1,0
2024-01-09 08:00:00,2.520275928440735,26.452795258316012,71.69535569152829,0.15118655668285608,7.1761492564597384,8,1,1,0
2024-01-09 09:00:00,2.1272952916904586,27.490879321719845,81.13193505442946,0.5773837893510416,8.872879473974336,9,1,1,0
2024-01-09 10:00:00,2.425683191607642,28.64939111215457,81.66145857358845,0.8935608845136631,9.408394859878719,10,1,1,0
2024-01-09 11:00:00,5.829072873842114,28.579728090374836,75.43549010909061,0.23892534282709754,3.121083411277319,11,1,1,0
2024-01-09 12:00:00,3.257877731020508,29.61612548532905,80.48957911483,0.6749582463491015,5.785069708025347,12,1,1,0
2024-01-09 13:00:00,2.6510428583072647,28.20216478086504,82.07005634384721,0.9588678318175577,6.479147834199006,13,1,1,0
2024-01-09 14:00:00,3.542909328040119,29.183954834022487,69.36155869603617,0.4878681600418411,6.354849761247605,14,1,1,0
2024-01-09 15:00:00,4.1639787851995544,30.80466999474758,76.87688731188702,0.657165253966917,1.7941652120291907,15,1,1,0
2024-01-09 16:00:00,3.834264161567451,28.81855721134966,74.37779973396941,0.2111958317872501,4.8475990085220575,16,1,1,0
2024-01-09 17:00:00,1.3905334485446639,29.908525099429397,71.3857417393818,0.8095149335503203,8.28198029270033,17,1,1,0
2024-01-09 18:00:00,1.0951021294842485,28.3230631455518,78.61629200293794,0.3993022965187586,8.197569907506622,18,1,1,0
2024-01-09 19:00:00,0.6453648803260554,25.290994486474155,78.64251462322261,0.3443640415418351,7.775623767351138,19,1,1,0
2024-01-09 20:00:00,0.0,24.85040141928995,78.24112075131768,0.518017322220785,3.928929911963065,20,1,1,0
2024-01-09 21:00:00,0.0,25.173365816468788,84.69111227457799,0.9419955622137172,1.3026210574469654,21,1,1,0
2024-01-09 22:00:00,0.0,21.89274251609242,86.43074771784602,0.19391861591524284,9.432178534042182,22,1,1,0
2024-01-09 23:00:00,0.0,20.72502339838226,87.93064976563566,0.2886503210356216,5.943841813146214,23,1,1,0
2024-01-10 00:00:00,0.0,22.57815889659201,73.57097120028011,0.25320625201266533,6.05071875585239,0,2,1,0
2024-01-10 01:00:00,0.0,21.218914415403606,81.5231676632855,0.630140017743621,3.1793238466528306,1,2,1,0
2024-01-10 02:00:00,0.0,20.57324527554357,82.3171550591623,0.3567918769915328,3.269140349380688,2,2,1,0
2024-01-10 03:00:00,0.0,20.11117051544792,83.62321437055998,0.9066595385028867,1.175811608077315,3,2,1,0
2024-01-10 04:00:00,0.0,20.95809075446123,82.99838212807482,0.6766626282903153,4.2825701990941685,4,2,1,0
2024-01-10 05:00:00,0.0,20.80355083821138,87.11425528582735,0.44020856934604424,1.7022180714063795,5,2,1,0
2024-01-10 06:00:00,0.5543722817977087,21.365176037084506,79.31515510516094,0.7476844484213556,9.750714604035215,6,2,1,0
2024-01-10 07:00:00,0.7404394609863136,22.625752732271614,88.59833523248912,0.9498506580405921,2.715031562755885,7,2,1,0
2024-01-10 08:00:00,1.1591053542317888,23.638709330140216,82.54203113072093,0.8496665937203944,2.700535574209879,8,2,1,0
2024-01-10 09:00:00,2.451758612648385,26.408824408085444,70.61143558136476,0.593438784188605,6.45888514052006,9,2,1,0
2024-01-10 10:00:00,3.8475216477734944,27.577178685419803,77.15765828516805,0.29782607881490974,2.347415131821119,10,2,1,0
2024-01-10 11:00:00,3.856618978854874,29.54370468033687,73.15374641136218,0.2462511269846802,9.95324932782302,11,2,1,0
2024-01-10 12:00:00,5.3549015050979465,29.43636687240318,80.9899222415213,0.5294729692054517,0.6233478508029033,12,2,1,0
2024-01-10 13:00:00,6.5658256497299465,29.20747598245233,60.308824575128746,0.11590736311032102,3.5475377625035973,13,2,1,0
2024-01-10 14:00:00,4.270946468408081,31.50412643539929,53.3060345847073,0.34363553355933185,8.148109232696306,14,2,1,0
2024-01-10 15:00:00,6.634000094943094,30.144382496404965,67.48901043143889,0.3065577798029412,7.024831674050209,15,2,1,0
2024-01-10 16:00:00,3.23658664699982,28.779945426560733,69.44916303924322,0.15276644694870023,6.748883479741275,16,2,1,0
2024-01-10 17:00:00,2.0400345080305766,28.715528265271466,69.39650538866348,0.5523045610634975,7.976282214142259,17,2,1,0
2024-01-10 18:00:00,1.9846757191334765,26.798282201174086,74.69647179400602,0.2692628115822949,3.824634634883406,18,2,1,0
2024-01-10 19:00:00,0.6387363165461599,27.459537796620232,71.57354350494205,0.3422162508368911,0.5835158896245096,19,2,1,0
2024-01-10 20:00:00,0.0,26.583489837259318,81.53953769211302,0.9638667878265942,0.16469710759495215,20,2,1,0
2024-01-10 21:00:00,0.0,23.602138990020244,79.5605088663717,0.4804458841728789,4.647979517142023,21,2,1,0
2024-01-10 22:00:00,0.0,22.373697107552292,82.34458233224677,0.24995141820533706,2.9313768273734575,22,2,1,0
2024-01-10 23:00:00,0.0,21.72217050400873,82.70408322564434,0.5424964782911892,5.311218219579258,23,2,1,0
2024-01-11 00:00:00,0.0,21.636810569278236,77.99724473922228,0.7915632191971975,5.767850417913449,0,3,1,0
2024-01-11 01:00:00,0.0,18.967200517866793,91.73196143293649,0.5259413725668091,3.022017237701471,1,3,1,0
2024-01-11 02:00:00,0.0,20.15186960201874,90.68941617488244,0.1953279825632087,1.948741663370921,2,3,1,0
2024-01-11 03:00:00,0.0,21.26403089883673,83.0804302717756,0.5728014532750303,8.232611420447718,3,3,1,0
2024-01-11 04:00:00,0.0,20.01933141459243,81.8227415330005,0.8850840073388977,6.74123323665135,4,3,1,0
2024-01-11 05:00:00,0.0,22.99096717108953,85.25282626222689,0.3658096291892208,7.95836279879759,5,3,1,0
2024-01-11 06:00:00,0.611591477619945,21.56296693714134,86.41714801465326,0.40638073761020976,1.2575402263317526,6,3,1,0
2024-01-11 07:00:00,1.5995790523981883,21.93835432022351,84.84123004465114,0.11200464007286881,3.3251632792014663,7,3,1,0
2024-01-11 08:00:00,1.558226563936599,24.54951246271422,94.92142348329631,0.39231115687791507,4.821652555546333,8,3,1,0
2024-01-11 09:00:00,0.9584054458315258,27.644312847353028,68.44725479512921,0.9902710020938487,3.9297190335004695,9,3,1,0
2024-01-11 10:00:00,5.975530854249311,28.801309377035306,72.41952913693089,0.24850798632096383,4.102722959829297,10,3,1,0
2024-01-11 11:00:00,3.7004115689819788,27.475210176718807,79.72103455794881,0.44780355480053236,0.555903464522618,11,3,1,0
2024-01-11 12:00:00,5.858050144692404,30.246355062935415,81.56094041341136,0.6502166861769832,2.0840393909148416,12,3,1,0
2024-01-11 13:00:00,2.512083517787281,30.593485651673365,74.28971857801207,0.8081950137874967,5.987809599256151,13,3,1,0
2024-01-11 14:00:00,6.535552282267272,30.744054785134526,73.68526640483455,0.27452773981229506,0.7073512659092773,14,3,1,0
2024-01-11 15:00:00,2.81619249237363,29.6849725802119,69.69101958913787,0.6590866458467489,6.299708402551417,15,3,1,0
2024-01-11 16:00:00,2.3185477277939923,28.61277742796566,75.1796999133384,0.49545453143664875,6.508646910723257,16,3,1,0
2024-01-11 17:00:00,1.2524509622282658,29.01452129909477,84.51617662302158,0.6828514144042989,2.972724539234286,17,3,1,0
2024-01-11 18:00:00,1.1320146254407992,28.33454264824159,71.77277543524906,0.7257358062907914,8.588794484949409,18,3,1,0
2024-01-11 19:00:00,0.7438931043146472,28.00164002445,84.0266154632844,0.5080848568414287,9.7442744065064,19,3,1,0
2024-01-11 20:00:00,0.0,25.137095485936985,87.88032480662974,0.19364517092121536,6.880144306180114,20,3,1,0
2024-01-11 21:00:00,0.0,22.92782915302015,80.7304910188314,0.33298768879877616,6.043786064010338,21,3,1,0
2024-01-11 22:00:00,0.0,22.407916494097346,84.07397399323274,0.17806713365503124,8.31478622046137,22,3,1,0
2024-01-11 23:00:00,0.0,22.933702873446446,74.93958115490256,0.9531842864924206,1.8384229821594011,23,3,1,0
2024-01-12 00:00:00,0.0,19.85294121331289,87.87991790978987,0.5879599619668516,5.602614026561539,0,4,1,0
2024-01-12 01:00:00,0.0,19.42926500090787,95.0,0.6545040627771646,1.2446050010429066,1,4,1,0
2024-01-12 02:00:00,0.0,19.503336085819964,86.90460144398982,0.6122264165815313,7.93071531456677,2,4,1,0
2024-01-12 03:00:00,0.0,19.580557487981192,86.29338003416213,0.46944880864941596,5.091745848729694,3,4,1,0
2024-01-12 04:00:00,0.0,19.817818426498413,94.00961403649511,0.7473152120421381,7.252870168406863,4,4,1,0
2024-01-12 05:00:00,0.0,20.95716798752958,83.33847106149854,0.4964053908224161,8.731753379990156,5,4,1,0
2024-01-12 06:00:00,0.6449324543162057,21.206623234334977,85.05517480374242,0.5624527021193779,5.221095479874704,6,4,1,0
2024-01-12 07:00:00,1.6813792906680294,22.928619273802333,85.77287291973705,0.2842420855543135,0.18331932117560457,7,4,1,0
2024-01-12 08:00:00,1.4547873061503662,24.978200591520626,79.56720378885211,0.5236245060976821,7.5237815907766015,8,4,1,0
2024-01-12 09:00:00,4.046684139592611,27.825006324017107,72.3464516841943,0.11478016514578959,0.2893036464384635,9,4,1,0
2024-01-12 10:00:00,2.4035169763398563,27.057597930427423,73.33643961294761,0.9336286841882601,8.41355705276122,10,4,1,0
2024-01-12 11:00:00,3.7769150718101767,29.08908745674243,72.09282576906199,0.5867112954495993,2.4074487153364155,11,4,1,0
2024-01-12 12:00:00,8.937308342464336,28.713591821767444,68.89016813957336,0.028717156208480032,9.21762250100948,12,4,1,0
2024-01-12 13:00:00,4.354526420722547,29.95164251261588,67.9757354509094,0.7595464431922753,9.91358984254363,13,4,1,0
2024-01-12 14:00:00,4.072827741494346,30.899753834685846,75.68182038336836,0.5984285345817785,6.702823811445314,14,4,1,0
2024-01-12 15:00:00,4.394366313228299,29.119061602336732,69.60697159415518,0.3455696226645666,9.78916294398273,15,4,1,0
2024-01-12 16:00:00,1.3265699962568223,27.5101597554409,84.17969082553154,0.7583802345725286,5.8775343695292195,16,4,1,0
2024-01-12 17:00:00,1.9834276381586666,28.775811265746984,66.75200430684056,0.2252803122042224,6.960850458361149,17,4,1,0
2024-01-12 18:00:00,1.6634917664179962,27.81687880716444,70.44071563555138,0.3612766946493079,7.324954125781801,18,4,1,0
2024-01-12 19:00:00,0.4218854445805894,26.157410718286915,71.89715759324056,0.7540247744588562,2.5063586896976586,19,4,1,0
2024-01-12 20:00:00,0.0,25.418099355513004,78.65583413665308,0.08238800074394226,0.04410261027751328,20,4,1,0
2024-01-12 21:00:00,0.0,21.680867357948404,81.31506122623398,0.45167338013732516,7.420968974450481,21,4,1,0
2024-01-12 22:00:00,0.0,21.34565780125511,89.1612294913617,0.8306519363753037,0.44439201591892963,22,4,1,0
2024-01-12 23:00:00,0.0,21.70596905770742,85.86673965533952,0.34495800575452995,6.938123894550705,23,4,1,0
2024-01-13 00:00:00,0.0,19.905860761280838,88.27810767867672,0.7860591413292676,1.5824773222668675,0,5,1,1
2024-01-13 01:00:00,0.0,18.89372236896895,91.072223247042,0.3954963186023681,6.2946637693025576,1,5,1,1
2024-01-13 02:00:00,0.0,19.718432186318044,92.31498343182491,0.41576643476776476,0.8910672601845937,2,5,1,1
2024-01-13 03:00:00,0.0,20.952547505034087,88.96906151886458,0.23695676872132776,1.9141115960572697,3,5,1,1
2024-01-13 04:00:00,0.0,20.192968493551813,95.0,0.6478966258222444,8.948201996294577,4,5,1,1
2024-01-13 05:00:00,0.0,20.60232606561834,94.0607719216426,0.8584405167896126,7.278284362079751,5,5,1,1
2024-01-13 06:00:00,0.8886043051578448,24.276092822470893,86.79011690086224,0.23891359422149394,4.540489936777262,6,5,1,1
2024-01-13 07:00:00,1.2608627704842361,24.22566180341668,79.5117674302627,0.6719220696138455,5.949476780217835,7,5,1,1
2024-01-13 08:00:00,3.245672767906202,24.407714063409635,87.90136776718566,0.030667865561623597,1.8362240265267138,8,5,1,1
2024-01-13 09:00:00,4.12713214571115,26.439252872398793,75.31830168749477,0.1959507267261862,2.940680763761284,9,5,1,1
2024-01-13 10:00:00,4.9809126424782635,26.008468405758858,84.65599765267189,0.17673680778711642,7.368570692512232,10,5,1,1
2024-01-13 11:00:00,5.45116953428766,28.367272416805974,66.421436721759,0.14350680529731197,0.30178808007144897,11,5,1,1
2024-01-13 12:00:00,6.549776263451766,29.421972670655535,79.58738142086185,0.2701008060949155,1.9842500201945845,12,5,1,1
2024-01-13 13:00:00,3.91257218363081,30.227943034021596,81.17659983865086,0.6653927959510563,2.672304230011089,13,5,1,1
2024-01-13 14:00:00,2.9558000286452284,29.229467974267603,67.64292079097828,0.44992593960773,0.7470274739426963,14,5,1,1
2024-01-13 15:00:00,2.6654296687726204,30.71770002302893,70.18706826029681,0.7624416937303644,5.5293480630222795,15,5,1,1
2024-01-13 16:00:00,1.0327404078765317,27.90218784623256,70.56347296992409,0.9787180238233703,9.479767346304818,16,5,1,1
2024-01-13 17:00:00,0.9887722368515685,30.179996217284707,67.34499805290852,0.8913265598572592,8.544454051077018,17,5,1,1
2024-01-13 18:00:00,1.245506958841911,26.138787475266575,83.84690214724962,0.36143729733386987,5.879347399121627,18,5,1,1
2024-01-13 19:00:00,0.9369278246845079,26.771710234681393,74.32293559486604,0.37009705650096525,3.733383192532762,19,5,1,1
2024-01-13 20:00:00,0.0,24.289314412767816,84.2851118144835,0.267415307845957,7.918259779247351,20,5,1,1
2024-01-13 21:00:00,0.0,24.449233164566518,83.93094890664347,0.2103996988891299,8.850750838860574,21,5,1,1
2024-01-13 22:00:00,0.0,22.343855344227794,81.57293334356979,0.7418723562533796,4.63481129491167,22,5,1,1
2024-01-13 23:00:00,0.0,22.10895811147892,85.48417077887159,0.6156509659788936,1.8566254582224895,23,5,1,1
2024-01-14 00:00:00,0.0,21.797368172146573,84.11483599334215,0.4073522255382629,3.7018232501405226,0,6,1,1
2024-01-14 01:00:00,0.0,19.687539119630205,90.92779301974299,0.5461061585758871,7.276305183050404,1,6,1,1
2024-01-14 02:00:00,0.0,20.36138310686608,91.1696239945288,0.863403453924105,0.16699873745239402,2,6,1,1
2024-01-14 03:00:00,0.0,19.83523294480772,90.77728649940704,0.03953814754503926,8.021730833522023,3,6,1,1
2024-01-14 04:00:00,0.0,19.306549535394343,88.29032243670329,0.05002900811195288,1.0955914793515598,4,6,1,1
2024-01-14 05:00:00,0.0,21.06773689866919,87.21267522987372,0.7125633199476441,2.5103775273092754,5,6,1,1
2024-01-14 06:00:00,0.8072811621379762,22.476908783063276,87.57160053158431,0.13222780451042704,0.6058818159819312,6,6,1,1
2024-01-14 07:00:00,1.9680386155567324,23.224559110847306,86.97071097857311,0.19232928623072465,5.243679467490984,7,6,1,1
2024-01-14 08:00:00,1.9891325929767905,24.001286707936096,85.26004038097008,0.6454337028234692,9.974239488712023,8,6,1,1
2024-01-14 09:00:00,1.8071432490053019,29.5193664451653,64.71832742456253,0.8186587307057381,9.446067567671633,9,6,1,1
2024-01-14 10:00:00,3.1722802595180912,26.97741427227778,71.78556949461995,0.7665667173670433,7.87199918447023,10,6,1,1
2024-01-14 11:00:00,3.6218568947209966,27.453857784902727,79.20092211052176,0.39109023294501666,5.7439314402092005,11,6,1,1
2024-01-14 12:00:00,4.9092035436223425,30.601236718165726,58.127884652348605,0.4296239854884465,1.6777663910451368,12,6,1,1
2024-01-14 13:00:00,3.754321264274203,31.32686237442566,71.73660999940117,0.6268180409699342,7.3732295186615096,13,6,1,1
2024-01-14 14:00:00,2.6630438834405403,31.53448480421379,64.38537779621957,0.9600921264836042,2.6200325039794157,14,6,1,1
2024-01-14 15:00:00,4.597482889940739,30.1677728106572,65.98198034190072,0.42515290278737317,8.32327774106199,15,6,1,1
2024-01-14 16:00:00,3.2984407988713094,30.174027504654333,73.70394859929286,0.11579486723174692,5.304340878319183,16,6,1,1
2024-01-14 17:00:00,2.3732931996239244,28.274693153478626,77.56079330837342,0.5637033983322361,5.942907705523445,17,6,1,1
2024-01-14 18:00:00,1.9955857310717797,27.17159316601776,76.88705653540512,0.15593369571791393,4.065393345444685,18,6,1,1
2024-01-14 19:00:00,0.5406639706332499,24.06103925152363,95.0,0.76152225424791,0.26818745851671877,19,6,1,1
2024-01-14 20:00:00,0.0,22.867295922343366,86.15273233450719,0.3997818603233857,1.692327679212633,20,6,1,1
2024-01-14 21:00:00,0.0,23.676900976364504,83.25155318859261,0.10457319038715651,0.8885482074333595,21,6,1,1
2024-01-14 22:00:00,0.0,22.105187236743106,83.6532650680159,0.2765530078861641,9.355502272165278,22,6,1,1
2024-01-14 23:00:00,0.0,21.454197740447864,92.09357842664541,0.24265996138441448,3.2475208926773416,23,6,1,1
2024-01-15 00:00:00,0.0,19.778011598361303,85.1454915934346,0.6281600744996415,8.407292822611316,0,0,1,0
2024-01-15 01:00:00,0.0,19.511551883839203,93.4135332145232,0.475070731354981,5.9489458097724786,1,0,1,0
2024-01-15 02:00:00,0.0,19.59114135736803,89.97594687141954,0.7734765711997614,4.626606358099332,2,0,1,0
2024-01-15 03:00:00,0.0,20.84179027946419,95.0,0.12693897466053194,8.937440025988089,3,0,1,0
2024-01-15 04:00:00,0.0,20.54857975261096,86.15608389238498,0.3823379891597216,7.117214124467194,4,0,1,0
2024-01-15 05:00:00,0.0,21.521609901731686,90.97144961430003,0.8344880403248982,4.461576071601425,5,0,1,0
2024-01-15 06:00:00,0.5756324662741807,21.18051498583184,93.84454738329029,0.7221356420404681,3.333070616045948,6,0,1,0
2024-01-15 07:00:00,0.7745131683603307,23.898473978914655,85.82804674796702,0.826266508125946,7.942073989384464,7,0,1,0
2024-01-15 08:00:00,1.105449168526509,25.341985196514898,82.20033643065781,0.824728797137812,4.2351758675572615,8,0,1,0
2024-01-15 09:00:00,2.7105854379875614,25.06481884097407,79.3946873399909,0.5670292547208023,4.059792629975178,9,0,1,0
2024-01-15 10:00:00,4.945530681681192,28.687589502394093,74.84191528471945,0.41091975949868487,6.673391232696192,10,0,1,0
2024-01-15 11:00:00,3.231525757983731,27.66522235117532,74.35368619708997,0.3728793525013224,6.631871147638487,11,0,1,0
2024-01-15 12:00:00,4.108741027164526,28.500862810632274,72.26351395237978,0.8224447959311727,5.49056550443654,12,0,1,0
2024-01-15 13:00:00,7.421006208000472,29.861266378968388,76.77861406024887,0.020218200248970364,0.5629516722871153,13,0,1,0
2024-01-15 14:00:00,3.642164234208625,30.747275172064985,75.34558030672623,0.11164281572783952,2.228544424328512,14,0,1,0
2024-01-15 15:00:00,6.899268225474872,31.512492365071644,65.95158929533562,0.029573527273313638,3.2096860518531836,15,0,1,0
2024-01-15 16:00:00,2.6501050851150194,28.8482379085786,66.28629357682603,0.19871945056729956,5.052233828699872,16,0,1,0
2024-01-15 17:00:00,1.3131757946976763,27.241755734401494,73.00934847114996,0.8092184197645269,7.318384792215927,17,0,1,0
2024-01-15 18:00:00,1.0341457980111042,25.915939162619225,76.29846388326739,0.6455649411558633,0.35953105496703497,18,0,1,0
2024-01-15 19:00:00,0.6760990547048403,26.11376157655275,80.23487255887832,0.2496840084370412,5.80252686461335,19,0,1,0
2024-01-15 20:00:00,0.0,25.720240165098158,79.62957496798246,0.25961268888432365,7.650944623570278,20,0,1,0
2024-01-15 21:00:00,0.0,23.032715667367327,88.04757100902815,0.40820632958676906,4.97506913965942,21,0,1,0
2024-01-15 22:00:00,0.0,22.180292123948657,86.62614232339348,0.2779191345021004,9.17563605485873,22,0,1,0
2024-01-15 23:00:00,0.0,19.577947703282668,95.0,0.17355565929081695,3.296604868180423,23,0,1,0
2024-01-16 00:00:00,0.0,21.594003542896303,83.26799885175303,0.9890978592759522,7.852699196415341,0,1,1,0
2024-01-16 01:00:00,0.0,20.642999591340853,85.8269869584365,0.7354300238409027,3.1242056870014743,1,1,1,0
2024-01-16 02:00:00,0.0,20.78875190511544,83.51390268374125,0.7248507397589228,1.511548733665753,2,1,1,0
2024-01-16 03:00:00,0.0,19.40370262444395,86.63013174178248,0.5440584272426926,1.1935419377673817,3,1,1,0
2024-01-16 04:00:00,0.0,18.29494531802477,95.0,0.6555658004781892,6.602372032131088,4,1,1,0
2024-01-16 05:00:00,0.0,22.21607809311143,92.51211008457611,0.8301177752789746,2.466545617967697,5,1,1,0
2024-01-16 06:00:00,0.9067089134820119,24.339649157501942,76.46721013369832,0.0429409939558234,9.986468588691439,6,1,1,0
2024-01-16 07:00:00,1.5277992402098994,22.882991864356672,83.58922646579822,0.39694669924899284,4.568415164492051,7,1,1,0
2024-01-16 08:00:00,1.9759773788188963,25.938260120231032,80.55823527230612,0.23558196505557483,9.293534142630188,8,1,1,0
2024-01-16 09:00:00,3.654330441591475,25.303592753060773,79.4089139157325,0.21568300067544754,7.895679464577451,9,1,1,0
2024-01-16 10:00:00,4.28648536373476,27.45529664040334,65.95823068156422,0.35154310618092055,5.430499225833209,10,1,1,0
2024-01-16 11:00:00,6.977892072629611,29.239891289448163,73.08254183236099,0.03605456649569083,3.644114840694541,11,1,1,0
2024-01-16 12:00:00,7.147561590556329,27.49795259216125,82.857856100275,0.31216024090130556,6.865394744011874,12,1,1,0
2024-01-16 13:00:00,4.50480794624019,31.147853877251137,71.78138267119341,0.353681368357725,6.07636905693207,13,1,1,0
2024-01-16 14:00:00,5.955289074590445,29.831927301125027,76.94034647299445,0.19037352713646993,8.535932866300449,14,1,1,0
2024-01-16 15:00:00,4.5860358814421405,29.713411442564233,70.71935739601795,0.2923466960313351,1.5997926567650422,15,1,1,0
2024-01-16 16:00:00,3.2234872105802856,29.99649377683948,72.91339931264035,0.42631195843756564,2.8349707528518966,16,1,1,0
2024-01-16 17:00:00,1.430795791826885,28.50613458810669,67.43638731479624,0.8186703233723026,8.763325028673378,17,1,1,0
2024-01-16 18:00:00,1.5465879795438813,27.13948777957516,77.6795017909039,0.09366570652274886,2.8944642030592425,18,1,1,0
2024-01-16 19:00:00,0.6296769199164872,25.748170811061307,82.01507816451168,0.6222580415430341,7.695949517660907,19,1,1,0
2024-01-16 20:00:00,0.0,24.383653052721293,77.26477649337669,0.37948183595297713,9.371816175256505,20,1,1,0
2024-01-16 21:00:00,0.0,24.920824400358985,81.10108069522622,0.10675446774730846,1.1390990393587874,21,1,1,0
2024-01-16 22:00:00,0.0,21.84733271625137,86.71933775759187,0.715262227306574,9.53858060247121,22,1,1,0
2024-01-16 23:00:00,0.0,21.643680864327845,82.33105714539208,0.06399270911259625,0.40934242753641326,23,1,1,0
2024-01-17 00:00:00,0.0,19.76920048323425,85.98060096266613,0.7148778403700947,1.2677142502743832,0,2,1,0
2024-01-17 01:00:00,0.0,21.441887576288398,91.9451613785672,0.3407014495287386,2.2873477649939167,1,2,1,0
2024-01-17 02:00:00,0.0,19.43044117936572,88.5176250178369,0.499579897936849,1.7799204754781184,2,2,1,0
2024-01-17 03:00:00,0.0,20.16431103816444,91.70274622965889,0.44733752576121466,1.0521396153939166,3,2,1,0
2024-01-17 04:00:00,0.0,20.0261134631664,95.0,0.3471627761213837,7.795545440008444,4,2,1,0
2024-01-17 05:00:00,0.0,20.833902076520204,90.80723301445245,0.39635236120095196,1.1690256388607811,5,2,1,0
2024-01-17 06:00:00,0.5603712806822126,20.623259248911474,84.6689214062961,0.7735732160552075,3.1683982943616265,6,2,1,0
2024-01-17 07:00:00,0.9597145784530717,22.89806769628778,81.54654330869079,0.8037822909649783,6.20384577075691,7,2,1,0
2024-01-17 08:00:00,1.6376623890762252,27.181971518236075,78.31000685984783,0.7569480363520777,7.287321153896,8,2,1,0
2024-01-17 09:00:00,4.821615111432908,25.439631285584234,78.78540332398651,0.07114377191252264,3.0730517716811754,9,2,1,0
2024-01-17 10:00:00,3.8602100508561508,28.947614124771018,67.25107321759975,0.7654886984670048,2.3501868603861764,10,2,1,0
2024-01-17 11:00:00,1.72321234592967,27.425900183202327,78.22269936319414,0.875860895878271,0.5094027739249807,11,2,1,0
2024-01-17 12:00:00,4.606378582341251,30.720516521788277,65.80942792270616,0.4621360666606722,7.176806148724385,12,2,1,0
2024-01-17 13:00:00,6.27682069084328,29.86452630599287,66.72239280216968,0.33146906128595943,9.56933073703227,13,2,1,0
2024-01-17 14:00:00,3.4892835566760194,30.845765573822565,65.0247166243659,0.622339664104242,5.382737126395128,14,2,1,0
2024-01-17 15:00:00,3.9076116672683465,29.473928949402435,74.13970173289846,0.5986828002732425,5.70000851573313,15,2,1,0
2024-01-17 16:00:00,3.0139371399539407,29.628297610222745,68.18450637102315,0.000979141755389823,0.01175097829029248,16,2,1,0
2024-01-17 17:00:00,1.621846609082573,27.395299953559924,78.61290564529838,0.49942479874824375,2.0611840791357814,17,2,1,0
2024-01-17 18:00:00,1.3007681893679106,27.64714932454909,68.10557722207994,0.6257753390423364,6.365894238299459,18,2,1,0
2024-01-17 19:00:00,0.3637334109284627,26.897863958183887,78.09265455854313,0.7424905293844893,0.09105914813517968,19,2,1,0
2024-01-17 20:00:00,0.0,23.415708248826338,82.59627980273343,0.7895149232347589,4.75375448285623,20,2,1,0
2024-01-17 21:00:00,0.0,20.666565483361694,90.54075392354399,0.9082198657758498,7.06648407418875,21,2,1,0
2024-01-17 22:00:00,0.0,21.839612114147865,78.69881088565266,0.600282339759682,7.9504425719575735,22,2,1,0
2024-01-17 23:00:00,0.0,23.567429315830744,81.5940770131994,0.866881371528534,9.41409644878304,23,2,1,0
2024-01-18 00:00:00,0.0,20.943402639433454,92.14128635647594,0.020894992915276633,4.079545876411419,0,3,1,0
2024-01-18 01:00:00,0.0,18.942293431642838,87.11455963646146,0.17685038688823407,2.4120057117673612,1,3,1,0
2024-01-18 02:00:00,0.0,19.211036194095023,83.43191402845373,0.4642243111743991,2.0060851634743013,2,3,1,0
2024-01-18 03:00:00,0.0,20.865149356988177,93.99398311893684,0.04818965211717696,6.4269638208161775,3,3,1,0
2024-01-18 04:00:00,0.0,19.927310843985545,83.54325009532228,0.6143494432373724,1.9285636922087823,4,3,1,0
2024-01-18 05:00:00,0.0,22.155460773385258,92.57622567388304,0.3782139811731855,3.2770267032606726,5,3,1,0
2024-01-18 06:00:00,0.5155933439492487,23.1829032305025,80.90867889796708,0.5539867556584241,2.6353934299393424,6,3,1,0
2024-01-18 07:00:00,2.1585608129813956,25.716673272949855,73.24743932078738,0.01363254217517984,4.996307797155701,7,3,1,0
2024-01-18 08:00:00,1.3995105211575734,24.592529588133715,77.78480158745921,0.7797025651799279,9.799268191434523,8,3,1,0
2024-01-18 09:00:00,2.778128451850357,27.166570244246603,80.30607832238589,0.15580783923967156,2.195915516149929,9,3,1,0
2024-01-18 10:00:00,6.28458110341727,27.248155451765804,71.16908527689374,0.1329816600995467,2.5233660867268015,10,3,1,0
2024-01-18 11:00:00,5.25868077861993,28.93903410915069,73.00375421553052,0.44133404444257485,8.690250359360878,11,3,1,0
2024-01-18 12:00:00,5.124146691538575,28.956729692685304,59.976194366717934,0.3189689583536285,8.20121210762806,12,3,1,0
2024-01-18 13:00:00,8.895735191860897,29.61364451790847,71.82358377712536,0.007603198676485845,7.105762312892642,13,3,1,0
2024-01-18 14:00:00,5.036770060364388,30.069842078518402,72.80012856786261,0.3817128283057336,1.7347551276278894,14,3,1,0
2024-01-18 15:00:00,3.4053217795204054,30.37643421360484,64.33243737365491,0.5349268551211536,8.752100769947491,15,3,1,0
2024-01-18 16:00:00,1.209717071325066,28.66897624393017,70.70464175815613,0.9943080645889515,0.6078298556043316,16,3,1,0
2024-01-18 17:00:00,2.856622796986751,27.971167365552912,81.52649658589206,0.17918792761620017,0.36878769029792036,17,3,1,0
2024-01-18 18:00:00,1.7231978474483858,29.91770102046864,70.83432374474258,0.3633162583137647,1.7155231099096757,18,3,1,0
2024-01-18 19:00:00,0.9944150224241928,27.782104828203984,73.58671811167568,0.0936497048376913,7.060044503151053,19,3,1,0
2024-01-18 20:00:00,0.0,25.31205833590755,79.60661051929658,0.8393107554175031,0.9668931696669281,20,3,1,0
2024-01-18 21:00:00,0.0,23.068934201596534,85.30840838028173,0.8878705380837286,6.432827680478716,21,3,1,0
2024-01-18 22:00:00,0.0,20.442185850488315,86.11128572748845,0.5133991849630584,2.265287176024593,22,3,1,0
2024-01-18 23:00:00,0.0,21.48839298158418,83.77820696762146,0.04971066405101776,6.227096152385966,23,3,1,0
2024-01-19 00:00:00,0.0,21.512862863691634,89.88288261001655,0.015133394314498338,4.635873561324342,0,4,1,0
2024-01-19 01:00:00,0.0,19.531396632257234,87.05321767052556,0.023881740740190116,3.4986817219577127,1,4,1,0
2024-01-19 02:00:00,0.0,20.851149529183527,90.78516051727904,0.02655839179918995,5.30782237665655,2,4,1,0
2024-01-19 03:00:00,0.0,20.67305353154686,83.17373611597876,0.7813310338781593,1.1098977769549434,3,4,1,0
2024-01-19 04:00:00,0.0,22.646592468471727,84.6257639616677,0.9087129108461202,4.741462034112808,4,4,1,0
2024-01-19 05:00:00,0.0,23.295259572932753,86.98359798839647,0.6294067099549236,3.342233691710681,5,4,1,0
2024-01-19 06:00:00,0.9448253514772957,22.32246857569669,91.76189215051802,0.04095855861902953,4.249878114002073,6,4,1,0
2024-01-19 07:00:00,0.610208430250366,24.03656203321038,84.9942267995815,0.9577427282995256,6.577108206061829,7,4,1,0
2024-01-19 08:00:00,1.6843737990842331,25.94810988562035,72.17419134363688,0.5954977459758553,7.488800726654804,8,4,1,0
2024-01-19 09:00:00,1.7083589888453365,26.845720191627603,71.20293937114683,0.8449955465927527,2.0727425991431847,9,4,1,0
2024-01-19 10:00:00,5.056434670224564,27.508029322447467,72.58241340841406,0.10750552921858769,5.010481550088133,10,4,1,0
2024-01-19 11:00:00,3.7853424695595437,27.56812882420267,62.10220331965142,0.14099827621803385,5.139859267279924,11,4,1,0
2024-01-19 12:00:00,4.990294013495582,29.75479425184129,71.98845178976072,0.3441489886839103,0.25839364544124277,12,4,1,0
2024-01-19 13:00:00,5.6884730516598925,30.638852692523123,67.0363726519977,0.1591629223121962,4.298265186296394,13,4,1,0
2024-01-19 14:00:00,1.9942812001180514,30.810115432985157,64.01865354157346,0.829362241186288,7.063576206296002,14,4,1,0
2024-01-19 15:00:00,6.945662471524298,30.423890592367854,73.61625532637746,0.0004813424141992817,9.00943233780763,15,4,1,0
2024-01-19 16:00:00,2.1460012023245447,30.75088535370239,70.75004762772596,0.8377074121058959,5.12959262129951,16,4,1,0
2024-01-19 17:00:00,2.1826626088633376,28.383344686967607,73.69166602133213,0.30514216777674275,7.678845933620664,17,4,1,0
2024-01-19 18:00:00,0.8476031745224456,27.6802191436378,73.64250158151134,0.7084104987578159,5.303515672586898,18,4,1,0
2024-01-19 19:00:00,0.28489484839200907,24.38690775703389,79.59454478366746,0.911824026866403,3.3065548701953453,19,4,1,0
2024-01-19 20:00:00,0.0,25.265331150866167,88.6003754266353,0.2777249391138512,3.2573059857317546,20,4,1,0
2024-01-19 21:00:00,0.0,23.12049575762943,87.43721105006087,0.3437978456121902,7.759455804058475,21,4,1,0
2024-01-19 22:00:00,0.0,22.52265311133379,81.89171595956687,0.13157582099890608,5.44862012535512,22,4,1,0
2024-01-19 23:00:00,0.0,20.71421425059936,79.723462829697,0.7331238985895259,2.8187680364875667,23,4,1,0
2024-01-20 00:00:00,0.0,22.044190585823507,87.30180139672566,0.4548420151209447,6.50880551482249,0,5,1,1
2024-01-20 01:00:00,0.0,19.00683280358341,95.0,0.7169820816692012,6.830896205741111,1,5,1,1
2024-01-20 02:00:00,0.0,20.12949136650186,91.69762910335561,0.08774779832876389,5.0212183604461345,2,5,1,1
2024-01-20 03:00:00,0.0,19.850108955490324,89.30320925100483,0.2753319002068664,2.834298011607772,3,5,1,1
2024-01-20 04:00:00,0.0,18.87699639772691,88.20374108775627,0.6554101610886246,4.737215839769259,4,5,1,1
2024-01-20 05:00:00,0.0,22.601712682656075,86.83903523415188,0.5671694668866133,1.0327911527994793,5,5,1,1
2024-01-20 06:00:00,0.5950136252911831,22.866008981636064,74.89351451057318,0.5638375406149045,6.505088723112148,6,5,1,1
2024-01-20 07:00:00,0.9573464998317727,23.71474815201464,79.553029622863,0.7498097222563104,4.80891400969157,7,5,1,1
2024-01-20 08:00:00,2.356148167736816,24.84722131957006,84.29629302151939,0.28090781157875866,1.1199792503635497,8,5,1,1
2024-01-20 09:00:00,1.802883843432937,25.032333434118527,76.0462316043386,0.7840563418194778,8.466449127919963,9,5,1,1
2024-01-20 10:00:00,2.406828744469259,27.88364498622836,71.23581038497632,0.6734688264143814,7.645405134608581,10,5,1,1
2024-01-20 11:00:00,4.362244762634094,28.052119274220075,70.00713369076087,0.6288021212884467,9.27069264746002,11,5,1,1
2024-01-20 12:00:00,5.024260348494297,30.339527912896052,64.55732623639184,0.6169656561091716,5.9076807209691005,12,5,1,1
2024-01-20 13:00:00,3.891937429228221,30.003762452325734,61.0734138707027,0.6905550389087025,1.7865666796232882,13,5,1,1
2024-01-20 14:00:00,2.2367343741754158,29.713254885227666,68.95927836100893,0.660595688924982,8.807213798562968,14,5,1,1
2024-01-20 15:00:00,4.978447671252136,31.027150357499572,76.13880953785846,0.43276323113921367,6.318541891068729,15,5,1,1
2024-01-20 16:00:00,3.5113707570810964,27.948139859520342,67.46954595014978,0.18475952801766915,9.830216310503884,16,5,1,1
2024-01-20 17:00:00,1.327654756839174,27.004596322301303,75.90961394748882,0.8219686338788075,5.092181567655302,17,5,1,1
2024-01-20 18:00:00,1.0270274471800203,26.588687057894845,71.89734421492044,0.4611270236517696,1.1624805302364816,18,5,1,1
2024-01-20 19:00:00,0.7054545798276409,26.08327202072331,77.62828969663805,0.4304176516672287,1.3491263750407523,19,5,1,1
2024-01-20 20:00:00,0.0,28.08822762616982,67.04447160958652,0.26342246185341256,3.619487173635072,20,5,1,1
2024-01-20 21:00:00,0.0,21.448396170557793,86.53552243176587,0.9930318146743459,3.5652410090902595,21,5,1,1
2024-01-20 22:00:00,0.0,20.960253363203027,95.0,0.8823299287155,2.529886008458787,22,5,1,1
2024-01-20 23:00:00,0.0,20.347729432364098,86.82873854576587,0.21090596705282216,1.110654825150198,23,5,1,1
2024-01-21 00:00:00,0.0,21.110749431510435,90.84847597677404,0.49077185621792185,4.246258588866411,0,6,1,1
2024-01-21 01:00:00,0.0,19.134162694099324,93.15626457819174,0.6513417914928706,5.788172531318489,1,6,1,1
2024-01-21 02:00:00,0.0,21.638693848540047,90.73864957582073,0.6129795194928466,4.415572946530222,2,6,1,1
2024-01-21 03:00:00,0.0,21.11596915390307,95.0,0.4842009821038672,7.881325447585073,3,6,1,1
2024-01-21 04:00:00,0.0,21.0717590664374,87.93195794905947,0.09716441326485725,5.390180450183828,4,6,1,1
2024-01-21 05:00:00,0.0,20.766562556559567,88.97767698379005,0.14982476941275247,2.3846762110705253,5,6,1,1
2024-01-21 06:00:00,0.4419195385187672,22.131646352495146,90.87039798519982,0.7858396332036798,2.326420151253589,6,6,1,1
2024-01-21 07:00:00,0.9504107491228331,23.21685667105804,76.20406421897897,0.5317747950745866,6.306010075777176,7,6,1,1
2024-01-21 08:00:00,2.329744878252386,24.93740034903791,84.4967572238098,0.08742972650949732,8.57556609658486,8,6,1,1
2024-01-21 09:00:00,1.8741686660593433,25.83366191689651,76.91467350769652,0.7603042813118945,7.94662412355094,9,6,1,1
2024-01-21 10:00:00,1.7117646006129625,29.782364684577207,61.13220871564428,0.9706191614625074,7.200330587061956,10,6,1,1
2024-01-21 11:00:00,4.635565228224844,28.790097683116727,70.59964484703289,0.430066739837481,0.9295529478541076,11,6,1,1
2024-01-21 12:00:00,4.2214032511957,29.112789735331866,77.98509869098747,0.5338624085414526,3.2974069518447457,12,6,1,1
2024-01-21 13:00:00,2.960272632786243,29.954947210761496,67.53965736979474,0.7426007594112193,2.3479724664054547,13,6,1,1
2024-01-21 14:00:00,5.762963531111732,30.62884769759371,73.8981872373529,0.0768492532148567,8.812442513738718,14,6,1,1
2024-01-21 15:00:00,3.0383940172593586,27.74085348657975,69.02267107655089,0.6015027258978133,8.307493806554856,15,6,1,1
2024-01-21 16:00:00,1.8919445142101645,29.450095393328134,71.158376617281,0.7117486113754495,7.148180549816368,16,6,1,1
2024-01-21 17:00:00,2.7910756453282772,28.52617307652867,79.31120165714921,0.3029038698956176,4.582319626043603,17,6,1,1
2024-01-21 18:00:00,0.9760906909496722,27.39538072668332,75.88991916286591,0.76793118082901,3.698364289709297,18,6,1,1
2024-01-21 19:00:00,0.9674261386006138,25.576264583263427,74.5167982920847,0.1025676282303638,4.938352346111444,19,6,1,1
2024-01-21 20:00:00,0.0,25.79307235180645,92.36957370008099,0.637238008453776,0.7375122047286786,20,6,1,1
2024-01-21 21:00:00,0.0,24.702851716430875,84.53502171817087,0.015582117858241151,6.142190947606347,21,6,1,1
2024-01-21 22:00:00,0.0,23.656472512051202,79.25451363182088,0.1782283307221093,1.2445393815031236,22,6,1,1
2024-01-21 23:00:00,0.0,19.854293491397026,93.49032153774286,0.9087069672389716,0.26438566713834377,23,6,1,1
2024-01-22 00:00:00,0.0,20.353083932476352,93.46227996143621,0.10638754139511919,1.9616894979714694,0,0,1,0
2024-01-22 01:00:00,0.0,20.019834075430172,77.47545207116266,0.009774679884827164,4.447658852886747,1,0,1,0
2024-01-22 02:00:00,0.0,20.834125064899062,92.06942100928956,0.7567889655724309,0.31730843445100576,2,0,1,0
2024-01-22 03:00:00,0.0,22.17972780164919,83.70767789917144,0.5631338793920415,3.6726176637023866,3,0,1,0
2024-01-22 04:00:00,0.0,20.83291152174447,86.24567145288557,0.5838263380156627,2.213711469139744,4,0,1,0
2024-01-22 05:00:00,0.0,21.343196815638244,90.41122693510926,0.22396188868153044,7.754371763169811,5,0,1,0
2024-01-22 06:00:00,0.9441006857419678,22.499507025675275,92.53615662392463,0.19125171240483863,3.0798105578287926,6,0,1,0
2024-01-22 07:00:00,2.043143771181376,25.562115078802396,81.63155256023956,0.1279025915575176,0.2891316491696261,7,0,1,0
2024-01-22 08:00:00,1.4188606011714575,25.587371347108476,73.65117937675286,0.6377644885496928,9.899609901967295,8,0,1,0
2024-01-22 09:00:00,2.41412276672873,27.34783751172273,87.49033378704463,0.6014638679222151,9.508046087803585,9,0,1,0
2024-01-22 10:00:00,2.670636942617667,26.859065227308523,87.31884461738096,0.8649665823717024,4.928522442452078,10,0,1,0
2024-01-22 11:00:00,3.9476079184719146,29.239684726423295,67.06485314801887,0.03383972301871718,7.01569768131474,11,0,1,0
2024-01-22 12:00:00,5.545832128561903,29.281703036350816,66.28769189668203,0.5953019115632169,4.017701588107188,12,0,1,0
2024-01-22 13:00:00,2.133845880933423,29.683822968477624,70.685675258447,0.9907873278111982,0.5727171396533925,13,0,1,0
2024-01-22 14:00:00,2.3309758342838895,30.899974301047614,74.13307356347961,0.688949560932728,3.060642266402845,14,0,1,0
2024-01-22 15:00:00,5.542636120587929,29.00809716733201,69.16820674729522,0.3551930697421748,1.8959425336397584,15,0,1,0
2024-01-22 16:00:00,2.9395700613107487,30.213207587807972,73.52630265625825,0.4207327646504009,6.6951504923570155,16,0,1,0
2024-01-22 17:00:00,1.9145443756199407,28.239111442572568,75.74137709452121,0.7079803054272527,5.877704942582168,17,0,1,0
2024-01-22 18:00:00,1.2270975150011352,27.75241623363137,74.35606162718783,0.17261616736910912,1.0683406141875662,18,0,1,0
2024-01-22 19:00:00,0.6239357863359452,26.463764188981155,74.36254110627785,0.6160970227893753,0.8334654934278629,19,0,1,0
2024-01-22 20:00:00,0.0,25.963201793838046,75.1809978934259,0.8904837215568341,8.77548162455673,20,0,1,0
2024-01-22 21:00:00,0.0,23.857077950030497,85.4289923860408,0.45702620352046563,4.592385694031849,21,0,1,0
2024-01-22 22:00:00,0.0,20.800837995569324,84.53789970270763,0.5695645614165606,2.526314123514257,22,0,1,0
2024-01-22 23:00:00,0.0,20.518014984465303,92.9517605784619,0.16632408647543262,1.572225831973646,23,0,1,0
2024-01-23 00:00:00,0.0,21.524658535221626,90.19931649403676,0.2314516104087898,5.2806225968540055,0,1,1,0
2024-01-23 01:00:00,0.0,17.724602781722652,90.14185485960898,0.6436856992784413,8.727724286510751,1,1,1,0
2024-01-23 02:00:00,0.0,21.30602806174886,89.58768948097233,0.7510149130371632,2.7657796070179197,2,1,1,0
2024-01-23 03:00:00,0.0,20.039848189678025,93.31339758810016,0.5947283573838016,8.662844589890339,3,1,1,0
2024-01-23 04:00:00,0.0,20.98097961071543,84.07930979260381,0.7354668826624976,9.452879679220718,4,1,1,0
2024-01-23 05:00:00,0.0,22.22787109966064,82.02212186611021,0.17265192833109233,7.6384819540720805,5,1,1,0
2024-01-23 06:00:00,0.806801472494234,21.088437854017258,91.63244680695585,0.4472542462817205,4.393885551097522,6,1,1,0
2024-01-23 07:00:00,0.9647899360551186,23.759145566858507,89.19044632786553,0.6114154698349655,4.16638111296801,7,1,1,0
2024-01-23 08:00:00,1.3142883527527873,26.622168912943064,78.94539482181517,0.7825485657418239,2.54143934844857,8,1,1,0
2024-01-23 09:00:00,2.9605027726126956,27.289233483315154,76.65407195235798,0.13008741751530462,2.977960142038345,9,1,1,0
2024-01-23 10:00:00,4.384881000620602,28.414033698888765,71.07195269142746,0.5024872993006791,3.878005106829614,10,1,1,0
2024-01-23 11:00:00,4.392531163049964,29.094046027846066,70.48790831782168,0.4110413260369641,1.583836491398859,11,1,1,0
2024-01-23 12:00:00,6.021700320788612,29.683309517589525,73.4636520639684,0.17476435702306015,6.100280565880308,12,1,1,0
2024-01-23 13:00:00,5.103734229708003,28.24421958422957,69.47320778886015,0.33378224255909694,9.17124932805205,13,1,1,0
2024-01-23 14:00:00,7.569748942197352,29.411055284986343,69.41876170558265,0.09476086977182463,2.5513764916487194,14,1,1,0
2024-01-23 15:00:00,3.593405457981211,28.141481743408427,84.2030004168739,0.5913121229918087,4.059254025698503,15,1,1,0
2024-01-23 16:00:00,3.497015167462721,30.2794120608812,65.47178408704458,0.4559473670612346,2.2607024459536893,16,1,1,0
2024-01-23 17:00:00,1.2751466607293083,28.518312176016888,64.58769992180159,0.8688103632730029,3.220272890561363,17,1,1,0
2024-01-23 18:00:00,1.3367100509359728,28.508189055065127,79.45412216679266,0.34512839796202255,7.347153058465028,18,1,1,0
2024-01-23 19:00:00,0.40391783790266766,28.063008673016963,79.8020610485225,0.8020831174807576,3.3621331328605866,19,1,1,0
2024-01-23 20:00:00,0.0,23.937379024377915,89.41239638590919,0.060904253317397905,3.477011923892448,20,1,1,0
2024-01-23 21:00:00,0.0,24.52716034445085,84.15642025980722,0.2841417578654868,2.067702261501747,21,1,1,0
2024-01-23 22:00:00,0.0,22.745868455212868,86.24337519178579,0.5711285192323271,9.76945672376058,22,1,1,0
2024-01-23 23:00:00,0.0,21.55557269168055,86.65008583976457,0.7962771806266895,8.491915659517744,23,1,1,0
2024-01-24 00:00:00,0.0,21.56210076363368,90.38417433826415,0.13824724180599368,9.468745252533843,0,2,1,0
2024-01-24 01:00:00,0.0,20.894344352059278,88.0089081863267,0.7730530923704979,8.662501169306386,1,2,1,0
2024-01-24 02:00:00,0.0,18.97589780604173,90.03380497526386,0.500491728914114,2.5548186999442137,2,2,1,0
2024-01-24 03:00:00,0.0,19.583318180922916,92.9682971548475,0.19128915536503688,5.20055156323304,3,2,1,0
2024-01-24 04:00:00,0.0,20.01305213431091,89.62822657945591,0.4977586048744035,3.6843064647146373,4,2,1,0
2024-01-24 05:00:00,0.0,20.720257032711686,92.92147018102983,0.03465051381305595,6.828477065748876,5,2,1,0
2024-01-24 06:00:00,0.6368749058798964,21.223632002748595,87.02953447996688,0.3390410015485118,3.9399103789465997,6,2,1,0
2024-01-24 07:00:00,1.593018220341397,23.565257994527837,82.45797027065464,0.38605978309366606,4.623191591299114,7,2,1,0
2024-01-24 08:00:00,1.1935023628632244,25.604077258377238,78.73638932854574,0.8374715657401945,9.44503503224304,8,2,1,0
2024-01-24 09:00:00,2.815731600197369,27.509788542513405,71.85074828926544,0.5603385382159256,7.575644224663678,9,2,1,0
2024-01-24 10:00:00,4.380464723510226,29.056659837211612,62.58120056430539,0.5872956184403583,5.908491118375945,10,2,1,0
2024-01-24 11:00:00,3.162731482622279,30.687058656285462,64.63312018476746,0.40090261055183385,7.526473030583025,11,2,1,0
2024-01-24 12:00:00,3.721215484631486,29.215857017319,79.03580760256577,0.8476077744642183,4.04718829779851,12,2,1,0
2024-01-24 13:00:00,4.436521039430239,28.75561949456669,65.59755737425813,0.6284675076488271,2.6296651408890392,13,2,1,0
2024-01-24 14:00:00,2.289863729797898,29.205714602417167,68.69413635387308,0.8929612080095735,1.382718461118908,14,2,1,0
2024-01-24 15:00:00,3.9037553956055073,30.445296828791513,76.5149346473921,0.32890209339109333,5.3549352600867115,15,2,1,0
2024-01-24 16:00:00,1.1971085959531858,29.81278498819948,66.32059792228482,0.8428479983427518,0.9701204153672349,16,2,1,0
2024-01-24 17:00:00,1.0687827554763267,28.105278000475682,77.99031616059435,0.7192188418678541,1.7363775665082626,17,2,1,0
2024-01-24 18:00:00,1.462001232298002,27.733014329283293,78.52234243116318,0.40571495764785703,1.5550461258787085,18,2,1,0
2024-01-24 19:00:00,0.4293861602417275,26.77834578418541,78.48801884485565,0.8011870987102085,0.5820298219632425,19,2,1,0
2024-01-24 20:00:00,0.0,26.287747264366306,85.07072689231548,0.3284581138015258,5.704661099884264,20,2,1,0
2024-01-24 21:00:00,0.0,22.368821663938608,86.33746513448502,0.4037263647356435,6.542364436637143,21,2,1,0
2024-01-24 22:00:00,0.0,22.43784802305346,93.52508724605725,0.29229533269225516,0.5848072366332069,22,2,1,0
2024-01-24 23:00:00,0.0,23.96154756612094,81.62693432753738,0.8704444098192285,2.122453579978215,23,2,1,0
2024-01-25 00:00:00,0.0,19.606599386126053,94.64171760407616,0.8686328355595198,3.294803313113339,0,3,1,0
2024-01-25 01:00:00,0.0,21.378464872973794,93.9732020370706,0.8661670281713127,6.579292031947581,1,3,1,0
2024-01-25 02:00:00,0.0,19.391299959617417,89.81721977532257,0.48024875374083953,4.77022493327199,2,3,1,0
2024-01-25 03:00:00,0.0,21.085660660258238,78.64671928847929,0.573917625308231,1.1352135149686715,3,3,1,0
2024-01-25 04:00:00,0.0,20.28287849546815,92.96878362116455,0.7616666980905331,3.157827465027344,4,3,1,0
2024-01-25 05:00:00,0.0,20.404382064072013,95.0,0.7331106221464138,7.274682428008555,5,3,1,0
2024-01-25 06:00:00,0.5038076874026167,23.089226869271155,91.62667622437675,0.6084223903919692,9.493384731206724,6,3,1,0
2024-01-25 07:00:00,1.6789196881275192,23.999155340363597,88.30217499846307,0.18192373333099032,8.86093728359019,7,3,1,0
2024-01-25 08:00:00,1.2847554881196592,25.05756909595442,84.59645991520415,0.7753170309832293,6.266532804511997,8,3,1,0
2024-01-25 09:00:00,2.9521618358783432,25.334181616204795,80.10732323383588,0.5265279618032271,9.120237398801157,9,3,1,0
2024-01-25 10:00:00,2.55968699642522,27.043922219301674,77.28695298484782,0.9014428996303564,9.124442024163045,10,3,1,0
2024-01-25 11:00:00,3.3900565416160404,28.22986547288184,66.43719001086174,0.6305795508220001,2.371600485106664,11,3,1,0
2024-01-25 12:00:00,6.318076517355786,30.459663878293302,67.9977847640571,0.34782867994782196,9.227045019619414,12,3,1,0
2024-01-25 13:00:00,2.642444568956914,30.85166716158528,77.36348037075194,0.6555693181552585,9.629990877936676,13,3,1,0
2024-01-25 14:00:00,2.9194281808328357,27.783965472712175,73.61819379135144,0.5587166198677064,4.184529775127536,14,3,1,0
2024-01-25 15:00:00,4.341329292000489,30.01949842861511,70.60812457712898,0.30070092498801804,3.1731495126029294,15,3,1,0
2024-01-25 16:00:00,1.9255309549123312,30.478017743971158,71.64332497320194,0.6471141425314643,1.8335414269370043,16,3,1,0
2024-01-25 17:00:00,1.3796766918703967,29.424139650953997,81.54029624579223,0.5920639916632114,7.544803585062052,17,3,1,0
2024-01-25 18:00:00,0.9861656014826311,27.464989977070587,73.89491424872239,0.7014833090983487,5.108465274617393,18,3,1,0
2024-01-25 19:00:00,0.5273256505793036,26.423604845450694,78.59344387767115,0.6121038052063649,9.1522442527639,19,3,1,0
2024-01-25 20:00:00,0.0,25.31135648358966,81.49812558578391,0.9495853015124032,6.787197058878562,20,3,1,0
2024-01-25 21:00:00,0.0,24.87757949617033,81.14998953273135,0.2820446190991883,3.6531974617425034,21,3,1,0
2024-01-25 22:00:00,0.0,21.59424219899893,86.69474994597992,0.9168184234547807,9.314637305711756,22,3,1,0
2024-01-25 23:00:00,0.0,20.916441076829415,86.2906377332791,0.5949394267052278,2.691919764105366,23,3,1,0
2024-01-26 00:00:00,0.0,21.038380702444464,82.01228532360531,0.716086063700811,7.912654881814762,0,4,1,0
2024-01-26 01:00:00,0.0,20.171663434374043,83.9800253552135,0.920670794148986,0.05060828191803313,1,4,1,0
2024-01-26 02:00:00,0.0,19.73219561893091,92.50192560453327,0.6249229950206285,5.081992055182939,2,4,1,0
2024-01-26 03:00:00,0.0,20.71958725790133,86.96912279559862,0.03300103234687046,8.699799592520142,3,4,1,0
2024-01-26 04:00:00,0.0,21.61623102434497,81.53415063914471,0.17490796625032845,1.6272820895738327,4,4,1,0
2024-01-26 05:00:00,0.0,21.24767823011644,81.27819291776107,0.8071492724591353,0.004755590808931398,5,4,1,0
2024-01-26 06:00:00,0.7874345072926491,23.681557532754443,85.84023172380131,0.0996132179027781,8.354195989092155,6,4,1,0
2024-01-26 07:00:00,0.6207759379132155,25.287483647640087,85.04836793815852,0.9386325275735992,1.407731680445431,7,4,1,0
2024-01-26 08:00:00,2.856404122500625,25.06028448703986,75.45763826156976,0.16058192626284395,9.455900773474086,8,4,1,0
2024-01-26 09:00:00,1.6227926245835773,25.091814746657995,74.99117331335033,0.966942787116567,9.620127961465283,9,4,1,0
2024-01-26 10:00:00,3.84341913799182,27.164567281947814,79.27189293125844,0.5005027258458806,1.085947552888037,10,4,1,0
2024-01-26 11:00:00,4.1363314522654395,28.261273570472948,78.5112095783116,0.47488786408765427,3.2746455804637575,11,4,1,0
2024-01-26 12:00:00,7.576655655580627,29.187482856388414,66.25985360629997,0.008646518915093604,0.2548858125078912,12,4,1,0
2024-01-26 13:00:00,5.73847062786306,30.229181810389868,60.47944435760108,0.05622260825234782,4.867684807600897,13,4,1,0
2024-01-26 14:00:00,3.679791627926597,29.708031191033317,60.065827568540364,0.6627314076528519,7.562669378119783,14,4,1,0
2024-01-26 15:00:00,4.063234863301292,29.548018069216546,70.9255706707246,0.6368236119577019,7.8102899671767245,15,4,1,0
2024-01-26 16:00:00,4.184197300835332,28.73590807666667,70.21846705252241,0.21280011220474981,7.368439084914065,16,4,1,0
2024-01-26 17:00:00,2.507116877658119,27.709652235046292,70.65074818394439,0.39177013126977944,9.849990673590982,17,4,1,0
2024-01-26 18:00:00,1.0184242349492125,26.905451816881655,79.80064904178326,0.8065434664973258,5.389392984225702,18,4,1,0
2024-01-26 19:00:00,0.7176992411703618,27.2257158325348,76.98044893478338,0.5138980222193124,7.201325604906526,19,4,1,0
2024-01-26 20:00:00,0.0,24.786297838538985,83.7956458284185,0.43472195778204137,5.406523075076402,20,4,1,0
2024-01-26 21:00:00,0.0,23.405983899119654,81.30843631597337,0.5719891865637287,5.725529428724815,21,4,1,0
2024-01-26 22:00:00,0.0,21.307651380913427,85.23647954977314,0.9249538024847477,1.0121063335741243,22,4,1,0
2024-01-26 23:00:00,0.0,21.33462611522555,91.160420748198,0.4912758779262345,0.7888630451472411,23,4,1,0
2024-01-27 00:00:00,0.0,19.1699386234133,92.03593716545376,0.9271146004307458,6.683906485574283,0,5,1,1
2024-01-27 01:00:00,0.0,19.465357263346544,91.71013428449733,0.5915053642036214,0.2520857388469522,1,5,1,1
2024-01-27 02:00:00,0.0,18.883444149946847,88.42975403802984,0.3160720207457899,2.798689868971296,2,5,1,1
2024-01-27 03:00:00,0.0,20.546850964522005,85.42840717383683,0.13653673951772316,3.1529422088051806,3,5,1,1
2024-01-27 04:00:00,0.0,19.723435917478707,95.0,0.8159341370599649,3.1236683078179883,4,5,1,1
2024-01-27 05:00:00,0.0,21.013913921068347,83.40141660087511,0.9454090625585605,6.732767238748064,5,5,1,1
2024-01-27 06:00:00,0.5825773853952517,22.897320065249748,77.72649612802653,0.7550158913366333,7.414062067463847,6,5,1,1
2024-01-27 07:00:00,0.496923661553423,21.031020750628908,90.78992591196518,0.9935768460401396,7.520861720412839,7,5,1,1
2024-01-27 08:00:00,1.2665298455381,23.380278949870004,81.75693734531856,0.6934871134318151,5.873613089626788,8,5,1,1
2024-01-27 09:00:00,2.685846608748141,26.272512466182885,79.83316962636891,0.6950727345624863,9.320757012102177,9,5,1,1
2024-01-27 10:00:00,3.458517025925299,26.832638523937554,75.04787057895125,0.32904088617701444,6.394326160511801,10,5,1,1
2024-01-27 11:00:00,2.12372334935441,28.332050651982247,76.9887987705386,0.9213596546234061,0.1675297469523762,11,5,1,1
2024-01-27 12:00:00,5.304501332432262,28.52494407475029,56.671306569871604,0.3063526495502291,1.291680694250984,12,5,1,1
2024-01-27 13:00:00,3.622234246306004,29.579311293253653,78.02355742157353,0.6246637287639127,3.692014482335393,13,5,1,1
2024-01-27 14:00:00,2.904789744336493,30.95345425049457,75.86250893184499,0.8290687173326091,1.3430739762381305,14,5,1,1
2024-01-27 15:00:00,6.157520122991981,31.034908716458997,75.68213822773355,0.15783299642229953,0.1981496850431974,15,5,1,1
2024-01-27 16:00:00,2.2500604849475128,28.35119434475334,73.8358272106079,0.7361845608651202,9.9721808279287,16,5,1,1
2024-01-27 17:00:00,1.8818283285744872,29.41078518772093,82.25096797230223,0.41364715414406117,1.648444111346563,17,5,1,1
2024-01-27 18:00:00,0.7369666819637603,27.444753609958756,69.7974751327762,0.7653643704568708,5.776945704694833,18,5,1,1
2024-01-27 19:00:00,0.9297135860466943,25.955637284612003,74.9953493390899,0.13946114487712702,7.147714077829457,19,5,1,1
2024-01-27 20:00:00,0.0,25.96832742129469,82.33482560462681,0.019874063170733924,8.199791105384097,20,5,1,1
2024-01-27 21:00:00,0.0,24.41762061033507,82.97396093018033,0.6810139807021507,9.184371496037159,21,5,1,1
2024-01-27 22:00:00,0.0,22.081417480612217,78.76261428810821,0.9219209293536156,6.399182700818721,22,5,1,1
2024-01-27 23:00:00,0.0,21.2737398248395,86.91082813280799,0.38898242382166204,5.063733212733201,23,5,1,1
2024-01-28 00:00:00,0.0,20.174164132546952,91.41440649556843,0.029479845734354027,5.234297263146258,0,6,1,1
2024-01-28 01:00:00,0.0,21.348841208747814,90.1350493628743,0.793181954910259,8.153444534105134,1,6,1,1
2024-01-28 02:00:00,0.0,20.954602427410958,87.48300861307509,0.7191109567391061,4.089783251209999,2,6,1,1
2024-01-28 03:00:00,0.0,18.148295159751214,95.0,0.7718167132378365,3.036927071743063,3,6,1,1
2024-01-28 04:00:00,0.0,21.438847968824263,82.77010318451401,0.4379603630999187,1.4942530498462203,4,6,1,1
2024-01-28 05:00:00,0.0,21.14974965029282,87.09735538105845,0.7037731019533746,6.271985629727527,5,6,1,1
2024-01-28 06:00:00,0.7391728769358786,21.97275856316025,89.21587956584861,0.5247225719502248,7.924232622984198,6,6,1,1
2024-01-28 07:00:00,0.8932914300168769,22.53225071726763,90.14116163620113,0.6994343596586752,8.634610553216639,7,6,1,1
2024-01-28 08:00:00,1.0422472672350633,25.27885098546124,80.98879904171511,0.8545797059719322,7.582748171700445,8,6,1,1
2024-01-28 09:00:00,2.701715430931931,27.27619491510703,84.48724038656876,0.6752090210722617,4.606534240380066,9,6,1,1
2024-01-28 10:00:00,5.315803519969802,28.599555737420964,69.7366294338945,0.05363434588551208,0.2471867172304032,10,6,1,1
2024-01-28 11:00:00,1.533717815431796,27.44561795224255,77.95433049634076,0.8598508304610556,4.0221843860407755,11,6,1,1
2024-01-28 12:00:00,4.450374695369393,30.569588494320687,66.64817107289326,0.7626833786070953,0.12791042219055027,12,6,1,1
2024-01-28 13:00:00,2.764617823537178,28.791742719167587,66.19289476899677,0.9707767559960008,5.126098800898053,13,6,1,1
2024-01-28 14:00:00,2.799630340708846,30.680996335576936,70.56560846893015,0.8007626819182511,6.006239644580945,14,6,1,1
2024-01-28 15:00:00,2.386115010872776,29.184799291818134,76.04849154805635,0.8316577822887788,2.3075355797009656,15,6,1,1
2024-01-28 16:00:00,2.0097671573284757,30.27360269350688,68.16909257044763,0.48605925382696835,4.3950269683008045,16,6,1,1
2024-01-28 17:00:00,2.06022106911129,28.515483575899964,68.78679803947918,0.37682370676892596,7.569309645604223,17,6,1,1
2024-01-28 18:00:00,2.4010617900513775,26.004656702042077,73.0019982044044,0.06746474248475764,6.006101402811436,18,6,1,1
2024-01-28 19:00:00,0.7032758344817568,26.4463852130032,72.76140176395954,0.42786405791432447,4.691297949580604,19,6,1,1
2024-01-28 20:00:00,0.0,24.563321886459608,87.00323107888528,0.6949554493125077,9.94446067509832,20,6,1,1
2024-01-28 21:00:00,0.0,23.757632490831707,85.05176862321407,0.46075640425215525,4.772470957097904,21,6,1,1
2024-01-28 22:00:00,0.0,21.421682041477098,87.84179272217857,0.29009097250031846,9.587555425621995,22,6,1,1
2024-01-28 23:00:00,0.0,22.30113084487545,86.36707305680736,0.7571574784421028,1.178014594700565,23,6,1,1
2024-01-29 00:00:00,0.0,21.530219761975413,81.41152043851447,0.5117255505462223,5.654142612239433,0,0,1,0
2024-01-29 01:00:00,0.0,19.63558174601667,95.0,0.7167744745170505,3.413839402058146,1,0,1,0
2024-01-29 02:00:00,0.0,19.136403476607036,89.66663050362291,0.12244287745958837,4.979482518078094,2,0,1,0
2024-01-29 03:00:00,0.0,18.229712985095457,95.0,0.027619387505121606,5.553077557364613,3,0,1,0
2024-01-29 04:00:00,0.0,21.076884390924942,85.82212419425956,0.010161770546326832,2.5235982932252288,4,0,1,0
2024-01-29 05:00:00,0.0,20.249259790982173,95.0,0.5445267103985031,8.347945828974808,5,0,1,0
2024-01-29 06:00:00,0.33790884444716157,23.03555825812095,81.17550742787364,0.993971193051201,6.149476778278667,6,0,1,0
2024-01-29 07:00:00,2.095635588842861,23.040279658694327,91.6408435441495,0.11969606945144651,4.265837425305793,7,0,1,0
2024-01-29 08:00:00,1.5164366572266585,26.686433858497537,75.408322324718,0.7920053845033385,2.4711900227996653,8,0,1,0
2024-01-29 09:00:00,3.183778632348246,26.038830642166715,83.85083958774011,0.12911764912124335,6.140667859742726,9,0,1,0
2024-01-29 10:00:00,3.9830042138532566,27.662539204534283,75.92481977849468,0.12009857974426597,1.5318651883093681,10,0,1,0
2024-01-29 11:00:00,7.315947031088533,27.91280191010633,76.40413125260265,0.010436770426400899,9.161009300828043,11,0,1,0
2024-01-29 12:00:00,3.6974230429444943,28.220496415147373,77.41023913290685,0.6509903311081073,9.644497886085041,12,0,1,0
2024-01-29 13:00:00,5.645615438619193,33.05743613578968,70.5084012505704,0.20898493121441608,8.575088215747476,13,0,1,0
2024-01-29 14:00:00,2.0246220815713314,29.537104573891,66.28835069202002,0.9752050469604092,5.051738160541199,14,0,1,0
2024-01-29 15:00:00,2.5096309212945287,29.828039301729405,75.71681300523778,0.8236157970762225,0.21189717133395902,15,0,1,0
2024-01-29 16:00:00,3.58964710373293,29.540227178381027,73.71705259577996,0.22612294144886058,5.849904341308127,16,0,1,0
2024-01-29 17:00:00,2.596353606820194,28.842765278262714,67.36807170058944,0.3848267987551275,6.014063279404765,17,0,1,0
2024-01-29 18:00:00,2.184374672162522,26.78870513544777,84.47679867440219,0.11522011207248817,5.698591902361815,18,0,1,0
2024-01-29 19:00:00,0.5971526079775857,25.235698597013663,76.19583928886047,0.6665762487869669,5.499802822683692,19,0,1,0
2024-01-29 20:00:00,0.0,26.753479542292858,77.12738590943744,0.1653528258409851,2.043454492834348,20,0,1,0
2024-01-29 21:00:00,0.0,23.227234696521382,84.25535217757295,0.6547548187350292,8.626486318362982,21,0,1,0
2024-01-29 22:00:00,0.0,23.148347016228474,82.46768281177957,0.04975460299700796,8.457048058961616,22,0,1,0
2024-01-29 23:00:00,0.0,21.254442172521234,91.7333205014899,0.3330779207391874,5.7328203863476555,23,0,1,0
2024-01-30 00:00:00,0.0,21.04611821421361,84.82996703234689,0.41427936936955734,5.396001514327383,0,1,1,0
2024-01-30 01:00:00,0.0,20.687379428728814,92.16269334489148,0.4654307704218995,4.866873350112961,1,1,1,0
2024-01-30 02:00:00,0.0,20.538947991161375,93.42476859828164,0.9345276043851527,4.47215584141928,2,1,1,0
2024-01-30 03:00:00,0.0,20.424909430820705,80.96822200092296,0.9957314578318578,7.811957804276669,3,1,1,0
2024-01-30 04:00:00,0.0,20.98320783523313,88.72705919778168,0.7566011745904884,9.076819817619217,4,1,1,0
2024-01-30 05:00:00,0.0,22.369520422198185,83.8444513513435,0.17943623084984062,8.393865125382979,5,1,1,0
2024-01-30 06:00:00,0.7090452863045008,21.541033407369966,91.2027027323645,0.15722292771828128,0.6155055641905449,6,1,1,0
2024-01-30 07:00:00,1.5792272723935425,23.824381820295226,77.81428272356199,0.31915421061006366,3.35553257496969,7,1,1,0
2024-01-30 08:00:00,3.271339639918813,25.11848896017477,87.36993556335631,0.06966651591258877,5.913183831935741,8,1,1,0
2024-01-30 09:00:00,3.8965177812682352,24.505621865091502,86.00127753437918,0.36295400847752357,5.058993061361839,9,1,1,0
2024-01-30 10:00:00,5.130231988658584,27.741727474004477,70.78520641239693,0.41031940578548354,7.5910572008127915,10,1,1,0
2024-01-30 11:00:00,4.064033761899725,27.221023914823547,79.95350640125122,0.7130670881972998,1.863216560997939,11,1,1,0
2024-01-30 12:00:00,4.873866014932011,29.382309177525194,71.2292609115633,0.16784357249251936,8.869041480492902,12,1,1,0
2024-01-30 13:00:00,3.6771986595506205,29.0405816472532,71.11345078580935,0.8264603834049177,0.5030312283580218,13,1,1,0
2024-01-30 14:00:00,2.5116611326606666,30.122246991544174,72.94065375956136,0.6889499625535039,1.4738058362931639,14,1,1,0
2024-01-30 15:00:00,2.8170740816301314,27.92378128858874,71.58211767496414,0.6449830298905488,6.6140467187153975,15,1,1,0
2024-01-30 16:00:00,3.1990375202621095,29.699331591191587,72.38378751148802,0.30743178591069975,7.288912422396838,16,1,1,0
2024-01-30 17:00:00,1.7961849684301348,27.315745150049327,76.58887430534887,0.48188094409647475,4.146250307431646,17,1,1,0
2024-01-30 18:00:00,0.8593514326262063,26.64964422242156,76.57408240890949,0.864631780242488,2.583811799128796,18,1,1,0
2024-01-30 19:00:00,0.6317433285394739,26.143325507017547,83.56559416841561,0.41132182909462867,1.3195534744493131,19,1,1,0
2024-01-30 20:00:00,0.0,23.062781645107112,84.72058445803206,0.16732109581251753,7.916697600611493,20,1,1,0
2024-01-30 21:00:00,0.0,22.42275210479638,77.9189937125822,0.32425520626623006,7.9181235831559675,21,1,1,0
2024-01-30 22:00:00,0.0,22.389853294768468,88.41727607530787,0.8692342300272534,9.157563379686524,22,1,1,0
2024-01-30 23:00:00,0.0,22.08510513842998,93.50585627260129,0.3844949301442452,4.212502298697864,23,1,1,0
2024-01-31 00:00:00,0.0,19.75697492773372,95.0,0.29359549266998575,0.4266854002645537,0,2,1,0
2024-01-31 01:00:00,0.0,21.49857666256787,87.7211916952208,0.7097830447934852,8.731770975892376,1,2,1,0
2024-01-31 02:00:00,0.0,19.675819815343907,83.13387693452844,0.03299266324540573,9.37570211605819,2,2,1,0
2024-01-31 03:00:00,0.0,20.28890594229397,92.15488339548554,0.13695861836046874,2.0275980596097742,3,2,1,0
2024-01-31 04:00:00,0.0,20.24733521437014,89.9067258528288,0.10330756477804137,2.4026382097630217,4,2,1,0
2024-01-31 05:00:00,0.0,21.46032047513208,85.0525983374208,0.5600323388142201,0.8677201502232557,5,2,1,0
2024-01-31 06:00:00,0.433990042055879,21.229634096479945,84.73042948947064,0.8025312360676662,4.007617344038829,6,2,1,0
2024-01-31 07:00:00,1.109953097815847,23.10581889264102,76.82960330506727,0.44626906357532237,4.024639601613876,7,2,1,0
2024-01-31 08:00:00,2.84761732711533,23.666279152327373,86.02871861112067,0.3517515483322672,1.0541717362789649,8,2,1,0
2024-01-31 09:00:00,1.3162429185018096,25.538787342919644,75.763990756804,0.9854748357839379,2.025960101100479,9,2,1,0
2024-01-31 10:00:00,2.3130283243554497,27.505168764706998,79.89856566802652,0.9878807649011521,0.9224456588848506,10,2,1,0
2024-01-31 11:00:00,3.3778805719480265,30.22613756016678,66.71812129813154,0.37241820754808275,5.150431153721932,11,2,1,0
2024-01-31 12:00:00,5.130088984335012,30.24648691896058,68.42930116050707,0.6009132796177465,4.359963974965254,12,2,1,0
2024-01-31 13:00:00,5.132233155766959,31.213219307820136,66.17863849795579,0.12594924228471427,4.163483229111838,13,2,1,0
2024-01-31 14:00:00,2.2915133978751867,31.929991188637654,64.64421085070659,0.9786022736145805,2.167215763581656,14,2,1,0
2024-01-31 15:00:00,6.288900722111143,30.197872530728116,80.98473979510321,0.0639095200774279,3.878268909265441,15,2,1,0
2024-01-31 16:00:00,2.2863159660312,30.399189413517817,68.5647411687412,0.3156978903518306,7.23086996277986,16,2,1,0
2024-01-31 17:00:00,2.1507082417032346,28.696081919640328,71.11707153517405,0.09418565468836748,6.725928660868249,17,2,1,0
2024-01-31 18:00:00,1.0222620984283872,28.150606146166933,72.94996846785774,0.5430257452502812,3.6754314891351947,18,2,1,0
2024-01-31 19:00:00,0.6150037664992518,25.215713074625036,75.79839193864613,0.3228218401452082,5.802088632658865,19,2,1,0
2024-01-31 20:00:00,0.0,24.816910325232627,76.83631517025796,0.009057989012145162,1.5588639978602215,20,2,1,0
2024-01-31 21:00:00,0.0,22.792325076079546,84.17647084564294,0.019399167960645225,8.73843385078887,21,2,1,0
2024-01-31 22:00:00,0.0,21.99333541102061,85.21248441028004,0.7434427061381261,8.492139322348724,22,2,1,0
2024-01-31 23:00:00,0.0,22.289545623206354,88.83316506045443,0.7716537444205832,4.124888730465464,23,2,1,0
2024-02-01 00:00:00,0.0,22.09100810115761,89.0628875582636,0.7610657265008395,6.167844049724181,0,3,2,0
2024-02-01 01:00:00,0.0,20.82630001577706,78.51557469150922,0.9046168602019619,9.732099908670046,1,3,2,0
2024-02-01 02:00:00,0.0,22.07850896421787,83.01658963909136,0.9318592416476245,9.073240992589028,2,3,2,0
2024-02-01 03:00:00,0.0,22.458593218140944,87.69389329601391,0.17023018816170465,5.167162203543507,3,3,2,0
2024-02-01 04:00:00,0.0,23.147471765832133,84.76909979502886,0.49912043946715245,9.939193633499327,4,3,2,0
2024-02-01 05:00:00,0.0,23.93654311039114,79.77772624698244,0.32884875098770794,3.8257364318923006,5,3,2,0
2024-02-01 06:00:00,0.7210770178095185,23.967483645022426,80.6109626410328,0.6157977201344444,2.9255019355924494,6,3,2,0
2024-02-01 07:00:00,0.9104832571294192,25.849989651848794,77.22706794357094,0.8118854465919478,3.0930711808061373,7,3,2,0
2024-02-01 08:00:00,1.868542426117219,26.186866237957492,79.61696637654447,0.6631869434885961,1.4608981123244036,8,3,2,0
2024-02-01 09:00:00,1.4465093718827602,28.509444691802017,72.40909777626192,0.8357616635645106,2.8313404845145875,9,3,2,0
2024-02-01 10:00:00,4.5031976795995305,30.332647056841815,70.66248616721276,0.052845032217816335,2.064176584778332,10,3,2,0
2024-02-01 11:00:00,2.8628594188637475,31.331169926692002,63.72500822037869,0.47103599012342157,8.959738786263443,11,3,2,0
2024-02-01 12:00:00,7.392352339323467,29.96451298514789,71.80462637837859,0.32867424001276513,8.005036173669271,12,3,2,0
2024-02-01 13:00:00,2.1327826392080813,30.173417385175323,80.11708388155911,0.9718344081023624,5.1579896988929805,13,3,2,0
2024-02-01 14:00:00,5.689659567118424,29.106217434906704,79.06242069272871,0.009995034962762106,2.8731062984211353,14,3,2,0
2024-02-01 15:00:00,3.8140210581272727,32.87976538116777,64.96260850154589,0.7730598874237258,6.669814362625238,15,3,2,0
2024-02-01 16:00:00,1.8469490098756314,31.584600629593663,68.67277165385543,0.4784463988782921,9.599039051044647,16,3,2,0
2024-02-01 17:00:00,1.5486217624177658,30.03034439758005,75.94363807880957,0.6870818078775961,6.0167020395843895,17,3,2,0
2024-02-01 18:00:00,1.246065774991568,27.245893320818976,80.87555482363008,0.5092577555504322,5.559808824824327,18,3,2,0
2024-02-01 19:00:00,0.4948888552835282,27.233611306079084,77.80816138797442,0.5281396310271934,0.6375366935625726,19,3,2,0
2024-02-01 20:00:00,0.0,26.85661957149256,74.97796610814426,0.5808084660157308,6.749672231790652,20,3,2,0
2024-02-01 21:00:00,0.0,25.14976161549222,83.39582299059619,0.855644073097751,2.4861982028610665,21,3,2,0
2024-02-01 22:00:00,0.0,25.940303360616824,86.43584927526975,0.36954097826727217,5.209115182808921,22,3,2,0
2024-02-01 23:00:00,0.0,23.029975502809208,86.74901249411145,0.46684544417600427,6.183372871252386,23,3,2,0
2024-02-02 00:00:00,0.0,21.189556317214684,87.49528213920037,0.2516161317240593,0.812229030835907,0,4,2,0
2024-02-02 01:00:00,0.0,24.453047101725616,78.94337800875039,0.10124225153516986,4.786193810626903,1,4,2,0
2024-02-02 02:00:00,0.0,22.504885876908435,83.26063169983242,0.9875320156771913,8.72423176789989,2,4,2,0
2024-02-02 03:00:00,0.0,21.40087855316273,89.92718698770364,0.13081272214600836,2.3048609975439294,3,4,2,0
2024-02-02 04:00:00,0.0,22.79225163328072,82.03405451775626,0.05245057286467669,2.4874263132647334,4,4,2,0
2024-02-02 05:00:00,0.0,21.29652384415834,88.80329689434413,0.8448884627487157,5.129954750125787,5,4,2,0
2024-02-02 06:00:00,0.8152483939634,24.407286383021344,75.36576453319944,0.43967841908513394,2.34187361100616,6,4,2,0
2024-02-02 07:00:00,0.8498044382464957,24.57349015580597,80.71459892860044,0.8601430532759059,3.259004168104772,7,4,2,0
2024-02-02 08:00:00,3.548650113017833,27.256759887150714,74.75728654993863,0.09607363092009447,8.80964690603115,8,4,2,0
2024-02-02 09:00:00,1.932476080836045,29.107521132075163,73.74089432889208,0.6592390987696871,1.1683783826687921,9,4,2,0
2024-02-02 10:00:00,5.21703781589948,28.0176140935048,75.34527790542978,0.5873279050013555,7.697594944744562,10,4,2,0
2024-02-02 11:00:00,4.413027940294695,29.00744264033993,70.05013596023426,0.4154219518884873,0.9962003424074595,11,4,2,0
2024-02-02 12:00:00,7.7138556525965924,30.051221480369236,64.6565351308137,0.07896760837751704,0.7811804612468243,12,4,2,0
2024-02-02 13:00:00,5.707257229754293,30.97214819670662,68.77043689710786,0.08482268555131545,3.3017083330018613,13,4,2,0
2024-02-02 14:00:00,2.0231541829577773,32.704589156912895,56.50040068190243,0.9444691902484124,6.4869102873634334,14,4,2,0
2024-02-02 15:00:00,3.6896380505250903,30.820569278698223,66.00897409715637,0.8038358855332146,1.8868478348489903,15,4,2,0
2024-02-02 16:00:00,3.0388894229881056,30.447714872625436,71.7194385989417,0.14796952017480924,0.863570836054024,16,4,2,0
2024-02-02 17:00:00,1.9559821563727164,30.918774571380514,70.03520900729453,0.21408091764414272,5.2117010520096905,17,4,2,0
2024-02-02 18:00:00,1.2139615500872898,29.43936945480077,78.0751308507383,0.34766557892957883,5.4790591699555335,18,4,2,0
2024-02-02 19:00:00,0.7681719109224423,28.63194323145962,81.81827791533829,0.499058080571229,3.7969755933513283,19,4,2,0
2024-02-02 20:00:00,0.0,28.068864421275062,70.42620932215146,0.39179512462255484,8.223280227187585,20,4,2,0
2024-02-02 21:00:00,0.0,24.4361960427154,81.44864556029529,0.06568321240155894,0.6727238065101215,21,4,2,0
2024-02-02 22:00:00,0.0,25.50393363059113,75.1157351187029,0.8000076661436749,6.486689489129739,22,4,2,0
2024-02-02 23:00:00,0.0,23.88668838257864,76.96516304496413,0.8833102680046488,9.994010282643872,23,4,2,0
2024-02-03 00:00:00,0.0,22.290660634857165,83.94986611195878,0.865148359211,0.9598112183088459,0,5,2,1
2024-02-03 01:00:00,0.0,21.12314983528864,88.6963929304152,0.25530834094639465,2.959526827364897,1,5,2,1
2024-02-03 02:00:00,0.0,20.73991930937438,94.6612956214302,0.6240651730450311,9.049035472475532,2,5,2,1
2024-02-03 03:00:00,0.0,21.819191179784983,91.03737607036425,0.31741223408605823,2.6958313915616894,3,5,2,1
2024-02-03 04:00:00,0.0,23.174753900734196,78.74483787455044,0.5492035914394429,0.6767787063845654,4,5,2,1
2024-02-03 05:00:00,0.0,20.12486608992857,85.2603848088438,0.45699125717017197,7.08425825268897,5,5,2,1
2024-02-03 06:00:00,0.711427956382893,24.24937831495308,90.05823808558699,0.3440940924892574,5.975882389090476,6,5,2,1
2024-02-03 07:00:00,0.8915281494525235,25.56051640764788,80.78077686462692,0.6531924747921432,2.1361192220553216,7,5,2,1
2024-02-03 08:00:00,1.868560397161645,25.839994508988045,80.99287710320917,0.28565289743486977,4.305328567260308,8,5,2,1
2024-02-03 09:00:00,3.1091990478932017,27.030078710771573,76.95485575991736,0.19373351653069237,0.9498197651974705,9,5,2,1
2024-02-03 10:00:00,3.688652774534995,27.85250839144027,78.77388317745155,0.2447214041452508,6.169868388767346,10,5,2,1
2024-02-03 11:00:00,7.442589628757969,31.42799405798464,68.02072579650387,0.1642062308679284,3.3572234073197285,11,5,2,1
2024-02-03 12:00:00,8.292766906363063,31.083218146907164,67.0192103451814,0.07091386888633444,0.7929753137092987,12,5,2,1
2024-02-03 13:00:00,8.395382923993404,32.65542494303575,73.30011654544816,0.08005909780646814,4.551894584590279,13,5,2,1
2024-02-03 14:00:00,5.162308459844034,31.155112543323337,76.46634570821735,0.25025777231216784,4.537162558348845,14,5,2,1
2024-02-03 15:00:00,4.897502397546662,32.45696863547235,65.2585033523976,0.6309811148025034,3.0501756534506175,15,5,2,1
2024-02-03 16:00:00,1.728996906606451,32.249455491683,70.0997854301562,0.7201796390712631,7.738513410335527,16,5,2,1
2024-02-03 17:00:00,1.084028504931326,29.486853610656592,70.80127450741453,0.9503055101093105,3.915684975727393,17,5,2,1
2024-02-03 18:00:00,1.8182502707690797,30.539738750438968,68.09649089500903,0.1627808958894389,8.562275279598476,18,5,2,1
2024-02-03 19:00:00,0.5991607593389097,26.630419554740207,62.546776586369475,0.6839724321688797,3.816733318220813,19,5,2,1
2024-02-03 20:00:00,0.0,27.80381411099645,77.0852015207812,0.5425465411908799,1.677411869951948,20,5,2,1
2024-02-03 21:00:00,0.0,26.133500758242104,75.1284501782567,0.8792433231340533,3.225785033403914,21,5,2,1
2024-02-03 22:00:00,0.0,24.798299624621265,85.36323149971024,0.46762305457165,5.431215673354835,22,5,2,1
2024-02-03 23:00:00,0.0,23.050244301817948,76.41551151216117,0.0907925044782586,1.9002866808385743,23,5,2,1
2024-02-04 00:00:00,0.0,21.376345056567235,79.98032560492368,0.22490376957479585,4.329929421605236,0,6,2,1
2024-02-04 01:00:00,0.0,21.964265584035473,83.30361025502478,0.9468054225592908,0.7641888944796693,1,6,2,1
2024-02-04 02:00:00,0.0,23.00569021033604,83.78324333305478,0.8532089912306958,7.419502657335059,2,6,2,1
2024-02-04 03:00:00,0.0,22.727688447635124,84.12020542245835,0.4701204984574915,3.2555065669469108,3,6,2,1
2024-02-04 04:00:00,0.0,21.4417334527704,82.64405494420517,0.5149329627362937,5.6065907204189305,4,6,2,1
2024-02-04 05:00:00,0.0,24.89814806925917,87.64626294314557,0.8624156593341149,9.860445437114283,5,6,2,1
2024-02-04 06:00:00,0.5922984232034293,23.314332506344044,76.62861933680485,0.6688073734114365,3.707413786330954,6,6,2,1
2024-02-04 07:00:00,0.8999326411017934,25.417196823487842,73.8250528225309,0.8360677003371707,3.2621157357138064,7,6,2,1
2024-02-04 08:00:00,2.730409581434496,25.947368721526196,78.50255046467255,0.3166445484023387,9.411270953758148,8,6,2,1
2024-02-04 09:00:00,1.2270175536476597,28.440177245213697,62.29272330568489,0.8464245939546704,9.0686895415874,9,6,2,1
2024-02-04 10:00:00,2.271275977138024,28.61275819921102,72.09991407194987,0.8615895846084681,4.009018006385738,10,6,2,1
2024-02-04 11:00:00,3.6018351048505655,30.999892585269983,73.37274449587045,0.5409683298127778,4.710544302159719,11,6,2,1
2024-02-04 12:00:00,8.090723922366912,31.95335180888218,66.44119614891706,0.006770010108599789,6.607124341566676,12,6,2,1
2024-02-04 13:00:00,4.940019092290425,30.796079377830857,57.57267422187681,0.3914517498325705,0.006251871610595261,13,6,2,1
2024-02-04 14:00:00,4.6885415137740845,31.078931625687133,61.383247364963815,0.6269053949154498,9.839559073188,14,6,2,1
2024-02-04 15:00:00,1.829783860372642,31.54214090708929,65.77329563042836,0.9572262500059551,4.759570230976874,15,6,2,1
2024-02-04 16:00:00,3.696085894302205,31.17782888685203,68.17338165040591,0.20643085259679617,3.764314488796887,16,6,2,1
2024-02-04 17:00:00,2.072588802564254,30.702014370333444,67.45939490130748,0.25839971702749875,5.578299021420867,17,6,2,1
2024-02-04 18:00:00,1.3842880676215727,28.729314944382484,72.95118580008172,0.6251399424576739,8.33523381704675,18,6,2,1
2024-02-04 19:00:00,0.6760596217483441,27.88562037948958,76.60976788277843,0.03316652779085594,3.109381308284551,19,6,2,1
2024-02-04 20:00:00,0.0,26.884385020681165,77.6584169331832,0.3187067021215997,5.653851108199762,20,6,2,1
2024-02-04 21:00:00,0.0,25.2045729125075,85.22876049205844,0.6307494335344878,1.052805650369384,21,6,2,1
2024-02-04 22:00:00,0.0,26.141859112170575,80.81050095718858,0.1821092266229981,5.268439581277376,22,6,2,1
2024-02-04 23:00:00,0.0,23.17131334649758,89.51267577190569,0.6865662767409126,9.890194720442686,23,6,2,1
2024-02-05 00:00:00,0.0,21.634922773394745,90.6971621112851,0.2977399502117789,8.912716630704882,0,0,2,0
2024-02-05 01:00:00,0.0,21.788653091751794,86.32161124853886,0.07351753144306761,0.3915649050280545,1,0,2,0
2024-02-05 02:00:00,0.0,20.293747265778194,85.45942612630928,0.49134102515901923,3.473704060777231,2,0,2,0
2024-02-05 03:00:00,0.0,22.291175302030847,84.59295023077432,0.18496210107168487,5.432328401437513,3,0,2,0
2024-02-05 04:00:00,0.0,20.875856060375316,91.95183211332953,0.3948095858601399,9.706963658761438,4,0,2,0
2024-02-05 05:00:00,0.0,21.442307785723454,83.75078740296227,0.6434591704041214,5.376687832598083,5,0,2,0
2024-02-05 06:00:00,0.7770157521090313,24.503172699850033,75.05496095992788,0.3086006930683419,8.830157505712119,6,0,2,0
2024-02-05 07:00:00,1.5525214398511014,24.254886054145633,89.52364696098648,0.12173617404639514,0.9874027540918218,7,0,2,0
2024-02-05 08:00:00,2.344985459423071,26.326610323892712,75.99307641041251,0.31147594996795935,7.672871067581796,8,0,2,0
2024-02-05 09:00:00,1.4924133473425902,27.752490787843087,72.58653820440526,0.9084214353624369,9.15405422318447,9,0,2,0
2024-02-05 10:00:00,4.4294428544803575,28.110159955500535,72.0300450068132,0.31193161767657374,5.659634675942227,10,0,2,0
2024-02-05 11:00:00,6.051484172937321,28.390728456483828,74.00960594229215,0.20959849489794613,9.36363142694348,11,0,2,0
2024-02-05 12:00:00,4.538665472999931,32.33768530724566,75.33298655254139,0.5104552577561938,0.6724641116120367,12,0,2,0
2024-02-05 13:00:00,4.91688063810134,31.837836186156693,58.35018708720297,0.6175758661434048,9.065150541784012,13,0,2,0
2024-02-05 14:00:00,1.9282678577150056,31.115569208643045,66.48632756709534,0.9083151744977512,5.294166248237399,14,0,2,0
2024-02-05 15:00:00,2.2643960357474264,30.220587462320722,67.39611244499343,0.8181788971681916,1.9470725586851134,15,0,2,0
2024-02-05 16:00:00,1.5562051158183716,29.484042390952023,75.92552064514005,0.9561945959662926,6.175058033411174,16,0,2,0
2024-02-05 17:00:00,1.722011719553416,30.864965417736215,64.58927585993047,0.514757218905132,8.656250269182742,17,0,2,0
2024-02-05 18:00:00,0.8917212674670324,30.637209922378684,70.40914662332833,0.9003986443594112,0.6046815058702593,18,0,2,0
2024-02-05 19:00:00,0.6376516229526739,28.355608237276655,77.80562578582003,0.6381173508789302,4.9079721362726865,19,0,2,0
2024-02-05 20:00:00,0.0,28.29301075377564,77.28862711437345,0.45084880474436495,9.758056933245163,20,0,2,0
2024-02-05 21:00:00,0.0,24.401081236859955,90.3002116751208,0.37338630553462193,3.6683250999315344,21,0,2,0
2024-02-05 22:00:00,0.0,24.09321455977745,79.87579524250572,0.4415562669327201,0.45192818504685484,22,0,2,0
2024-02-05 23:00:00,0.0,21.8771814912644,86.46956688729725,0.5158829294090967,0.9115139665543959,23,0,2,0
2024-02-06 00:00:00,0.0,23.27123923519761,85.70416803319806,0.08832184678505106,1.6528288847535155,0,1,2,0
2024-02-06 01:00:00,0.0,23.076282920074,88.52912538542901,0.3247860385203255,2.891378674757364,1,1,2,0
2024-02-06 02:00:00,0.0,20.923233252892118,89.26752697926005,0.5528313729548648,2.4766305691667654,2,1,2,0
2024-02-06 03:00:00,0.0,20.71790366993679,91.85259784143683,0.7877448224725296,0.20649129194820093,3,1,2,0
2024-02-06 04:00:00,0.0,19.95207880260401,84.25894926574416,0.6306846000450015,3.849274867544883,4,1,2,0
2024-02-06 05:00:00,0.0,23.11769201911456,82.16956537706811,0.616756915942228,3.6205256638107617,5,1,2,0
2024-02-06 06:00:00,0.8042253964574986,23.546285553846904,83.17614720062724,0.39204625092661205,8.736874895387562,6,1,2,0
2024-02-06 07:00:00,0.7821835651921655,24.65314918510798,70.43647667942963,0.8809382493625023,1.552171619702103,7,1,2,0
2024-02-06 08:00:00,2.151217176188636,26.730249402961114,77.18198725157762,0.1104940387889245,7.113970213334671,8,1,2,0
2024-02-06 09:00:00,3.6556350681158802,29.1194398758848,73.9831535238613,0.03316382285072372,0.03967249018576258,9,1,2,0
2024-02-06 10:00:00,2.7969474835967274,29.06600235801308,72.79318596883657,0.7046389234548535,4.1099198612532994,10,1,2,0
2024-02-06 11:00:00,2.1288479842541372,30.437027154966806,74.34584734218258,0.7907514259535479,9.994334601944866,11,1,2,0
2024-02-06 12:00:00,3.25171154746433,29.643424860156223,68.78667489370662,0.9224631440408816,5.921748230011955,12,1,2,0
2024-02-06 13:00:00,5.266217959466835,31.110138349695383,69.46328333486042,0.5905629326994771,9.105275884817685,13,1,2,0
2024-02-06 14:00:00,5.478150412630649,31.31449912620975,69.73449163949627,0.21911343464932131,9.408660190703918,14,1,2,0
2024-02-06 15:00:00,6.511263090687212,31.543310934911528,68.1935658387966,0.057910592603872546,2.7907028571518424,15,1,2,0
2024-02-06 16:00:00,2.9457572305655972,32.545914307601755,62.22306932336836,0.21934233170836226,3.715968447966106,16,1,2,0
2024-02-06 17:00:00,3.2106280743692737,29.987840622871975,64.10817468533415,0.24848472193893845,7.429681376542944,17,1,2,0
2024-02-06 18:00:00,1.3993739355192925,28.035363353498344,72.43404203477354,0.2200431210247451,8.127343317781198,18,1,2,0
2024-02-06 19:00:00,0.6990890789197162,27.186932673372862,63.88955779895826,0.22052624602251558,0.8945649614900242,19,1,2,0
2024-02-06 20:00:00,0.0,26.815445532470143,77.40022861891173,0.8728263736642319,0.29985175963329724,20,1,2,0
2024-02-06 21:00:00,0.0,25.122873051504197,75.27342798605102,0.23991183574832609,6.603772151190563,21,1,2,0
2024-02-06 22:00:00,0.0,23.97989721170661,80.30767659736095,0.823056565828193,6.6691071007357845,22,1,2,0
2024-02-06 23:00:00,0.0,24.003696590678565,81.16288733581689,0.6888173749839717,7.224833659960886,23,1,2,0
2024-02-07 00:00:00,0.0,22.814267180393948,85.46798113558852,0.5771662275072843,3.8112601396401793,0,2,2,0
2024-02-07 01:00:00,0.0,20.15981099875663,94.49566383680548,0.4415894524103985,1.793098362601856,1,2,2,0
2024-02-07 02:00:00,0.0,21.851067341247052,94.22968670147937,0.3590819127050967,2.5263926800407432,2,2,2,0
2024-02-07 03:00:00,0.0,22.363573137819763,88.801384539108,0.8219802968766828,3.459192318532823,3,2,2,0
2024-02-07 04:00:00,0.0,22.9540316621066,93.5508274407556,0.1319279687730972,3.11310648454012,4,2,2,0
2024-02-07 05:00:00,0.0,21.401410280258162,90.27463977308068,0.3805833541597935,5.003914273340191,5,2,2,0
2024-02-07 06:00:00,0.8615633182927062,24.043163264706966,81.17649580268184,0.3197209857279105,0.31530960928437435,6,2,2,0
2024-02-07 07:00:00,1.5816728364160473,26.574078143404915,81.9036031056407,0.5288292383300114,6.260781554782192,7,2,2,0
2024-02-07 08:00:00,2.552641811751294,23.866085909219095,79.1951161280305,0.05431216242576509,4.126999349582627,8,2,2,0
2024-02-07 09:00:00,4.303191955263562,26.404728595972845,78.01781038777257,0.20128877929122868,3.290158180374023,9,2,2,0
2024-02-07 10:00:00,6.664651896724141,29.760669148508036,71.70454847415189,0.07896563343222218,8.902064287847418,10,2,2,0
2024-02-07 11:00:00,2.4998971047299268,28.31820239387244,83.15927472109354,0.8021718669153969,6.605887977253776,11,2,2,0
2024-02-07 12:00:00,7.145535542647964,32.79741215520455,60.51587053418712,0.3638772281362418,4.126987257328956,12,2,2,0
2024-02-07 13:00:00,3.537708138044227,31.10355605279744,70.52224731238417,0.5279424151520488,6.015706283253013,13,2,2,0
2024-02-07 14:00:00,6.607765446951299,31.700478766235616,70.65352551567258,0.3696947471261851,4.600192148463219,14,2,2,0
2024-02-07 15:00:00,2.868179823167737,30.12728987552071,71.08770101092267,0.5391324358847835,8.003313021934314,15,2,2,0
2024-02-07 16:00:00,2.458808224188773,30.660181565115433,69.42754744244752,0.6256780292367966,4.104080861025054,16,2,2,0
2024-02-07 17:00:00,2.5936168276618394,30.391951189064226,65.10124333492075,0.07186423926470165,0.9761803088082055,17,2,2,0
2024-02-07 18:00:00,1.04752948158747,30.977515446432644,68.52029244228719,0.4519326309769388,2.1550581804011006,18,2,2,0
2024-02-07 19:00:00,1.1182859841701287,27.507786703291643,66.62362044443556,0.17259209056975688,5.244028987039453,19,2,2,0
2024-02-07 20:00:00,0.0,24.62823917193374,78.8909960266295,0.21237518897756913,1.2409620127984278,20,2,2,0
2024-02-07 21:00:00,0.0,25.580253889362808,77.74539459699568,0.8210071179534122,6.316040748429086,21,2,2,0
2024-02-07 22:00:00,0.0,22.917988825286727,78.36712198435708,0.06466581910296432,8.975516468689914,22,2,2,0
2024-02-07 23:00:00,0.0,22.60877288363649,95.0,0.8271497196761558,2.2274631835174463,23,2,2,0
2024-02-08 00:00:00,0.0,21.97378092096572,83.60990378134551,0.5586388492361108,1.7374416664954828,0,3,2,0
2024-02-08 01:00:00,0.0,22.539166081426508,82.39381828331543,0.6555124873512616,1.0067762150387005,1,3,2,0
2024-02-08 02:00:00,0.0,22.37511989260491,88.271810563877,0.17033771122870545,4.133055303180032,2,3,2,0
2024-02-08 03:00:00,0.0,21.406225995520675,85.84864580543261,0.8007569618734062,7.999549728930884,3,3,2,0
2024-02-08 04:00:00,0.0,24.77570176804928,79.9938577542815,0.8016442978421038,3.383450820624315,4,3,2,0
2024-02-08 05:00:00,0.0,22.165959439242737,94.36082832137465,0.5421401519329991,4.194380106022293,5,3,2,0
2024-02-08 06:00:00,0.8557758417551034,23.686180748916627,90.21016271199144,0.34343724011445165,4.931785628683301,6,3,2,0
2024-02-08 07:00:00,1.5244121653592382,26.480104605069805,73.7070419063452,0.3214253953949101,4.796457868939882,7,3,2,0
2024-02-08 08:00:00,2.5165185104238352,27.41393415073256,76.61971485859794,0.4391068530064737,0.5269897135634272,8,3,2,0
2024-02-08 09:00:00,4.4585971772086985,27.097083572168707,75.76135114097083,0.0105251960105599,8.451143570571467,9,3,2,0
2024-02-08 10:00:00,5.992046365858066,28.91788483763814,75.48812941574296,0.13805693305844136,4.6356210873364825,10,3,2,0
2024-02-08 11:00:00,3.7802825458448304,30.2059392419515,73.69604689214104,0.5730721812944286,4.5220553018143015,11,3,2,0
2024-02-08 12:00:00,5.22383425288316,28.908624398837556,85.78388655471805,0.5707132747421477,9.895077985969579,12,3,2,0
2024-02-08 13:00:00,6.846745759867506,29.76017444791631,73.93526689972661,0.1748178622794403,0.7355661519839296,13,3,2,0
2024-02-08 14:00:00,4.6118800418731665,30.503335460806284,74.94648365778237,0.1705356920579002,3.276215407310068,14,3,2,0
2024-02-08 15:00:00,4.1636453772536095,32.420723753333604,60.72346725101876,0.24701907371944887,1.501631719128177,15,3,2,0
2024-02-08 16:00:00,2.0906046650786485,31.50225155163948,67.98397917622786,0.7942361558834622,1.2748851791908444,16,3,2,0
2024-02-08 17:00:00,1.7013026101697268,27.8275587120941,75.72978363165355,0.7382200621322659,3.436733763838,17,3,2,0
2024-02-08 18:00:00,0.9392326386522526,28.826075043257834,74.74017145358931,0.7348977435162369,7.953526871688314,18,3,2,0
2024-02-08 19:00:00,0.24511995544518084,26.17094009409056,75.54893903733681,0.9830375939804491,4.207806983357121,19,3,2,0
2024-02-08 20:00:00,0.0,26.742781073607862,66.57263593723859,0.7563793689308909,2.5415268278469663,20,3,2,0
2024-02-08 21:00:00,0.0,25.561490512483747,71.93886688313927,0.11450947569816394,9.07584132102534,21,3,2,0
2024-02-08 22:00:00,0.0,21.829546134649625,84.54918261949149,0.36013401102018594,4.3231186722980075,22,3,2,0
2024-02-08 23:00:00,0.0,22.11184155950264,82.113624350089,0.4883125589378223,7.793835337061968,23,3,2,0
2024-02-09 00:00:00,0.0,21.207221480747588,81.08031113792599,0.4003051056338096,5.881077048955348,0,4,2,0
2024-02-09 01:00:00,0.0,21.51629274773987,87.53494723727859,0.4632320647745475,8.363089354848302,1,4,2,0
2024-02-09 02:00:00,0.0,23.06049557153399,80.87909092660338,0.6627780831547078,4.178613154473785,2,4,2,0
2024-02-09 03:00:00,0.0,21.010384463283582,90.74134221389356,0.381452998260999,1.543757524580277,3,4,2,0
2024-02-09 04:00:00,0.0,22.998598388757273,88.21752729464494,0.7285812759386114,8.943586322161433,4,4,2,0
2024-02-09 05:00:00,0.0,23.587988932772895,77.48545614435548,0.8542166142171927,0.7529690059671146,5,4,2,0
2024-02-09 06:00:00,0.31139837545454335,24.74415059016371,82.33629246923762,0.8815388686970904,6.904915227312944,6,4,2,0
2024-02-09 07:00:00,1.4799237480218363,26.465538446865892,73.82966945463684,0.34883598763352763,7.840702626736001,7,4,2,0
2024-02-09 08:00:00,1.3664526275561781,26.595021667193016,67.54689132689374,0.8679412528421591,4.952535230348696,8,4,2,0
2024-02-09 09:00:00,2.848075812839652,27.26824662778902,76.5057697881927,0.5266624950533236,3.4129807599269757,9,4,2,0
2024-02-09 10:00:00,2.816134025683498,29.11922854957033,75.815931180699,0.8644626998966677,6.417270819240811,10,4,2,0
2024-02-09 11:00:00,3.715965186712917,31.1403482321671,63.69264499049612,0.6873971410568839,7.677529441004138,11,4,2,0
2024-02-09 12:00:00,4.874027414145531,31.269206386930023,69.32241431163072,0.6712461985531707,7.637829222684434,12,4,2,0
2024-02-09 13:00:00,6.941503433153469,32.15444617844615,68.8819837308038,0.2271846933660645,4.329611555013758,13,4,2,0
2024-02-09 14:00:00,8.271053775378888,32.0948798124663,66.10454377456327,0.0271661085563365,9.033544264035209,14,4,2,0
2024-02-09 15:00:00,2.9691811311108425,32.52185802104452,69.6734803404066,0.8601393783545691,4.060672803803026,15,4,2,0
2024-02-09 16:00:00,4.442896680720481,30.22162799274884,80.43539870183615,0.08507656976688682,3.8992210670530802,16,4,2,0
2024-02-09 17:00:00,2.1708085146060565,31.56297742374503,66.0642056825628,0.19023916568684507,1.8433199324219207,17,4,2,0
2024-02-09 18:00:00,0.6574067039364568,29.403862776573007,85.27477940098156,0.9981850733359696,9.226646098411393,18,4,2,0
2024-02-09 19:00:00,0.7108564245681618,27.636140605994512,72.29849651949596,0.38536043171376266,3.3248077706624968,19,4,2,0
2024-02-09 20:00:00,0.0,25.933396729982842,80.60564388051591,0.12532412717229802,1.8220962827125475,20,4,2,0
2024-02-09 21:00:00,0.0,24.213509107944105,81.0953651071637,0.43416825176680307,8.912612741626303,21,4,2,0
2024-02-09 22:00:00,0.0,24.63576038846483,79.42083573303114,0.7011343696289751,5.542136771877416,22,4,2,0
2024-02-09 23:00:00,0.0,23.50420223606747,75.56106055223579,0.8508028005434902,2.8414834117735435,23,4,2,0
2024-02-10 00:00:00,0.0,23.236909533175663,86.07084243787583,0.7002534691931706,5.86459093707502,0,5,2,1
2024-02-10 01:00:00,0.0,21.61254946629509,93.57844797694065,0.27193406900567874,4.8472061891221205,1,5,2,1
2024-02-10 02:00:00,0.0,22.411903913643663,78.41277655378161,0.8790346697963287,5.371192726720703,2,5,2,1
2024-02-10 03:00:00,0.0,22.039045624744094,95.0,0.9198234139531393,2.8285689453318943,3,5,2,1
2024-02-10 04:00:00,0.0,21.21503138511915,89.70223571887931,0.0778708144406205,3.0267540783256743,4,5,2,1
2024-02-10 05:00:00,0.0,22.99562510955474,82.8654587533384,0.9070626135249825,5.319940304901706,5,5,2,1
2024-02-10 06:00:00,0.9058346990632539,22.775491911360184,87.96189306567103,0.014804657866522741,7.062167923601255,6,5,2,1
2024-02-10 07:00:00,1.999866637437618,25.75337049262212,80.25479656138336,0.061257427992871816,3.1330635693790363,7,5,2,1
2024-02-10 08:00:00,0.9429484034517704,25.877949327588468,79.990884139449,0.9147421686999715,4.810309311031049,8,5,2,1
2024-02-10 09:00:00,2.8697235668277536,27.91539157808226,67.57866892357328,0.2673709905633852,5.980053661181342,9,5,2,1
2024-02-10 10:00:00,5.691655995825067,29.79595859985834,76.49888531069823,0.3155422608493037,3.6723630568311805,10,5,2,1
2024-02-10 11:00:00,4.396271377558947,29.726364547759903,68.04719279512759,0.3605458950424628,4.172329804195095,11,5,2,1
2024-02-10 12:00:00,3.9154739325522967,30.324254425631484,64.37976189175357,0.599341486310137,4.5889912285632795,12,5,2,1
2024-02-10 13:00:00,8.787846498344475,32.56113677973804,57.14639467675035,0.011696630736301006,0.2409572509712432,13,5,2,1
2024-02-10 14:00:00,2.722431830012771,29.1199282250087,75.99144936468494,0.818027501885277,5.603855131232722,14,5,2,1
2024-02-10 15:00:00,1.626768743104768,32.049327704489066,66.20550034203224,0.940543214030286,3.428210388723153,15,5,2,1
2024-02-10 16:00:00,1.4865255641653514,31.17238579780855,71.97781587230004,0.8188697494159558,3.8351328785139605,16,5,2,1
2024-02-10 17:00:00,1.606130013123265,29.693738677997068,76.72387427986743,0.7632645554119885,1.2027038236909138,17,5,2,1
2024-02-10 18:00:00,1.3074593768227312,29.034698445822478,74.11560385487178,0.3022657811411624,1.1546462634610322,18,5,2,1
2024-02-10 19:00:00,0.69777460364307,27.464389904677248,77.25633327317705,0.3348320904226859,1.5807219434196718,19,5,2,1
2024-02-10 20:00:00,0.0,26.265849134612303,79.45244270502643,0.4049662702073772,9.697565395295625,20,5,2,1
2024-02-10 21:00:00,0.0,24.073149874401725,77.91714860945947,0.4765697662257016,7.84583209486141,21,5,2,1
2024-02-10 22:00:00,0.0,24.516032165720674,80.79429360575881,0.7614931947678458,9.461354131167077,22,5,2,1
2024-02-10 23:00:00,0.0,23.171811672077947,91.77012798912344,0.33727069441180013,4.597801145817072,23,5,2,1
2024-02-11 00:00:00,0.0,20.637235609542966,81.4780426954246,0.31654537566336893,9.17798835704884,0,6,2,1
2024-02-11 01:00:00,0.0,22.233395739948136,79.77867745072294,0.09931104041507144,7.836587189739132,1,6,2,1
2024-02-11 02:00:00,0.0,20.746813232094762,87.33341756608651,0.37996618986210473,2.700356452505952,2,6,2,1
2024-02-11 03:00:00,0.0,20.78429455433167,84.45856858390714,0.6173210814799931,3.7995781246186446,3,6,2,1
2024-02-11 04:00:00,0.0,23.17129441612496,74.26271432070081,0.8762547015422087,5.622813787946017,4,6,2,1
2024-02-11 05:00:00,0.0,22.706452432661145,84.59053650067406,0.0539293386112627,4.747121362451026,5,6,2,1
2024-02-11 06:00:00,0.31406904318261786,25.54966239262214,78.42155879668289,0.9449522061151343,7.28801380824161,6,6,2,1
2024-02-11 07:00:00,0.6322589798015078,26.294256668308936,68.44337225720085,0.8969164335918275,2.8268056420977983,7,6,2,1
2024-02-11 08:00:00,1.740053373088975,26.155562567791875,73.09528439309277,0.4274907862420356,1.128700270605294,8,6,2,1
2024-02-11 09:00:00,2.0457147171463426,26.503469393277598,71.18738213077702,0.5821711798570667,0.7513549985281598,9,6,2,1
2024-02-11 10:00:00,5.029098593250507,31.090957851974153,62.19311870844916,0.44973144469724224,9.55327697553942,10,6,2,1
2024-02-11 11:00:00,5.2013802249026995,29.16069911145336,80.0792081055933,0.004505463444830715,9.555187709861698,11,6,2,1
2024-02-11 12:00:00,4.714406924064617,30.51222975557781,74.39890699401639,0.5794184513637927,5.957713987099399,12,6,2,1
2024-02-11 13:00:00,8.282839307764048,29.861944342950498,64.59327327419052,0.11855764186514006,8.833490473724908,13,6,2,1
2024-02-11 14:00:00,3.4473695208618484,32.398256438142624,67.14286829745514,0.7374705318427329,5.951747453220147,14,6,2,1
2024-02-11 15:00:00,4.106403907307372,31.381543933762053,60.65137149276083,0.6674137466407133,8.667293556953698,15,6,2,1
2024-02-11 16:00:00,2.1634215906386425,30.594890707749762,59.86350425071815,0.6588783476667568,2.0121433169071734,16,6,2,1
2024-02-11 17:00:00,1.663530307207324,30.89378328020562,71.5042921270943,0.5855474978534662,1.7712719351020056,17,6,2,1
2024-02-11 18:00:00,1.346903816444662,29.730235772663054,64.23906646486127,0.5512594896336996,8.942463242377624,18,6,2,1
2024-02-11 19:00:00,0.5286683729631,29.457298883444395,75.20951331491196,0.6369972475660607,8.82602209131823,19,6,2,1
2024-02-11 20:00:00,0.0,27.772319965947894,72.04400443526096,0.140912460659962,7.447076866675291,20,6,2,1
2024-02-11 21:00:00,0.0,24.37450047699473,76.29207588119445,0.5316779558511067,2.6312272389988345,21,6,2,1
2024-02-11 22:00:00,0.0,24.34402785968986,84.75609410981218,0.7895475771403928,2.7138270002129006,22,6,2,1
2024-02-11 23:00:00,0.0,22.924098040385815,76.6631304076571,0.9921116514795776,5.864355241791422,23,6,2,1
2024-02-12 00:00:00,0.0,22.105908803822434,90.1134109231544,0.25904397264468504,5.607669321843602,0,0,2,0
2024-02-12 01:00:00,0.0,22.524520940397732,77.04279338208238,0.8037700703443873,3.1467941650053453,1,0,2,0
2024-02-12 02:00:00,0.0,22.1657866878613,85.87198354379649,0.7387523093462672,6.974686942162226,2,0,2,0
2024-02-12 03:00:00,0.0,21.37939224303706,86.02703060901482,0.5685052752181438,6.686158475136748,3,0,2,0
2024-02-12 04:00:00,0.0,21.547183848087993,80.91127065051339,0.7523722448848195,9.135346379308526,4,0,2,0
2024-02-12 05:00:00,0.0,23.666155577785606,84.23576045726861,0.4083097223141947,0.017966519643713985,5,0,2,0
2024-02-12 06:00:00,1.0275325755734614,21.99317381819518,87.50533499420526,0.22858801284014418,4.326727536499484,6,0,2,0
2024-02-12 07:00:00,1.1752061846795658,26.079701109130543,68.76351422371003,0.6033138929240414,8.525447144111048,7,0,2,0
2024-02-12 08:00:00,1.0441675844511067,26.008724150202653,84.51042674579436,0.8964262115691752,9.194999574888845,8,0,2,0
2024-02-12 09:00:00,1.9628220454884648,28.552041620114984,78.97204431684303,0.6237079425293705,1.7779928238634102,9,0,2,0
2024-02-12 10:00:00,6.264626057157322,28.405030217575785,66.1413102973321,0.30225347992676366,7.875053470133304,10,0,2,0
2024-02-12 11:00:00,6.775776869735521,29.60129761345148,72.57460503748543,0.21229309367180638,9.046887630715162,11,0,2,0
2024-02-12 12:00:00,2.3092340568674676,31.150216952390235,57.93363206123642,0.994222363301948,2.331685483781806,12,0,2,0
2024-02-12 13:00:00,3.697979680679363,31.652591168554135,66.7744928054679,0.7167709860876503,0.10432220306406004,13,0,2,0
2024-02-12 14:00:00,5.5419497034067176,31.47431099029349,73.48524953772996,0.03464778387243583,6.504896333768321,14,0,2,0
2024-02-12 15:00:00,3.6859150471383417,31.370230952575813,59.965410936133665,0.4536275045198658,9.201529500607954,15,0,2,0
2024-02-12 16:00:00,2.301900529632533,31.192782269346868,68.00462617661226,0.4565877613808206,8.58855731761535,16,0,2,0
2024-02-12 17:00:00,1.8639802096501723,30.838779935951514,65.19616686501355,0.1556729202885856,2.847595301498347,17,0,2,0
2024-02-12 18:00:00,1.5536366036944413,30.19555011291148,69.11080127295972,0.10545471901299719,5.293244565713868,18,0,2,0
2024-02-12 19:00:00,0.9374352806519965,25.800495649394513,77.80535369467596,0.2335492167009804,3.11758487091204,19,0,2,0
2024-02-12 20:00:00,0.0,26.44192217681341,78.82106976179965,0.0515297757058123,6.316601626417373,20,0,2,0
2024-02-12 21:00:00,0.0,23.51018426384243,88.14744491750794,0.8034157686874869,4.764667091266004,21,0,2,0
2024-02-12 22:00:00,0.0,23.523905687497557,69.95758522502993,0.8565623361874408,3.6850996755535768,22,0,2,0
2024-02-12 23:00:00,0.0,23.70321932883894,79.07563369280672,0.5679631154988704,0.8827809799099717,23,0,2,0
2024-02-13 00:00:00,0.0,24.78787449011056,76.06376585685945,0.6785467496257392,1.3311812838913883,0,1,2,0
2024-02-13 01:00:00,0.0,21.329161559931272,89.01586486209973,0.9696823782669455,9.835143273512926,1,1,2,0
2024-02-13 02:00:00,0.0,20.86496684394074,90.9378298002068,0.3669899520381521,9.064215408872991,2,1,2,0
2024-02-13 03:00:00,0.0,20.45545962728999,88.72767606981687,0.09279358455669084,6.625613615066841,3,1,2,0
2024-02-13 04:00:00,0.0,21.298055376343417,91.27089781141224,0.8459415068391524,8.585890094686102,4,1,2,0
2024-02-13 05:00:00,0.0,22.783034473237713,73.94308785816563,0.8138342569619811,1.771177382095187,5,1,2,0
2024-02-13 06:00:00,0.6791145198166291,24.079857051120605,78.94935060388318,0.5733954182079142,4.066532076376609,6,1,2,0
2024-02-13 07:00:00,1.4188359700668665,25.247106863655933,83.0243827231649,0.3555720262150259,6.316405986074594,7,1,2,0
2024-02-13 08:00:00,2.27630398634284,27.004790611713585,62.42247000067741,0.1810752561540223,6.727505866267693,8,1,2,0
2024-02-13 09:00:00,2.8570172470349022,27.835607549977098,74.51832561099502,0.4222977122691972,9.569637412806326,9,1,2,0
2024-02-13 10:00:00,5.255961118416236,28.940881171880605,72.22801979944381,0.34745666588890234,7.643641554653508,10,1,2,0
2024-02-13 11:00:00,4.624932379618737,30.21909050212915,60.63888292600615,0.5236408505127593,9.45974058831404,11,1,2,0
2024-02-13 12:00:00,4.463274736341885,31.050130486364417,65.66647184861463,0.36860241308875075,7.52549572477303,12,1,2,0
2024-02-13 13:00:00,3.772148212392676,30.438879284964717,69.10641340078598,0.7885286909518919,6.410233460965259,13,1,2,0
2024-02-13 14:00:00,3.751075825296259,32.34968918459621,72.13448037068625,0.6294141909831028,5.512283210780023,14,1,2,0
2024-02-13 15:00:00,4.772991579245541,31.935898347170937,65.58904115709653,0.05852329781192345,0.5528885435443476,15,1,2,0
2024-02-13 16:00:00,2.3015869496664707,32.01262358117738,64.48968556970837,0.7105034510016108,0.4269618162618005,16,1,2,0
2024-02-13 17:00:00,2.982861121826188,29.288927992407928,72.81737881266703,0.09656233135019998,4.306353142174169,17,1,2,0
2024-02-13 18:00:00,1.2009071924133263,30.03443288386305,67.8389452920054,0.7465647149983609,7.77635074146601,18,1,2,0
2024-02-13 19:00:00,0.36933898409040644,26.64340164767341,72.64022977998778,0.7668135674795531,6.335149286421497,19,1,2,0
2024-02-13 20:00:00,0.0,26.642029868522844,73.10130086101944,0.6130376348463903,7.224178159882487,20,1,2,0
2024-02-13 21:00:00,0.0,26.68352783272083,69.94239957050256,0.03502410073883566,0.8970571921056614,21,1,2,0
2024-02-13 22:00:00,0.0,24.011695634183244,84.66721122418605,0.4517091189808605,3.5004338899547918,22,1,2,0
2024-02-13 23:00:00,0.0,22.550498914266434,85.80313865359884,0.09480417341525982,7.420020743666212,23,1,2,0
2024-02-14 00:00:00,0.0,24.392670295761768,91.37655311588674,0.6877982558022042,0.3314985062660414,0,2,2,0
2024-02-14 01:00:00,0.0,22.453296825840052,84.49194009389365,0.6966312712089867,4.820469264652548,1,2,2,0
2024-02-14 02:00:00,0.0,19.15841787642629,91.81519772481008,0.482906005622865,5.133224308123444,2,2,2,0
2024-02-14 03:00:00,0.0,20.647634809202863,95.0,0.7869416770194422,9.626215187229807,3,2,2,0
2024-02-14 04:00:00,0.0,22.141246953201726,83.40030859251559,0.1269005586884313,1.763684475318642,4,2,2,0
2024-02-14 05:00:00,0.0,23.93551828383081,73.02087964234636,0.4119503196097386,9.06013530680706,5,2,2,0
2024-02-14 06:00:00,0.7701452414002082,22.857926354094044,91.42137796010586,0.49173693902171056,5.543044426177076,6,2,2,0
2024-02-14 07:00:00,2.059452045217594,25.489776464010824,80.93942034759887,0.05285258148908689,5.492232253005492,7,2,2,0
2024-02-14 08:00:00,2.30638789462132,26.72883570354802,70.050080481436,0.12213260021110017,7.649596048093938,8,2,2,0
2024-02-14 09:00:00,2.7684330496102327,27.387491614545702,79.23765922694788,0.37604717916697195,0.8327776067675863,9,2,2,0
2024-02-14 10:00:00,4.991480589464699,30.035720592821647,63.8290238685766,0.11567914520063183,4.777897948194781,10,2,2,0
2024-02-14 11:00:00,4.391151718476549,28.729772980658936,75.27355482841753,0.3593125810894322,0.23946349449589954,11,2,2,0
2024-02-14 12:00:00,5.2548646558111685,29.259838058556973,69.10319139497082,0.4526736137464187,8.017158622505304,12,2,2,0
2024-02-14 13:00:00,5.233334603671037,31.90832888034573,64.60028232427659,0.14039392532204764,1.6889557789227672,13,2,2,0
2024-02-14 14:00:00,3.181626686344939,31.24481731731461,67.94344994493403,0.7534894199908998,0.6672126757402408,14,2,2,0
2024-02-14 15:00:00,6.049198415725586,31.25834894023256,65.5931003865919,0.2025695366934137,1.0186648453170344,15,2,2,0
2024-02-14 16:00:00,2.5312775041152142,30.994500810213026,64.95866271666775,0.5991405236730357,7.404400763672889,16,2,2,0
2024-02-14 17:00:00,2.474947099762215,30.346465049208643,75.36924999841091,0.3932031309362951,9.369662108161158,17,2,2,0
2024-02-14 18:00:00,1.2572549320455257,29.808441184560397,70.8291787494015,0.25005831638769627,7.08955002664222,18,2,2,0
2024-02-14 19:00:00,0.7270144105100959,27.544477287082373,75.38813795350968,0.48228851661369054,8.892886560474453,19,2,2,0
2024-02-14 20:00:00,0.0,26.693735330383376,82.06328783461858,0.34163947850364174,4.95912992533569,20,2,2,0
2024-02-14 21:00:00,0.0,24.72166757201258,83.33145783453618,0.8540725924249212,7.008314282890273,21,2,2,0
2024-02-14 22:00:00,0.0,24.877135633605327,80.76092179578357,0.03102304411705803,5.084673671272892,22,2,2,0
2024-02-14 23:00:00,0.0,21.95748700041744,90.88414668204754,0.6133624422292131,2.982571891683702,23,2,2,0
2024-02-15 00:00:00,0.0,22.5231269009696,86.20407411212321,0.9326701128526037,7.89774868630926,0,3,2,0
2024-02-15 01:00:00,0.0,21.992440049763353,83.93278806677594,0.448135502210107,2.479727452871633,1,3,2,0
2024-02-15 02:00:00,0.0,20.320673101476068,91.57792889651562,0.2543384209698947,2.9114738438206986,2,3,2,0
2024-02-15 03:00:00,0.0,20.767078880697618,93.88636474099226,0.3348878091807751,5.780240345539527,3,3,2,0
2024-02-15 04:00:00,0.0,23.23191591680018,74.17946148467396,0.19778125223820964,6.969251530101072,4,3,2,0
2024-02-15 05:00:00,0.0,22.703212678208423,85.9531308213684,0.991580519451495,2.3732303334338587,5,3,2,0
2024-02-15 06:00:00,0.882457450093078,21.939234648601698,84.12498357744042,0.22507394905100708,0.6420191100319161,6,3,2,0
2024-02-15 07:00:00,0.9397443259186168,25.817416802502382,85.51556620564371,0.740513763991625,4.968207494890816,7,3,2,0
2024-02-15 08:00:00,2.025634833949623,26.804344790200886,79.10768789034803,0.5265653615772018,5.0229188672693965,8,3,2,0
2024-02-15 09:00:00,3.028837944274785,28.571751346214707,71.85056530715975,0.6237432782259064,8.956116079016766,9,3,2,0
2024-02-15 10:00:00,4.56115810607036,28.751784545229782,73.65297786654409,0.22258927628824843,2.220149433796088,10,3,2,0
2024-02-15 11:00:00,2.8916436294012504,29.544265507414746,69.78464558796927,0.756323724992665,8.992792780109424,11,3,2,0
2024-02-15 12:00:00,7.53114597592893,32.86313915076121,68.1501570324921,0.17885162866840731,9.772987883829646,12,3,2,0
2024-02-15 13:00:00,5.370777895251556,30.88964509076536,70.93886636873539,0.5148919296361505,2.9192171360553143,13,3,2,0
2024-02-15 14:00:00,3.1012788112655105,31.420601796161574,65.36314728495749,0.7579768714858638,0.8488610871778868,14,3,2,0
2024-02-15 15:00:00,3.593823380536565,33.962205848133756,67.85272678785493,0.32630432643703455,6.042321362870676,15,3,2,0
2024-02-15 16:00:00,3.3745580418482524,31.736660447004457,69.48058563546094,0.21226620737380864,5.4070435135535995,16,3,2,0
2024-02-15 17:00:00,1.8823870323730387,28.434731508658306,73.87581171360031,0.3484486722538275,2.36943789462299,17,3,2,0
2024-02-15 18:00:00,0.9256343173006679,27.890543468202278,72.42247160006664,0.6841780228119814,6.113184589516561,18,3,2,0
2024-02-15 19:00:00,0.853873447832858,27.54720793683439,68.39218980029332,0.3532623445237406,5.469269163414635,19,3,2,0
2024-02-15 20:00:00,0.0,26.797290424878206,78.74705606282069,0.3477003269739215,5.446860182834017,20,3,2,0
2024-02-15 21:00:00,0.0,24.0838795347439,76.87693350550404,0.4618460124447983,6.673970349903405,21,3,2,0
2024-02-15 22:00:00,0.0,24.531308376371808,81.9604342996611,0.8083624988013878,6.565738019229172,22,3,2,0
2024-02-15 23:00:00,0.0,21.9703623093567,85.0775252057351,0.4000379099065007,7.834821676375122,23,3,2,0
2024-02-16 00:00:00,0.0,22.65808272904374,81.01347522870303,0.8426495484191968,5.235371282024949,0,4,2,0
2024-02-16 01:00:00,0.0,22.63368064775703,85.55660903496201,0.06092475886780924,7.8042438981975,1,4,2,0
2024-02-16 02:00:00,0.0,21.531238410580634,90.02027373860051,0.5910781934854155,1.8612665448814925,2,4,2,0
2024-02-16 03:00:00,0.0,21.32969427498904,87.03679221402076,0.8098117872236696,0.10656462916573517,3,4,2,0
2024-02-16 04:00:00,0.0,22.927215903113705,80.04746909634405,0.23925890070813927,0.7647852486487428,4,4,2,0
2024-02-16 05:00:00,0.0,22.470773915393554,93.69359595278101,0.04625452422005771,6.606914685830451,5,4,2,0
2024-02-16 06:00:00,0.5959194300520977,23.33388956569521,73.05167086500228,0.7169151778883924,2.781605611185536,6,4,2,0
2024-02-16 07:00:00,1.1190126555633262,24.99715108824386,79.19645640027144,0.68290158822148,2.797889584558937,7,4,2,0
2024-02-16 08:00:00,2.133633504003097,25.263491127638854,80.09911559530664,0.49371895292668944,2.6050812127264344,8,4,2,0
2024-02-16 09:00:00,3.3653454023006266,26.4865615221681,72.32498084175224,0.07628964805126914,5.601414111163664,9,4,2,0
2024-02-16 10:00:00,3.4745683016655105,28.543450984856264,76.75745058321063,0.5773754614005587,4.848591099881496,10,4,2,0
2024-02-16 11:00:00,2.240366287591272,28.89490358850365,73.37453762486021,0.8227720400881874,8.313242081947202,11,4,2,0
2024-02-16 12:00:00,3.5909360639924155,31.107750282591976,69.28888537941741,0.5803403661746608,8.950599512396291,12,4,2,0
2024-02-16 13:00:00,2.7830598029423768,32.92286629126546,60.352826124938645,0.9347724880506738,8.730517692667462,13,4,2,0
2024-02-16 14:00:00,1.7853082596990066,29.79877780076632,69.84833224027358,0.9832006391925499,1.463410935158701,14,4,2,0
2024-02-16 15:00:00,2.6285624407018653,30.254226756992576,81.22807340651997,0.9258029547381069,0.3128210088563499,15,4,2,0
2024-02-16 16:00:00,2.174143232807254,30.41345739333067,65.39402974810734,0.43149046837067506,7.370605728088214,16,4,2,0
2024-02-16 17:00:00,2.0139765028640677,29.311070545397115,73.33502733159017,0.40977450021027817,1.0332991911224643,17,4,2,0
2024-02-16 18:00:00,1.008073272082489,28.058607141627014,79.71496013320322,0.7505187273067668,6.172654649484541,18,4,2,0
2024-02-16 19:00:00,0.5685754327874151,26.923971663561836,72.67255408475796,0.334006908972469,8.847323218169684,19,4,2,0
2024-02-16 20:00:00,0.0,27.388781378516246,79.44953078771654,0.714436218028602,9.96205473032802,20,4,2,0
2024-02-16 21:00:00,0.0,23.67039235114942,77.24341454951333,0.41975810427848537,1.891744935736418,21,4,2,0
2024-02-16 22:00:00,0.0,24.70518559653804,79.52735402473459,0.9117574710514014,3.775368655422505,22,4,2,0
2024-02-16 23:00:00,0.0,22.962022307694138,95.0,0.9022060923483108,8.874162563267337,23,4,2,0
2024-02-17 00:00:00,0.0,23.110802634816245,87.91832969294505,0.33947231329755867,9.070893154977723,0,5,2,1
2024-02-17 01:00:00,0.0,21.868174992806505,81.3290784434438,0.5804527408670815,0.6756459253309877,1,5,2,1
2024-02-17 02:00:00,0.0,20.769590596852506,87.45933560110898,0.17938997054282158,8.348371094091704,2,5,2,1
2024-02-17 03:00:00,0.0,21.314130335394406,76.42890138963989,0.7357411145266699,5.193576376979213,3,5,2,1
2024-02-17 04:00:00,0.0,21.568339859628274,84.34110957763055,0.7079649024560136,9.576498607753614,4,5,2,1
2024-02-17 05:00:00,0.0,22.252300491923375,88.45815288960043,0.6083731791358825,4.79299297079244,5,5,2,1
2024-02-17 06:00:00,1.1066716956738503,24.758774166058966,72.72095486930763,0.03095218029007496,4.703180469792835,6,5,2,1
2024-02-17 07:00:00,0.6209041362088481,23.525757020838032,93.48892748522493,0.8617858136428593,4.065524740139558,7,5,2,1
2024-02-17 08:00:00,1.7625205925044334,26.746766354848354,77.8149002758302,0.4300881067374899,0.3345203485883852,8,5,2,1
2024-02-17 09:00:00,3.2258692896992187,28.897631813418013,71.72127538932376,0.08518149200356584,7.517713819272957,9,5,2,1
2024-02-17 10:00:00,4.052665408068167,28.27964087557327,77.46618473347634,0.20577390217719083,9.125485722651007,10,5,2,1
2024-02-17 11:00:00,5.222126029375574,29.092900876604823,67.28682844478755,0.26105773345573013,4.767711343398156,11,5,2,1
2024-02-17 12:00:00,7.944264597797345,31.42466487821315,56.34398919803634,0.19766633259044708,0.6623618649153384,12,5,2,1
2024-02-17 13:00:00,2.258605768671598,31.510727605846277,65.84279578629005,0.9826172538051845,0.6958696994833247,13,5,2,1
2024-02-17 14:00:00,7.305748691382361,31.467557781103263,70.4722653521277,0.07738468575245638,4.493516053745591,14,5,2,1
2024-02-17 15:00:00,4.863611071464173,30.838335574679842,61.62041617826333,0.4656026335945961,8.068998464279073,15,5,2,1
2024-02-17 16:00:00,1.7647184597172505,29.695955467522083,75.39452138210353,0.8630887307444114,6.83646036271952,16,5,2,1
2024-02-17 17:00:00,1.94580700503962,29.64535281406375,69.81860744158118,0.449667727380883,2.684854710082881,17,5,2,1
2024-02-17 18:00:00,0.8892771654638117,28.622212470644428,78.40032147718838,0.9349582151381756,9.602355088223703,18,5,2,1
2024-02-17 19:00:00,0.4151348032090586,27.813986549699756,76.20566552351428,0.6743591144635122,7.497161706726766,19,5,2,1
2024-02-17 20:00:00,0.0,27.068113117564902,78.26462851852031,0.41540518354627876,0.03757475286615852,20,5,2,1
2024-02-17 21:00:00,0.0,25.741778068061855,73.77434730239534,0.40823749237382245,7.056845211449614,21,5,2,1
2024-02-17 22:00:00,0.0,24.899163079989563,92.72893516010325,0.5923437449118216,3.5409937048227103,22,5,2,1
2024-02-17 23:00:00,0.0,21.685954366799326,84.07063743587679,0.3974988549571493,4.07109400651877,23,5,2,1
2024-02-18 00:00:00,0.0,23.289932349210602,78.82631636615699,0.5133069541744324,3.260428859915898,0,6,2,1
2024-02-18 01:00:00,0.0,23.41048811769057,89.32516849459289,0.5864140223049822,3.0293608672295513,1,6,2,1
2024-02-18 02:00:00,0.0,20.202814311126186,80.78523768761349,0.19049378485644075,3.482690073862046,2,6,2,1
2024-02-18 03:00:00,0.0,20.35347149198129,82.66302304829871,0.8806223104933052,9.051805992579084,3,6,2,1
2024-02-18 04:00:00,0.0,22.24960635783546,79.11168650737842,0.8895854588990156,1.8371309273078418,4,6,2,1
2024-02-18 05:00:00,0.0,23.719029578901246,73.99493151592985,0.46292484109679,1.2465170216864596,5,6,2,1
2024-02-18 06:00:00,0.5454525471023198,23.508164451954187,73.96322294450424,0.5126297976816431,1.2307628360834988,6,6,2,1
2024-02-18 07:00:00,1.661418653194432,26.51042410311468,72.31235759158932,0.014234728708384603,2.3746269176492985,7,6,2,1
2024-02-18 08:00:00,2.0567705777135488,26.89812616687685,83.06977148742445,0.5436987788352327,6.977575456667685,8,6,2,1
2024-02-18 09:00:00,2.264468875872887,29.290776811989307,71.28759718108194,0.8190736746331125,0.851756805768612,9,6,2,1
2024-02-18 10:00:00,2.136775679908581,30.58881550181653,68.32117628059022,0.9606652611596027,4.82051491009063,10,6,2,1
2024-02-18 11:00:00,5.108197781016251,31.4107841371899,74.82684390123015,0.37482061001780564,0.6957596870674865,11,6,2,1
2024-02-18 12:00:00,2.8149658357540916,30.617736103347944,69.19882361524655,0.9775653303751499,2.357872997705898,12,6,2,1
2024-02-18 13:00:00,3.1741726631056455,31.647550948857774,67.76043948775009,0.9781963486996145,9.173684809057628,13,6,2,1
2024-02-18 14:00:00,4.818360094336738,31.12156743056347,76.54967140450351,0.003520579843015459,8.186975366241336,14,6,2,1
2024-02-18 15:00:00,6.369626077971911,31.781153232049117,67.45977956388961,0.2269073383750374,5.690539796586989,15,6,2,1
2024-02-18 16:00:00,1.2537488433705544,30.27553387358045,73.25231587581249,0.9293427115935694,0.575354122138072,16,6,2,1
2024-02-18 17:00:00,3.5024363548901527,30.825867072575036,68.25142276095195,0.017322261458874277,5.281422468695194,17,6,2,1
2024-02-18 18:00:00,1.188978633208147,29.820058244677668,58.65229685713081,0.7127136959479126,0.767804657729465,18,6,2,1
2024-02-18 19:00:00,0.4339240210064683,27.568715348420945,75.10582100021814,0.7041461400535188,5.29081744504905,19,6,2,1
2024-02-18 20:00:00,0.0,26.246406925555704,66.17886257067538,0.2925728074823982,5.550195918543369,20,6,2,1
2024-02-18 21:00:00,0.0,26.487641055478242,76.31131194623579,0.23051235731548503,0.2711187233444956,21,6,2,1
2024-02-18 22:00:00,0.0,23.43310569528757,79.65151272869274,0.765773228924192,4.6063215575645335,22,6,2,1
2024-02-18 23:00:00,0.0,23.56844823874849,86.94496049634016,0.7693260910446048,4.995408344303924,23,6,2,1
2024-02-19 00:00:00,0.0,21.306237184715304,90.870291969481,0.27242969709341425,4.551237964058793,0,0,2,0
2024-02-19 01:00:00,0.0,22.878095243031407,85.42670918167374,0.7330003584947747,6.770510657812052,1,0,2,0
2024-02-19 02:00:00,0.0,22.72367323298394,80.41986814350457,0.8919837748017024,9.402262560202267,2,0,2,0
2024-02-19 03:00:00,0.0,22.097695072373668,83.58740959692256,0.865469832758295,7.940500149266269,3,0,2,0
2024-02-19 04:00:00,0.0,21.16194821469029,89.56892700340181,0.3406712658983493,3.1618800072289166,4,0,2,0
2024-02-19 05:00:00,0.0,21.66281234433124,92.03537063487494,0.45539454805571544,1.3716060656038553,5,0,2,0
2024-02-19 06:00:00,0.5238194799929067,24.395199633976937,78.7171768364827,0.6546201237132694,1.7184138549015293,6,0,2,0
2024-02-19 07:00:00,1.7626959599316134,24.854022968355796,79.44976818024001,0.4967733409359092,4.374910544938419,7,0,2,0
2024-02-19 08:00:00,3.0304475037387535,25.080048065194365,75.89802841990482,0.1607346101548247,5.156751656598476,8,0,2,0
2024-02-19 09:00:00,3.0397435342252663,29.090926656176137,73.35369425973005,0.18188385951545083,9.736344833581514,9,0,2,0
2024-02-19 10:00:00,3.082586195702208,30.316168619461624,69.42126424739689,0.7308405419642056,4.678899011195893,10,0,2,0
2024-02-19 11:00:00,3.0273415848570098,31.252389037581835,62.981823784129006,0.6136884990918877,4.82623554927393,11,0,2,0
2024-02-19 12:00:00,7.919857595013627,30.529956324120555,65.79833840052183,0.10772177536784178,9.954363275210973,12,0,2,0
2024-02-19 13:00:00,3.897908342327763,31.374192278625664,65.64315240442298,0.5857726146819218,0.9754857283888096,13,0,2,0
2024-02-19 14:00:00,6.514373548493011,31.849391115570413,65.83226541156525,0.1604362361118301,4.966408385341009,14,0,2,0
2024-02-19 15:00:00,1.8863427008750637,31.759190138648,64.17036395474629,0.8751614020405711,6.4962377129519036,15,0,2,0
2024-02-19 16:00:00,3.079304443850615,31.46793891691606,71.63311526207478,0.4470529336244934,3.388367520834279,16,0,2,0
2024-02-19 17:00:00,1.8669117574569918,30.25947030147577,67.11948188920586,0.5967864558902126,0.9828180327557179,17,0,2,0
2024-02-19 18:00:00,1.5309934832235734,30.07291523678339,69.54070830290296,0.5546876818928075,9.278165973998886,18,0,2,0
2024-02-19 19:00:00,0.8653597771504467,27.527203106140565,77.49299337582237,0.4341592629137936,3.4392195980911886,19,0,2,0
2024-02-19 20:00:00,0.0,26.61893079829014,70.72914622802612,0.2553901949370466,7.20915565263822,20,0,2,0
2024-02-19 21:00:00,0.0,25.463475185966573,78.60737754195559,0.2234007759998059,7.994368703584063,21,0,2,0
2024-02-19 22:00:00,0.0,23.64510555116334,89.74572137319232,0.9342468777337501,6.479874877120565,22,0,2,0
2024-02-19 23:00:00,0.0,24.546814298005373,85.89395075670477,0.14250408696798567,1.5553378416206032,23,0,2,0
2024-02-20 00:00:00,0.0,20.596630447819035,85.9941926232134,0.9033202305700893,1.2525146367729678,0,1,2,0
2024-02-20 01:00:00,0.0,20.60556473538886,94.49126200154342,0.6528078323334843,4.30187266693911,1,1,2,0
2024-02-20 02:00:00,0.0,22.115138332897732,90.99518512203666,0.40498745470720665,0.6042723955684792,2,1,2,0
2024-02-20 03:00:00,0.0,20.975577647797607,85.03280657017496,0.8090532269489571,7.386258497523603,3,1,2,0
2024-02-20 04:00:00,0.0,22.024658041222782,85.14275631614431,0.6061186580785879,3.9854105555609385,4,1,2,0
2024-02-20 05:00:00,0.0,22.876366628755715,84.62202293795553,0.20210467897124373,3.159980593070495,5,1,2,0
2024-02-20 06:00:00,0.5115236229583799,22.383207924311783,88.9071101286336,0.48470531393196226,3.5510458073043316,6,1,2,0
2024-02-20 07:00:00,0.6585917879765879,26.296929267656434,93.88555250695354,0.93011759219611,5.719015792335589,7,1,2,0
2024-02-20 08:00:00,1.401218522375961,26.355606200438075,80.0404880542044,0.7330496015784804,0.3226562477871109,8,1,2,0
2024-02-20 09:00:00,3.4723643158190574,28.036088994724427,84.19295723193024,0.19007014320303472,5.021794552952294,9,1,2,0
2024-02-20 10:00:00,4.216845856504902,28.44832339701733,69.33645489056022,0.32184839006149835,2.2402696602813155,10,1,2,0
2024-02-20 11:00:00,2.470394807210777,30.49107410292587,70.95626731444625,0.954631300898816,4.398796758226488,11,1,2,0
2024-02-20 12:00:00,3.073404751036851,30.774493700706966,68.68891146580839,0.8253259706226611,7.423759631078768,12,1,2,0
2024-02-20 13:00:00,3.3460152462586645,31.111063991794516,69.91737263002157,0.9591797609187448,1.3713759312057938,13,1,2,0
2024-02-20 14:00:00,4.325753216412637,30.968593818420384,67.66566648233687,0.4505168031230662,5.909911177318317,14,1,2,0
2024-02-20 15:00:00,2.2953257894184946,33.23380404717861,64.9596200774493,0.7048330035814219,7.743406111960636,15,1,2,0
2024-02-20 16:00:00,1.8988159189037679,32.26134859784086,55.96058093298174,0.6138698224512366,3.777777241729062,16,1,2,0
2024-02-20 17:00:00,1.2655248293312353,29.64168765067826,69.54119497005519,0.9323453478635234,5.884788970975089,17,1,2,0
2024-02-20 18:00:00,1.2225410972702686,29.847782046226744,66.53911391593802,0.7162050065408248,3.181203699069546,18,1,2,0
2024-02-20 19:00:00,0.32406073560360116,27.338203236708438,80.94631965185604,0.9904474814105191,4.930935335414465,19,1,2,0
2024-02-20 20:00:00,0.0,27.503528546921956,74.10687111019467,0.9148999677406011,9.540190324466552,20,1,2,0
2024-02-20 21:00:00,0.0,24.93704034020853,76.76073875026104,0.07985921297052079,4.90668614865382,21,1,2,0
2024-02-20 22:00:00,0.0,25.09372828714255,84.81260652411488,0.3355894188619203,8.948641474491277,22,1,2,0
2024-02-20 23:00:00,0.0,23.93182218407041,87.24722469401827,0.7779785082661771,2.0650661859718076,23,1,2,0
2024-02-21 00:00:00,0.0,21.25520297060383,87.82132811153916,0.589327020455122,4.2381174982777825,0,2,2,0
2024-02-21 01:00:00,0.0,22.238668176627847,82.58737975474212,0.5312942045471983,8.301280664831411,1,2,2,0
2024-02-21 02:00:00,0.0,21.356836783711195,92.72856609000333,0.7622419055640972,4.041488735162432,2,2,2,0
2024-02-21 03:00:00,0.0,22.548199126498314,83.85168186910977,0.5894583526982646,2.36334878091753,3,2,2,0
2024-02-21 04:00:00,0.0,22.170666620159196,84.40262461834641,0.8433453320861951,4.8582293818671465,4,2,2,0
2024-02-21 05:00:00,0.0,22.38699551297874,82.47370715395928,0.2558666302526954,8.179948809801164,5,2,2,0
2024-02-21 06:00:00,0.6482004253403393,22.524894919924808,74.61504111529304,0.5053751650629229,7.071008046959175,6,2,2,0
2024-02-21 07:00:00,0.5105130164815571,25.319978329256706,71.22591023801984,0.9833805722055622,3.765657667946456,7,2,2,0
2024-02-21 08:00:00,3.1537662150267187,26.95051398500508,70.6349650525959,0.042488589882952454,6.945782016625509,8,2,2,0
2024-02-21 09:00:00,2.8822756835864323,27.278079359137813,72.14861741686157,0.6234536683535745,6.090979182757628,9,2,2,0
2024-02-21 10:00:00,4.600331309097962,29.870771424395215,74.10374068711344,0.43520313452167525,7.250573437307237,10,2,2,0
2024-02-21 11:00:00,2.7244638888337187,30.699800199481203,74.5219062710852,0.68556139976053,2.1465480488378965,11,2,2,0
2024-02-21 12:00:00,6.383243472221782,29.147616582308018,74.09918038077045,0.22044655140783043,1.0611165914745235,12,2,2,0
2024-02-21 13:00:00,3.9985773525541526,30.69260202993707,74.03799894616155,0.6861644446201665,0.1325305032815116,13,2,2,0
2024-02-21 14:00:00,2.2432720579296133,31.574143215860612,64.566133667724,0.9297925471390242,7.989023272773212,14,2,2,0
2024-02-21 15:00:00,2.5622546849073506,31.320168857843655,67.7796451097048,0.7909952270582675,8.48762752471647,15,2,2,0
2024-02-21 16:00:00,2.5896952768007298,30.657547791796883,70.6435016029918,0.2982971187126171,3.5479146586324575,16,2,2,0
2024-02-21 17:00:00,1.3651624103830955,29.487833047846483,74.90704384236206,0.6626193097829426,5.318943883227931,17,2,2,0
2024-02-21 18:00:00,1.255522716987957,29.299667831441294,74.35069905234069,0.5919186225060753,0.5447108102180009,18,2,2,0
2024-02-21 19:00:00,1.0176106694201423,28.161377778762244,78.9816575556742,0.12340448012381522,1.223094613225374,19,2,2,0
2024-02-21 20:00:00,0.0,25.543365782924795,80.9528102367706,0.06290571821272206,6.095370712086233,20,2,2,0
2024-02-21 21:00:00,0.0,25.349139529178824,81.14590611440548,0.07276264242972186,8.155674441740803,21,2,2,0
2024-02-21 22:00:00,0.0,23.052394185963113,82.52939540599336,0.6520035258056727,4.633049115657908,22,2,2,0
2024-02-21 23:00:00,0.0,23.2376105897967,90.31259845194431,0.7600036331618256,8.299479691614959,23,2,2,0
2024-02-22 00:00:00,0.0,22.1792629295031,84.96011343715851,0.9743114336082837,3.011914241516449,0,3,2,0
2024-02-22 01:00:00,0.0,22.636159614042636,79.14396365575627,0.6953208685929609,1.2383328257730741,1,3,2,0
2024-02-22 02:00:00,0.0,20.60159976654632,89.92514726192432,0.6903393611126211,3.5125033041852696,2,3,2,0
2024-02-22 03:00:00,0.0,21.877772563062187,81.56805107528929,0.3041065927060601,3.0016501125643815,3,3,2,0
2024-02-22 04:00:00,0.0,20.941880266272594,89.41373694648793,0.1978442372997813,2.7852888022357467,4,3,2,0
2024-02-22 05:00:00,0.0,22.725433631530734,81.08131744449157,0.6295136941013474,0.8379794477531055,5,3,2,0
2024-02-22 06:00:00,1.0621017473497287,25.012305584216087,74.68120003986287,0.11616061846990267,5.077306372462351,6,3,2,0
2024-02-22 07:00:00,1.5771932931742856,24.69300846053868,83.61245169741454,0.3783580835515915,0.6293632206223543,7,3,2,0
2024-02-22 08:00:00,2.305835924612781,26.016115588031678,76.07293950760534,0.3125891349746599,1.990971886678592,8,3,2,0
2024-02-22 09:00:00,3.0422865816948645,28.286756988492595,72.14097237135113,0.15072038066955695,5.3288859544700955,9,3,2,0
2024-02-22 10:00:00,6.8696796119988175,28.561040321458584,70.22079531794161,0.12964118941786829,6.22192180104734,10,3,2,0
2024-02-22 11:00:00,6.9891962716790585,29.8876141958946,68.59322108104834,0.11665839432614078,1.2299481196966555,11,3,2,0
2024-02-22 12:00:00,4.920700300673425,31.253620543677414,64.35005970944557,0.5655461969105896,9.21618573657445,12,3,2,0
2024-02-22 13:00:00,3.340917362205271,31.936474849434674,62.72541925490096,0.8867914466889899,0.8356842837195799,13,3,2,0
2024-02-22 14:00:00,3.6143004636009115,30.030982188923062,72.41458986366258,0.7707988792548979,4.188391443958875,14,3,2,0
2024-02-22 15:00:00,8.030739095874774,31.741237031875,70.74509744389341,0.08984517205910492,3.193608043734373,15,3,2,0
2024-02-22 16:00:00,3.593178806828039,30.903875838427872,62.26656398485546,0.3743080277347173,5.922847229281295,16,3,2,0
2024-02-22 17:00:00,1.6309806765310901,29.962140232121826,70.63703687849501,0.467026132120382,2.7018015036531984,17,3,2,0
2024-02-22 18:00:00,0.9016969173414842,28.81333352886459,73.73710589008995,0.8962368019148493,5.617924661627876,18,3,2,0
2024-02-22 19:00:00,0.8825095728758989,26.704317611704493,72.52523121426995,0.30156983132142834,4.090087834341528,19,3,2,0
2024-02-22 20:00:00,0.0,26.68408399308041,79.84663535308313,0.17350873501230935,4.533620315553079,20,3,2,0
2024-02-22 21:00:00,0.0,27.696654176720262,78.05873780353517,0.9932035568844894,3.594605090901256,21,3,2,0
2024-02-22 22:00:00,0.0,23.754962777659863,87.97737417505691,0.1207114014464461,7.719937609003887,22,3,2,0
2024-02-22 23:00:00,0.0,22.522465353585964,89.91755345791093,0.8742888586269909,4.242766609248236,23,3,2,0
2024-02-23 00:00:00,0.0,20.56855458648148,87.89366630822576,0.1805275307065325,7.373393850239834,0,4,2,0
2024-02-23 01:00:00,0.0,23.157125629254423,85.67097186882457,0.8943897406752459,8.26978828678913,1,4,2,0
2024-02-23 02:00:00,0.0,22.807669208727706,82.51959673794843,0.8301116683799021,9.214805389831206,2,4,2,0
2024-02-23 03:00:00,0.0,21.673402035727687,82.06162789062029,0.7822766394076698,9.406418613773264,3,4,2,0
2024-02-23 04:00:00,0.0,23.90068985348918,88.23388890052107,0.8187323573995255,3.3778432449741977,4,4,2,0
2024-02-23 05:00:00,0.0,22.461886289096203,85.43244996240279,0.8084378940084755,7.237715826464529,5,4,2,0
2024-02-23 06:00:00,0.678788230825782,24.202897208571805,89.63044699111254,0.292999916868375,7.240166784579197,6,4,2,0
2024-02-23 07:00:00,2.1438033968746537,25.02917346649334,81.44647603794317,0.05755327680152045,7.195447057942177,7,4,2,0
2024-02-23 08:00:00,2.7220824410259725,26.048090206412876,85.85460782136774,0.2912142897570327,3.8098498503966436,8,4,2,0
2024-02-23 09:00:00,1.6357332713786852,25.78857576023203,82.10943538837579,0.8409939679222723,3.969963714828727,9,4,2,0
2024-02-23 10:00:00,4.647287824906331,27.767670586900742,66.81906069768822,0.42199081091268476,1.8990343529422704,10,4,2,0
2024-02-23 11:00:00,4.5173040420035795,28.47036833413979,78.67259660825961,0.3024518487706992,1.7703247422457402,11,4,2,0
2024-02-23 12:00:00,5.239189346506725,29.82051881450858,61.63522070845432,0.6142391073480604,5.096181585776903,12,4,2,0
2024-02-23 13:00:00,5.407288878659278,31.469694617026807,72.38127844029721,0.07631853318515602,6.318912494311663,13,4,2,0
2024-02-23 14:00:00,5.286209184627273,31.138957794593885,73.24290527300683,0.006588369115061443,0.08107302195730304,14,4,2,0
2024-02-23 15:00:00,4.466929291310864,31.694163589734583,69.40396766410855,0.08658397863928824,2.245893245758964,15,4,2,0
2024-02-23 16:00:00,2.0312230446282804,30.967612848135804,57.82579568458529,0.6502054033974494,9.31648400216384,16,4,2,0
2024-02-23 17:00:00,2.02184813717822,29.543552713373018,75.94757840141096,0.24090811967674775,6.159110781351311,17,4,2,0
2024-02-23 18:00:00,1.7086162015429411,30.159350567788827,77.57383495873141,0.42070756633771744,3.856232175942458,18,4,2,0
2024-02-23 19:00:00,0.5830709722859759,27.327796022335573,75.55525256221655,0.6544966275021595,1.775912237867816,19,4,2,0
2024-02-23 20:00:00,0.0,25.585013670932263,76.77247092333853,0.56818436217427,4.203838265252363,20,4,2,0
2024-02-23 21:00:00,0.0,24.231845143229556,85.13889894867783,0.1151609026597995,7.05814877022736,21,4,2,0
2024-02-23 22:00:00,0.0,24.21936808703283,85.77975384178472,0.7362534125869623,8.189160746294085,22,4,2,0
2024-02-23 23:00:00,0.0,22.348113496970704,90.46791861054665,0.770604983147988,6.0865373666534905,23,4,2,0
2024-02-24 00:00:00,0.0,22.284406089433222,88.76319619732617,0.5545350978425972,3.7050780936169145,0,5,2,1
2024-02-24 01:00:00,0.0,20.275488019658493,89.34844880961106,0.1156389621816537,3.513269780529187,1,5,2,1
2024-02-24 02:00:00,0.0,20.88900208077743,95.0,0.9657475916929262,3.1360274755655118,2,5,2,1
2024-02-24 03:00:00,0.0,21.05628620341371,95.0,0.4259954685451818,6.226009531228285,3,5,2,1
2024-02-24 04:00:00,0.0,20.94485369031694,95.0,0.6535463858153022,6.997503099535512,4,5,2,1
2024-02-24 05:00:00,0.0,21.74685233495958,85.1554420986908,0.4239758176544264,8.143516930749033,5,5,2,1
2024-02-24 06:00:00,0.5464953994606994,25.03057562683003,73.53006006390018,0.7651464193949787,1.4979752077068753,6,5,2,1
2024-02-24 07:00:00,0.5983346904927267,26.03052146652315,77.41387007741123,0.8092026583020024,5.917247879766326,7,5,2,1
2024-02-24 08:00:00,1.2780971943711572,27.30344168593188,78.3955144308667,0.8195705614545251,7.815617277983131,8,5,2,1
2024-02-24 09:00:00,2.291215521394399,27.215822955486257,80.17119267622743,0.7408628660723113,7.266349212417463,9,5,2,1
2024-02-24 10:00:00,2.6317813819164826,30.042612103010207,67.960039718561,0.7014567190288782,1.642989761146495,10,5,2,1
2024-02-24 11:00:00,2.989425435971637,28.453479488725584,76.35729834460741,0.8533968943051201,6.776528350036195,11,5,2,1
2024-02-24 12:00:00,5.509340074691308,31.149589773979102,62.2020948257809,0.5556129779393104,9.521520118898176,12,5,2,1
2024-02-24 13:00:00,4.127281195927972,31.78433940633367,66.58228807458636,0.679457724158017,5.012438478723599,13,5,2,1
2024-02-24 14:00:00,2.9551818210217373,29.35894847123008,69.89680139369324,0.6572884451657942,5.01302704259598,14,5,2,1
2024-02-24 15:00:00,7.230750525889506,32.88745131536856,60.46855293493191,0.05483433114535752,6.101394350988494,15,5,2,1
2024-02-24 16:00:00,2.701485603218856,31.48332342691654,71.58157822506254,0.3837327725381846,9.497065424864214,16,5,2,1
2024-02-24 17:00:00,2.480264293832236,30.0315522389619,75.62538906215009,0.42661621349592593,8.588823902638017,17,5,2,1
2024-02-24 18:00:00,2.293960587711476,29.826430803039706,74.6010223112909,0.1118247696417195,2.20353867916434,18,5,2,1
2024-02-24 19:00:00,0.8151553215223556,27.276316317563694,66.06847625561272,0.10744464685247657,3.5085876590531573,19,5,2,1
2024-02-24 20:00:00,0.0,26.63801986918178,80.19157037284758,0.7981833164787572,3.414307315739029,20,5,2,1
2024-02-24 21:00:00,0.0,25.490383229867696,82.4894025814461,0.5437899322608278,2.690807176169155,21,5,2,1
2024-02-24 22:00:00,0.0,23.171000408108732,84.52986878522589,0.9040767649066341,4.341619109892911,22,5,2,1
2024-02-24 23:00:00,0.0,24.81978897016517,80.44317434515467,0.7544406632807868,1.7168406250584967,23,5,2,1
2024-02-25 00:00:00,0.0,23.014117518767726,91.8737453739126,0.4170998830046162,7.945554422903342,0,6,2,1
2024-02-25 01:00:00,0.0,21.336369013242667,85.59951117627013,0.08779439669507039,3.5838527405847187,1,6,2,1
2024-02-25 02:00:00,0.0,21.08500940575019,88.04006823075838,0.5681611931268211,4.4767483830730885,2,6,2,1
2024-02-25 03:00:00,0.0,21.640787483356995,83.74571493606102,0.44524695471983966,3.882561064606497,3,6,2,1
2024-02-25 04:00:00,0.0,23.068797124815877,84.59946620222047,0.06524376075151295,7.423358760910384,4,6,2,1
2024-02-25 05:00:00,0.0,22.75101533028377,85.69351944468306,0.6530224132226515,5.127398063523478,5,6,2,1
2024-02-25 06:00:00,0.5667913547580489,23.07052438318856,84.92759723348804,0.6564065941774004,7.895823657639349,6,6,2,1
2024-02-25 07:00:00,0.7458811680736228,24.52193840356103,84.2636729639854,0.7868100033778804,3.1663962167117674,7,6,2,1
2024-02-25 08:00:00,1.955264764238987,26.177664390164857,75.66431459270345,0.3958802243621615,2.875524649882136,8,6,2,1
2024-02-25 09:00:00,3.1854959046288185,27.23429489476082,78.36327709341947,0.20550229110521834,0.2588594930515997,9,6,2,1
2024-02-25 10:00:00,3.798102970348365,29.63558229176692,65.5407004256309,0.7713075440502116,9.209122358748658,10,6,2,1
2024-02-25 11:00:00,3.723683609415244,28.32711187577433,74.66706774185566,0.2760572205485773,0.9112403050534734,11,6,2,1
2024-02-25 12:00:00,4.456741749357823,30.66191100959669,70.20142430259678,0.41433537463991277,2.4019877005312384,12,6,2,1
2024-02-25 13:00:00,3.196397421760783,30.490680069854783,71.86940795631507,0.9158690599645927,9.091412750726061,13,6,2,1
2024-02-25 14:00:00,4.718471372100244,32.78332084622414,64.56362191468348,0.23711789417411333,6.555050327458737,14,6,2,1
2024-02-25 15:00:00,5.1751765626435065,31.85541004426011,68.17337525643752,0.5027746154513266,6.682487880648394,15,6,2,1
2024-02-25 16:00:00,1.7199794791998086,31.306666094793876,72.60709549100356,0.6907507828566263,5.9278375481364485,16,6,2,1
2024-02-25 17:00:00,1.4487965122363613,30.299501958501345,64.30079317452751,0.5454021371537554,6.569123018157005,17,6,2,1
2024-02-25 18:00:00,1.342908642395987,27.362333647116685,64.88795363888761,0.5371541515658734,5.88237724630952,18,6,2,1
2024-02-25 19:00:00,0.6732630539467603,27.8127847881957,71.11874203033022,0.30268712022044864,4.191559625279827,19,6,2,1
2024-02-25 20:00:00,0.0,27.41213478164312,73.48102564125499,0.7130142291047254,5.597751974323108,20,6,2,1
2024-02-25 21:00:00,0.0,25.49000849626751,71.31883099557429,0.07055006459429058,2.340010976833372,21,6,2,1
2024-02-25 22:00:00,0.0,23.577288545312303,85.41893803409006,0.935148945982048,7.60799179697443,22,6,2,1
2024-02-25 23:00:00,0.0,23.691489086212833,82.71841261912164,0.26148004580286277,9.866521192049001,23,6,2,1
2024-02-26 00:00:00,0.0,23.251383071647798,85.65191690744804,0.9556640770545685,5.238227764379748,0,0,2,0
2024-02-26 01:00:00,0.0,22.023168175401413,84.86828646357397,0.7196747599730445,0.39885591821616995,1,0,2,0
2024-02-26 02:00:00,0.0,20.981825046385968,94.03311829789115,0.39036129913056894,9.843396352447835,2,0,2,0
2024-02-26 03:00:00,0.0,20.3323265615759,90.31967020252628,0.3947169512282327,9.046429924937815,3,0,2,0
2024-02-26 04:00:00,0.0,22.209027295120517,82.10894461995579,0.3788206234869461,4.039789907644833,4,0,2,0
2024-02-26 05:00:00,0.0,23.9566364746767,80.89844974210108,0.6314888380079368,6.780740031492648,5,0,2,0
2024-02-26 06:00:00,0.6767728165383118,24.072787358682312,82.68960484062274,0.5706044891733364,6.0237038880611395,6,0,2,0
2024-02-26 07:00:00,1.3477798595337764,24.429963235468982,82.93780333398718,0.421260350022852,8.024357401442028,7,0,2,0
2024-02-26 08:00:00,2.2591446792098777,25.880297250992747,84.64679141645819,0.09310572475609613,6.070000581270695,8,0,2,0
2024-02-26 09:00:00,2.1266522792038214,28.506759165325175,76.23824227657144,0.7380575024797132,7.429752727195996,9,0,2,0
2024-02-26 10:00:00,5.143179412552015,28.76067067597817,75.48542049424574,0.14729982091251648,2.7695367223398026,10,0,2,0
2024-02-26 11:00:00,5.614506699978216,31.617529966292103,73.53165960484122,0.08851176407700734,9.937863371684049,11,0,2,0
2024-02-26 12:00:00,4.871441551515783,29.37306153624948,64.36610514724656,0.4025519054890536,6.09487863476223,12,0,2,0
2024-02-26 13:00:00,7.23126952707451,30.61777236304619,66.72257527375045,0.22002361212759158,2.648865317658399,13,0,2,0
2024-02-26 14:00:00,6.313553048301911,32.936561794763655,56.372766432385454,0.41893235342154145,7.095589721340758,14,0,2,0
2024-02-26 15:00:00,5.758157803515297,29.748435443439696,58.59104871170718,0.09309341042655483,9.303531098953071,15,0,2,0
2024-02-26 16:00:00,2.2988500679501036,30.752789445347716,71.23752146990938,0.628608437345294,9.722733844438869,16,0,2,0
2024-02-26 17:00:00,2.038716071572354,29.773943587822327,78.21579736738322,0.5970301678229493,0.09052575925863615,17,0,2,0
2024-02-26 18:00:00,1.1680606848257615,30.214898554984348,74.65037310617295,0.7850529333205495,0.38912227768120866,18,0,2,0
2024-02-26 19:00:00,0.2676452201466073,26.291576431473914,76.97039494022658,0.8927805675596826,6.376060282554894,19,0,2,0
2024-02-26 20:00:00,0.0,27.280804740304696,63.959596330625594,0.7662546182334227,9.53114904547236,20,0,2,0
2024-02-26 21:00:00,0.0,25.350996789151157,76.80515486918007,0.10906250068465995,5.791064224311839,21,0,2,0
2024-02-26 22:00:00,0.0,23.309633763976567,84.51826046107105,0.9555261172594791,5.6646585999735874,22,0,2,0
2024-02-26 23:00:00,0.0,22.771494875674193,84.5810907947491,0.03912124192552391,4.9225944341718915,23,0,2,0
2024-02-27 00:00:00,0.0,23.335644308182363,91.51959251821266,0.48706463892786445,7.062579238418617,0,1,2,0
2024-02-27 01:00:00,0.0,20.50989164293914,95.0,0.7616691965815698,5.052547390493065,1,1,2,0
2024-02-27 02:00:00,0.0,23.193186570300835,84.86984123457609,0.3199682485500488,8.752146097746461,2,1,2,0
2024-02-27 03:00:00,0.0,22.97223316814581,90.51422290371522,0.9456211652634049,2.2893152909536885,3,1,2,0
2024-02-27 04:00:00,0.0,22.009297223173785,88.78753056507172,0.2463247431157709,5.787371535160069,4,1,2,0
2024-02-27 05:00:00,0.0,22.813123047437664,84.15189794300778,0.07192157698091572,3.818049424949639,5,1,2,0
2024-02-27 06:00:00,1.0020389238814937,25.87109699729635,85.35053337045896,0.2083254892199693,1.1931896049496238,6,1,2,0
2024-02-27 07:00:00,0.7364709248016827,24.193969858087787,82.92230133687424,0.7553121038513658,2.057515627187827,7,1,2,0
2024-02-27 08:00:00,1.8932419874618294,25.08741701249726,83.18867105876205,0.3077393650133057,4.04907578921085,8,1,2,0
2024-02-27 09:00:00,2.1254740292159306,28.074583080599837,71.108175377959,0.6151102971884582,9.570619806818385,9,1,2,0
2024-02-27 10:00:00,5.855723984504944,30.207704050868713,66.26867942475654,0.31064327559013216,2.073843554854997,10,1,2,0
2024-02-27 11:00:00,3.3435803291392996,31.62012262944836,76.55233950009388,0.750201346821422,1.5122445012302466,11,1,2,0
2024-02-27 12:00:00,5.071224221958028,29.929471416843846,73.93311637463073,0.6625891355002155,9.599473596981621,12,1,2,0
2024-02-27 13:00:00,3.4868576454329587,31.721273219288793,72.17174360194029,0.7318843586644416,8.535248573002049,13,1,2,0
2024-02-27 14:00:00,5.009843106798337,30.695013288397284,63.60225551859171,0.4579021946218831,1.697440620198799,14,1,2,0
2024-02-27 15:00:00,6.773781785400183,29.285922391935674,68.22898142733146,0.33756183766571224,0.2065830668973201,15,1,2,0
2024-02-27 16:00:00,2.6751776283310713,29.484156512388573,75.23427121998469,0.44139215403287424,5.266547009870961,16,1,2,0
2024-02-27 17:00:00,1.0054093294275506,32.55429684188127,63.45002032024338,0.8679051952500554,1.9177297530366266,17,1,2,0
2024-02-27 18:00:00,0.6705115664273343,29.080264783465005,68.28040359227946,0.8170822870835937,3.8997444747572416,18,1,2,0
2024-02-27 19:00:00,0.352275198526105,27.96250124989676,71.91194562589615,0.9322653714543961,2.82785651512519,19,1,2,0
2024-02-27 20:00:00,0.0,25.315065361429667,77.38524594114637,0.35382301211529676,3.8851819428111356,20,1,2,0
2024-02-27 21:00:00,0.0,24.11385756520659,88.87692893924375,0.733867611898339,3.3581760482201406,21,1,2,0
2024-02-27 22:00:00,0.0,22.05516456732113,82.22948976472489,0.4865064046150538,2.789141070925829,22,1,2,0
2024-02-27 23:00:00,0.0,22.725929436785066,87.51309566952412,0.7029051375065447,2.0361415095078583,23,1,2,0
2024-02-28 00:00:00,0.0,22.695913308060454,75.90805748244652,0.06922067233466944,0.8096904343653122,0,2,2,0
2024-02-28 01:00:00,0.0,19.951129678148767,89.23830354424666,0.8806340628864118,1.6509283495265226,1,2,2,0
2024-02-28 02:00:00,0.0,21.905471892394186,92.8382284090241,0.15162924285309132,5.281378797362695,2,2,2,0
2024-02-28 03:00:00,0.0,21.693525802197644,90.30421632451265,0.9809756683366018,5.547137079007736,3,2,2,0
2024-02-28 04:00:00,0.0,21.23247343603062,85.65373541699029,0.438606337854585,3.2403310606189626,4,2,2,0
2024-02-28 05:00:00,0.0,24.56291567592673,79.7034844488017,0.6576668255569235,1.40041362252189,5,2,2,0
2024-02-28 06:00:00,0.9133262471952469,23.61542542390276,82.72866478875243,0.32199510877744997,6.80419823607555,6,2,2,0
2024-02-28 07:00:00,1.9914877913884528,26.08478278818917,79.36197073217998,0.14344838773818858,3.5514450131768003,7,2,2,0
2024-02-28 08:00:00,3.2824571687236572,25.94849722766835,81.67712234832567,0.04138870488887536,9.214309492727853,8,2,2,0
2024-02-28 09:00:00,2.1084528146412063,27.38361229842339,78.1238860961311,0.47402355536017216,8.154333041941836,9,2,2,0
2024-02-28 10:00:00,7.064279482957944,28.755237542361495,69.55420847021718,0.2666886274545136,4.409029928125899,10,2,2,0
2024-02-28 11:00:00,4.703816439621772,29.10674677822829,69.81100686681877,0.25123127195669515,7.1900769096623405,11,2,2,0
2024-02-28 12:00:00,2.3873381716319177,29.22154803414753,73.95194990252178,0.9790430098705946,5.363829579135125,12,2,2,0
2024-02-28 13:00:00,8.634626139380792,32.958648468713356,64.59563238249312,0.04907743105303708,3.1594423490460697,13,2,2,0
2024-02-28 14:00:00,3.1959352555632052,31.565249490399335,69.72854506432054,0.8443662737681177,6.850080389992418,14,2,2,0
2024-02-28 15:00:00,5.744995624827979,31.701724687225738,73.79657658684401,0.12855513972940558,6.040232485084043,15,2,2,0
2024-02-28 16:00:00,3.1972396093157527,31.478052738905706,68.42241357516893,0.14521669530547143,3.0776829223344393,16,2,2,0
2024-02-28 17:00:00,0.9539669532870323,30.015661873886174,77.11379227446504,0.9293216985494606,9.744497203018943,17,2,2,0
2024-02-28 18:00:00,1.3460408413149987,29.082707312249017,72.62670986907567,0.08160186536863245,3.988736778019406,18,2,2,0
2024-02-28 19:00:00,0.46355819614165983,26.34416795569006,74.75843656515353,0.837534039121345,6.048323583991931,19,2,2,0
2024-02-28 20:00:00,0.0,26.895605576118367,77.52688419890472,0.42985653744304964,3.9139728448554956,20,2,2,0
2024-02-28 21:00:00,0.0,25.10644260366648,88.91744202575896,0.5827342551021845,9.102254664075648,21,2,2,0
2024-02-28 22:00:00,0.0,22.788059226900536,80.14320612436049,0.5872433843079905,7.297691412566363,22,2,2,0
2024-02-28 23:00:00,0.0,22.990965156709454,93.3664588553358,0.5221336162615353,0.44843408937083384,23,2,2,0
2024-02-29 00:00:00,0.0,23.39308886382211,87.8034418852483,0.6923304283882029,2.081538785274868,0,3,2,0
2024-02-29 01:00:00,0.0,21.112186330622656,83.89723627442443,0.8804437645388166,5.005011101478152,1,3,2,0
2024-02-29 02:00:00,0.0,21.95288279327508,86.69423631139843,0.9325353223540798,5.669767742013033,2,3,2,0
2024-02-29 03:00:00,0.0,21.671352788956067,81.83648115292961,0.6591911566634799,9.047307849568046,3,3,2,0
2024-02-29 04:00:00,0.0,23.837842628871652,82.46122135819775,0.750518374210465,2.5160925138260213,4,3,2,0
2024-02-29 05:00:00,0.0,21.235627994843643,86.20379057292067,0.850786630692118,2.1808496918626883,5,3,2,0
2024-02-29 06:00:00,1.0441807243201278,23.61603686257747,85.93430284121466,0.1125563832707116,5.914330768306801,6,3,2,0
2024-02-29 07:00:00,0.5078692739783851,26.463455522717933,71.54385704529957,0.990114007769423,6.6930984999244565,7,3,2,0
2024-02-29 08:00:00,2.197994596736186,25.823287008015775,87.8698687917135,0.4845843142583326,1.4195924295831785,8,3,2,0
2024-02-29 09:00:00,2.530613417102299,28.52461294002938,61.856400174120836,0.18581270357289437,9.09026565772334,9,3,2,0
2024-02-29 10:00:00,4.594957092707826,32.01186012648536,61.78546017004055,0.5865259182902345,2.1371287111010764,10,3,2,0
2024-02-29 11:00:00,1.9330466533661645,30.75750847204687,71.85204071845563,0.996687101035697,9.563441472057491,11,3,2,0
2024-02-29 12:00:00,3.724767493961741,30.88867282513443,73.6524666601776,0.8930103389052502,2.8991116343721393,12,3,2,0
2024-02-29 13:00:00,3.326171817206783,30.63644528565289,73.48334992862782,0.9071407264964664,4.210245406618199,13,3,2,0
2024-02-29 14:00:00,3.6198233475691874,31.578433014721167,68.66061965455636,0.5953666212494657,3.8985835441614847,14,3,2,0
2024-02-29 15:00:00,2.574649935948173,30.695129147904208,67.25890030913602,0.6200209864279249,2.2203150442217865,15,3,2,0
2024-02-29 16:00:00,3.9501658426875603,31.241973350708395,59.33530548514075,0.10008616433209638,2.4716701717337743,16,3,2,0
2024-02-29 17:00:00,2.4099930732620076,30.92865731974097,66.50061776364603,0.10071089685038137,2.0160437950300625,17,3,2,0
2024-02-29 18:00:00,1.2602389599744033,28.668782768851255,64.57632951510091,0.6206831301955561,4.8163006932296435,18,3,2,0
2024-02-29 19:00:00,0.5438015721898789,28.766693782607533,70.023727115263,0.7335116554030735,2.9377114885506983,19,3,2,0
2024-02-29 20:00:00,0.0,26.863145778467032,78.28266208402592,0.7703719022672292,4.3698171673537995,20,3,2,0
2024-02-29 21:00:00,0.0,25.05320198922,71.17681175503793,0.9519055908440985,1.8864156743746041,21,3,2,0
2024-02-29 22:00:00,0.0,23.923751716663595,84.57186955692556,0.2511538391080884,4.857689992581033,22,3,2,0
2024-02-29 23:00:00,0.0,24.60932896595191,79.8193774901663,0.8929292086093896,3.012217666947945,23,3,2,0
2024-03-01 00:00:00,0.0,22.07614548554028,86.85365900443414,0.9074584055517517,5.302011601741135,0,4,3,0
2024-03-01 01:00:00,0.0,24.10486741740165,81.49330206855551,0.15978103691319212,3.323150672316327,1,4,3,0
2024-03-01 02:00:00,0.0,24.812792675872533,84.27087160739457,0.39828367077200655,1.7879258419905797,2,4,3,0
2024-03-01 03:00:00,0.0,23.23313781526426,73.3597937801563,0.010167110390824408,5.696714549945693,3,4,3,0
2024-03-01 04:00:00,0.0,26.2980731923994,74.68333478069599,0.5499563641520157,3.177863260808367,4,4,3,0
2024-03-01 05:00:00,0.0,23.442059618176,74.79768360548321,0.7559443603121384,5.771462502303315,5,4,3,0
2024-03-01 06:00:00,0.9648160387616166,26.562572912779963,79.9732028691001,0.12414063212736848,0.11896091498625028,6,4,3,0
2024-03-01 07:00:00,0.9072130793465626,27.675917976440438,74.66396624202532,0.8263752904489401,9.257079545602913,7,4,3,0
2024-03-01 08:00:00,2.593595077369145,27.915751765566263,83.4770082090971,0.28876070965892797,3.4122969793195255,8,4,3,0
2024-03-01 09:00:00,3.2235948834863164,30.949755371573467,63.12399765792071,0.33664280599398777,2.574212728104545,9,4,3,0
2024-03-01 10:00:00,3.384493791980631,29.656370799580507,69.88947137351484,0.7498544707878778,2.3030179946744846,10,4,3,0
2024-03-01 11:00:00,7.820526938636922,32.38975281127032,76.00973306638551,0.033286543207755925,9.505633674048125,11,4,3,0
2024-03-01 12:00:00,5.229251370694177,33.11640472708652,64.99681838457217,0.5695592533461445,4.517343981649137,12,4,3,0
2024-03-01 13:00:00,4.535666761333779,32.40713451581288,68.61983292803292,0.3787616983159928,7.10202572903309,13,4,3,0
2024-03-01 14:00:00,4.313100386185239,33.832982215642566,61.479981878637275,0.6745314868008557,6.073077850720918,14,4,3,0
2024-03-01 15:00:00,5.297382086239413,33.582973270066574,61.85764663595354,0.06629135187725332,4.689906230917122,15,4,3,0
2024-03-01 16:00:00,2.6279447690313114,30.871724092658,59.094968135225315,0.6461884076251003,8.13491655120387,16,4,3,0
2024-03-01 17:00:00,2.191975848293404,30.902517957433638,63.48058819099466,0.3057704472677206,9.154269527850488,17,4,3,0
2024-03-01 18:00:00,0.929899170736902,30.060337945658464,75.68208594009252,0.4914631602498196,8.23834643989816,18,4,3,0
2024-03-01 19:00:00,0.9726418440924786,29.67950010948713,73.03287158704285,0.2999147064345542,3.852541212228208,19,4,3,0
2024-03-01 20:00:00,0.0,27.83620516885047,77.10123029263286,0.7408767161440523,4.267623698397579,20,4,3,0
2024-03-01 21:00:00,0.0,28.03082935294151,75.80695633249563,0.02499519908030401,7.825821358612038,21,4,3,0
2024-03-01 22:00:00,0.0,25.44516145288683,74.53686904100154,0.21998114301199523,0.6445787120918456,22,4,3,0
2024-03-01 23:00:00,0.0,26.31268648058753,73.76516266517298,0.23587055797525935,2.593633159306817,23,4,3,0
2024-03-02 00:00:00,0.0,23.583815661112315,87.82059117028776,0.7291055173267632,8.806113260938375,0,5,3,1
2024-03-02 01:00:00,0.0,23.249901097113057,74.83263822474589,0.5000475478440517,3.9975189621698504,1,5,3,1
2024-03-02 02:00:00,0.0,23.269612478380814,80.0701938714779,0.8426646453142119,4.050467468098126,2,5,3,1
2024-03-02 03:00:00,0.0,22.886291617237212,83.71146030052074,0.6230821479174649,5.731546394568149,3,5,3,1
2024-03-02 04:00:00,0.0,24.627426472101444,91.91127118301155,0.13884681596472226,0.034174490457140605,4,5,3,1
2024-03-02 05:00:00,0.0,23.916548897473533,77.40202027810938,0.9897443139995492,7.714496411660513,5,5,3,1
2024-03-02 06:00:00,0.6106351127229945,26.23778124148721,74.77661140924796,0.5016793672349875,7.762497916417911,6,5,3,1
2024-03-02 07:00:00,1.3448682708597686,26.302926792899168,77.81383643617546,0.4613798721579183,4.017869204636667,7,5,3,1
2024-03-02 08:00:00,2.7932520216302987,28.120789463727967,73.18884407159575,0.3134236304847213,4.457429555533222,8,5,3,1
2024-03-02 09:00:00,2.27501128717824,28.82490165460946,89.39235078178886,0.722604264022034,9.313916992073546,9,5,3,1
2024-03-02 10:00:00,2.3434420959776947,29.228825391255768,72.36595940096399,0.8673749220036556,6.752465461497822,10,5,3,1
2024-03-02 11:00:00,4.779065604040171,32.034438639560065,63.42046078932726,0.627771957673659,9.61064318665079,11,5,3,1
2024-03-02 12:00:00,4.583697403689581,33.576268034369186,64.1662735153319,0.5923280788514997,0.8577917284254166,12,5,3,1
2024-03-02 13:00:00,5.912051775441253,33.99966040477606,62.28868286938336,0.1510994279184783,6.9022463827886344,13,5,3,1
2024-03-02 14:00:00,3.5266292015706155,32.21198797619067,57.43417392422795,0.6760257800823928,6.138792957455178,14,5,3,1
2024-03-02 15:00:00,3.9435292720740374,32.4353204032562,64.25069968350597,0.46419363636837374,2.0513180770909267,15,5,3,1
2024-03-02 16:00:00,3.5069831934622546,32.744243724247625,66.80719310458531,0.2505406022021053,2.05870861580801,16,5,3,1
2024-03-02 17:00:00,1.5564423534031033,29.959237864231405,70.59639029356686,0.687952910566801,0.686593879159415,17,5,3,1
2024-03-02 18:00:00,0.921689208508496,32.52116451075929,64.06714907549232,0.5778777972469317,1.9639096713331117,18,5,3,1
2024-03-02 19:00:00,0.9589359805325393,30.642503588339792,74.43245083903534,0.12627604370060663,6.543682555192202,19,5,3,1
2024-03-02 20:00:00,0.0,27.336188842015925,77.00105713411958,0.17748030775361368,7.7977388901763645,20,5,3,1
2024-03-02 21:00:00,0.0,26.69376463986722,79.79894172239062,0.8946481395409578,0.5869582429863318,21,5,3,1
2024-03-02 22:00:00,0.0,24.35731610759996,87.74792979901382,0.07920775972834904,1.712947964266991,22,5,3,1
2024-03-02 23:00:00,0.0,23.75433799302254,82.95802474757205,0.6752497639773607,1.5434524496954527,23,5,3,1
2024-03-03 00:00:00,0.0,23.476158693690117,86.90667695897604,0.7653024272100634,0.18186044745163166,0,6,3,1
2024-03-03 01:00:00,0.0,23.857594431578864,79.71244824445974,0.3393393312569454,9.253277255323306,1,6,3,1
2024-03-03 02:00:00,0.0,24.22057604620598,71.51731587060377,0.583710821308702,1.0294666380278683,2,6,3,1
2024-03-03 03:00:00,0.0,22.1988435990156,90.32510534213411,0.9328564125951799,8.558318220563127,3,6,3,1
2024-03-03 04:00:00,0.0,21.843376700555673,94.04763903536221,0.5655979925949398,1.7716321654601175,4,6,3,1
2024-03-03 05:00:00,0.0,24.983376992910035,78.42889432368075,0.7961249508864773,1.3878148440735272,5,6,3,1
2024-03-03 06:00:00,0.812543574511161,26.12371281157833,83.9589627529869,0.31490221957725617,2.1270473951085043,6,6,3,1
2024-03-03 07:00:00,0.7622940991418762,27.47361452261828,74.6330113180514,0.7156316756883967,3.2164086099795783,7,6,3,1
2024-03-03 08:00:00,2.1279298747754036,28.947589666852878,71.3386680516785,0.27242592757932904,5.107363625136202,8,6,3,1
2024-03-03 09:00:00,2.133475369184231,30.741693053699713,72.30222445405114,0.6471836874521357,2.791286625099545,9,6,3,1
2024-03-03 10:00:00,5.181443383306521,33.299674750357326,69.91938809891843,0.5364884255665123,5.637737488083067,10,6,3,1
2024-03-03 11:00:00,2.5205043138225456,32.89420807205342,62.4241174688752,0.8693210976891549,4.200636550366772,11,6,3,1
2024-03-03 12:00:00,7.796900068968082,32.10305159500205,72.2825286657531,0.12836139405128166,8.293222307968817,12,6,3,1
2024-03-03 13:00:00,6.14138996514876,32.22798779043833,64.6486543166335,0.4874677172206592,4.738794910763793,13,6,3,1
2024-03-03 14:00:00,8.576260452571525,32.881014742403515,65.11240936310216,0.007235398735529586,7.991973168105345,14,6,3,1
2024-03-03 15:00:00,4.043830115641088,32.67566642682134,64.87084504270356,0.715908472903264,3.678283687574834,15,6,3,1
2024-03-03 16:00:00,3.360116197303202,31.980380106107997,62.86214848976743,0.23552777926470092,0.21059764980603135,16,6,3,1
2024-03-03 17:00:00,1.8345595939741217,30.75428498543649,72.62997654821653,0.5713779102469154,7.804980970672714,17,6,3,1
2024-03-03 18:00:00,2.3043515145005142,31.993930557458288,70.21840420325658,0.04266878866242774,8.75022821575566,18,6,3,1
2024-03-03 19:00:00,0.5176661046617206,30.013845446539232,64.925670542333,0.5499237216035121,3.303214073620193,19,6,3,1
2024-03-03 20:00:00,0.0,28.49012262384923,74.37716825693869,0.5992357796438879,0.18048742965854014,20,6,3,1
2024-03-03 21:00:00,0.0,26.41635420539539,83.57863313699721,0.19177576586456058,7.682003942066016,21,6,3,1
2024-03-03 22:00:00,0.0,25.58991442524921,91.2568794646225,0.08805753458119336,9.689000945267654,22,6,3,1
2024-03-03 23:00:00,0.0,21.847061041602068,83.91646814008475,0.324290913334357,3.892781308040977,23,6,3,1
2024-03-04 00:00:00,0.0,21.287434073094285,83.44466394765327,0.6729466047411716,8.574913898795746,0,0,3,0
2024-03-04 01:00:00,0.0,22.616775448954527,84.40285547405799,0.9949086004892728,6.889048175019528,1,0,3,0
2024-03-04 02:00:00,0.0,21.49656628253836,85.53547114118147,0.20960279921632208,9.729746578444404,2,0,3,0
2024-03-04 03:00:00,0.0,22.57694205163575,73.63822126434762,0.42528889936504477,5.440028536550473,3,0,3,0
2024-03-04 04:00:00,0.0,23.240174437691316,88.77933066310271,0.4124121147345545,6.302678175783038,4,0,3,0
2024-03-04 05:00:00,0.0,23.025192943828007,87.30225079252486,0.6064013698705081,1.0553285593294082,5,0,3,0
2024-03-04 06:00:00,0.8617844863538405,25.863680608623547,84.97639164902921,0.32626292130778844,5.272829446455103,6,0,3,0
2024-03-04 07:00:00,1.4966119048650852,24.08672476756523,81.12760536660475,0.5754907229099111,5.883486971816286,7,0,3,0
2024-03-04 08:00:00,2.8879469611417026,26.895379240397425,77.33026684016366,0.21762854886110905,2.1990156635326463,8,0,3,0
2024-03-04 09:00:00,1.3958868024260345,29.32588749419083,77.83251248811699,0.9813054873196703,2.9561437679457314,9,0,3,0
2024-03-04 10:00:00,4.2009329669970645,28.790778615963752,68.93350690559886,0.6421639702197683,3.517582887391695,10,0,3,0
2024-03-04 11:00:00,4.207929041779402,32.3242040405627,63.73925438554359,0.38981087305257667,3.8851506763688857,11,0,3,0
2024-03-04 12:00:00,4.7507065975565315,31.044591486968365,72.46438447350741,0.530447806110673,5.102853147031344,12,0,3,0
2024-03-04 13:00:00,5.6029154721841055,32.93649060515561,57.29828357741899,0.48113432100715303,0.7657931335440737,13,0,3,0
2024-03-04 14:00:00,1.5680736274113503,31.116847026101517,59.631766343693066,0.9894721926203619,2.524011399298387,14,0,3,0
2024-03-04 15:00:00,6.126260353201016,32.10437525147359,73.10488589763024,0.3526900807561758,3.0639388797137523,15,0,3,0
2024-03-04 16:00:00,2.363871276933818,31.86405335943802,67.80701840712638,0.5227237926408722,7.4367973807495416,16,0,3,0
2024-03-04 17:00:00,1.3208244327077683,31.953198418617397,59.73803293470236,0.5229380058006421,1.8047308231888426,17,0,3,0
2024-03-04 18:00:00,0.7705516523475904,31.423410774438075,65.9439310884227,0.9497391018971774,2.542410234157181,18,0,3,0
2024-03-04 19:00:00,0.42519896329954393,28.74641613808977,75.65297710488737,0.9215565112504234,9.271355333632904,19,0,3,0
2024-03-04 20:00:00,0.0,26.996088576260647,64.9771133845329,0.5494281868600639,9.654060919516917,20,0,3,0
2024-03-04 21:00:00,0.0,27.02605811610371,78.2643046122065,0.08974298161924388,6.722599648059406,21,0,3,0
2024-03-04 22:00:00,0.0,25.516701657720063,78.97393342699361,0.49215792208373177,1.1334968280437174,22,0,3,0
2024-03-04 23:00:00,0.0,24.006066749770547,71.76840270536489,0.6732726516610453,5.888503946899513,23,0,3,0
2024-03-05 00:00:00,0.0,24.108727171685363,85.02125006157762,0.36285718611544104,4.971676712632932,0,1,3,0
2024-03-05 01:00:00,0.0,21.21796345595168,82.08386542985643,0.5622727220388702,4.897032105345546,1,1,3,0
2024-03-05 02:00:00,0.0,22.119196674345027,87.28568014129011,0.10461899803096975,5.961711510885652,2,1,3,0
2024-03-05 03:00:00,0.0,24.932806162275355,78.424612294528,0.31863599000058784,6.922389965010481,3,1,3,0
2024-03-05 04:00:00,0.0,24.849946396623142,87.15001329747071,0.5626133529222715,6.04624052154231,4,1,3,0
2024-03-05 05:00:00,0.0,25.20796385601253,78.4495898773407,0.16895202478704774,5.879301478254012,5,1,3,0
2024-03-05 06:00:00,0.4359731831457051,25.46197396797168,81.88422100386694,0.8309004484873223,7.466141873822252,6,1,3,0
2024-03-05 07:00:00,1.5972106207595365,27.961159656638227,65.525660078876,0.4592608181227045,1.1961560222593637,7,1,3,0
2024-03-05 08:00:00,2.2260945289668284,29.171739556154932,71.4927237976364,0.059979718616139266,7.734391536113598,8,1,3,0
2024-03-05 09:00:00,2.4548411703274873,28.84801598200982,72.24969685485038,0.5549345444561877,8.483977337293291,9,1,3,0
2024-03-05 10:00:00,5.959225934528908,30.20165554359091,69.40298277348847,0.15953158835821957,2.9596793252075138,10,1,3,0
2024-03-05 11:00:00,6.08954136516172,30.942681749771207,76.38952683973972,0.4031220771003329,6.880870023654748,11,1,3,0
2024-03-05 12:00:00,4.471783004351207,31.254454791779438,70.68234788302189,0.33416878142869,3.364497298405693,12,1,3,0
2024-03-05 13:00:00,8.10567329126193,31.796371768445542,66.61976305051897,0.22455463105801188,3.5180018516584277,13,1,3,0
2024-03-05 14:00:00,3.084635144686854,31.01400123855211,69.09443405877464,0.9353899123566362,6.2078034648100235,14,1,3,0
2024-03-05 15:00:00,4.400600453159517,32.844018025367795,64.18915707248112,0.5125263538706066,3.995061513262448,15,1,3,0
2024-03-05 16:00:00,1.4827919685120448,30.906089859628608,66.925885832517,0.7797744460290507,3.7616207687281857,16,1,3,0
2024-03-05 17:00:00,2.321807206684773,32.13180902167811,67.6324878264417,0.4482834480260539,8.803648822475504,17,1,3,0
2024-03-05 18:00:00,1.6378736772606195,31.106282663979695,68.20024361184467,0.29329454754419637,2.418673582053541,18,1,3,0
2024-03-05 19:00:00,0.5189067536885092,29.810921755482163,70.76343582211175,0.6449933532337236,3.7108005832826674,19,1,3,0
2024-03-05 20:00:00,0.0,26.05940925639417,72.60474699472111,0.9136184040518034,9.040618074906282,20,1,3,0
2024-03-05 21:00:00,0.0,25.192221923018806,81.9094439764041,0.4345954747507168,6.824914923358254,21,1,3,0
2024-03-05 22:00:00,0.0,26.503127265037214,77.5052416379356,0.5252731079999508,7.217978903096039,22,1,3,0
2024-03-05 23:00:00,0.0,24.197987402126998,93.30327332497417,0.186534414066735,6.726732897608207,23,1,3,0
2024-03-06 00:00:00,0.0,25.931981565661527,77.54483785657273,0.15161936086995298,4.770410352382163,0,2,3,0
2024-03-06 01:00:00,0.0,22.656973589172633,86.32910526569559,0.6406021301737551,7.581260933332992,1,2,3,0
2024-03-06 02:00:00,0.0,23.864949219573397,91.59768264494716,0.21440222356150096,8.80196995607855,2,2,3,0
2024-03-06 03:00:00,0.0,22.972605458942958,80.40179888931628,0.5350924294069844,5.317696545196172,3,2,3,0
2024-03-06 04:00:00,0.0,23.17991913781098,79.98918751352329,0.6101393015243415,1.4050246713501746,4,2,3,0
2024-03-06 05:00:00,0.0,23.950133914715618,81.50729558767611,0.6708965282558731,3.4333972453299233,5,2,3,0
2024-03-06 06:00:00,0.4838193003546606,24.677956896384504,85.27101192600063,0.4828029951054533,3.701915818220931,6,2,3,0
2024-03-06 07:00:00,1.5685934244934752,24.22215437692778,80.08907881208496,0.026576753802868724,5.645723013459084,7,2,3,0
2024-03-06 08:00:00,2.4679813044874765,29.707784381367322,70.51176886270326,0.19434156254190682,8.540742795656836,8,2,3,0
2024-03-06 09:00:00,2.5986790733689538,27.936101193302743,73.32713857533135,0.5701365561314686,7.0486707395508255,9,2,3,0
2024-03-06 10:00:00,4.492632978690033,29.262761728211927,75.4206357349117,0.1900722659318752,7.293689950926705,10,2,3,0
2024-03-06 11:00:00,6.433419943635489,30.383914369076862,66.98590253870185,0.09387050236280892,6.454084845346168,11,2,3,0
2024-03-06 12:00:00,5.799767974471615,31.019822432410546,63.18046964484718,0.5116790797159209,6.680587393666845,12,2,3,0
2024-03-06 13:00:00,3.704326016224618,32.51031820440158,61.789072585575894,0.8598031232927905,9.641140410333112,13,2,3,0
2024-03-06 14:00:00,5.067780564153274,33.402651377246166,63.16165771430787,0.47780479267802956,1.5290204188978063,14,2,3,0
2024-03-06 15:00:00,3.220253074834958,30.557277908859056,70.45475029800825,0.8551825347970302,1.9659550228675327,15,2,3,0
2024-03-06 16:00:00,2.35808780695318,34.73579508964162,61.78377681398258,0.5361516602009431,5.057873900583107,16,2,3,0
2024-03-06 17:00:00,1.6359296175651352,32.27497525656627,64.08774389666112,0.6639004041614891,8.009654714097373,17,2,3,0
2024-03-06 18:00:00,1.0798055808720837,30.710038545266887,64.49364284906869,0.6889409793637149,6.62338010292684,18,2,3,0
2024-03-06 19:00:00,0.6985199035859604,30.42056886625008,75.14836134760566,0.4934887104080051,2.221548376834809,19,2,3,0
2024-03-06 20:00:00,0.0,28.47474631856794,68.46055333732245,0.34532298064819866,4.379004441472164,20,2,3,0
2024-03-06 21:00:00,0.0,27.843568824204667,66.81708160781096,0.9140304791864305,5.8561224953497515,21,2,3,0
2024-03-06 22:00:00,0.0,25.373465481485198,88.5018238353688,0.39963136463694315,5.410188405060987,22,2,3,0
2024-03-06 23:00:00,0.0,24.991218700677116,74.5785127107324,0.3643192875772111,5.503331027359932,23,2,3,0
2024-03-07 00:00:00,0.0,22.740359721412403,76.17491371504245,0.8465387060118337,2.822643837819079,0,3,3,0
2024-03-07 01:00:00,0.0,22.661899550867183,80.16469370049214,0.251765163690136,8.254176101554727,1,3,3,0
2024-03-07 02:00:00,0.0,23.60024728446762,88.53146245836865,0.7569530599517725,1.4239852586137158,2,3,3,0
2024-03-07 03:00:00,0.0,23.449226188365373,82.41648652544701,0.243156752563639,5.121182962883609,3,3,3,0
2024-03-07 04:00:00,0.0,26.235000207145273,76.90572073854543,0.06866495218386115,2.698589935810014,4,3,3,0
2024-03-07 05:00:00,0.0,25.77536007240294,77.71078409668799,0.31994301867168096,6.08565851370704,5,3,3,0
2024-03-07 06:00:00,0.5297511279262717,24.497543938938612,77.47812575355243,0.5429301520663026,8.727740273858958,6,3,3,0
2024-03-07 07:00:00,0.8693894089455564,25.84944651535224,84.69888954500992,0.936660653007512,0.8714747417679403,7,3,3,0
2024-03-07 08:00:00,2.91506660086942,28.24619687991642,77.8236857792789,0.2802202090857463,9.338980329872284,8,3,3,0
2024-03-07 09:00:00,2.57155115823295,29.668386098820967,68.42644983758504,0.31426911574784566,7.971212488168009,9,3,3,0
2024-03-07 10:00:00,3.875563220494149,29.427864789081266,70.07009020494873,0.7941865079151155,8.640391582363034,10,3,3,0
2024-03-07 11:00:00,3.700513040678668,32.44521989334762,64.81476891224125,0.6708983971638037,9.564673205449278,11,3,3,0
2024-03-07 12:00:00,4.5655294130723805,32.93528959404008,58.48844404118149,0.6562877326482829,9.07369011240778,12,3,3,0
2024-03-07 13:00:00,5.470828969716724,32.9048919100216,73.47548097123476,0.5719000677360788,5.269559285161009,13,3,3,0
2024-03-07 14:00:00,6.6212147615276695,33.464705782846714,55.47748131667697,0.26627406520695684,1.1454051959690814,14,3,3,0
2024-03-07 15:00:00,4.100414426631273,32.493390168411665,67.6127065790384,0.5527350322516321,3.552134378420597,15,3,3,0
2024-03-07 16:00:00,1.8745858190198779,32.50553261261103,71.76662338630459,0.6484718482952464,2.358507813365651,16,3,3,0
2024-03-07 17:00:00,1.5656460826516367,32.602731158529764,56.059320983416214,0.7486724611118027,7.0787431367433555,17,3,3,0
2024-03-07 18:00:00,1.598603725312028,29.927408406183382,71.88733584123062,0.01070340438075812,3.5275919022164057,18,3,3,0
2024-03-07 19:00:00,0.8807829302128292,30.512462849797625,70.0513802306856,0.38979932896516833,7.834071000393421,19,3,3,0
2024-03-07 20:00:00,0.0,28.982444835561175,71.69367473070496,0.7975595760494839,1.455826454756225,20,3,3,0
2024-03-07 21:00:00,0.0,26.498859787867055,83.98770040380515,0.2960680249756198,1.737519323473895,21,3,3,0
2024-03-07 22:00:00,0.0,27.915508986563562,65.63993333523551,0.7145347129835131,6.374187209330689,22,3,3,0
2024-03-07 23:00:00,0.0,24.948843660517706,85.58531780340961,0.012348910720510586,7.788465751932706,23,3,3,0
2024-03-08 00:00:00,0.0,24.245192616878157,84.48008098626326,0.2734557291404299,5.751334376237224,0,4,3,0
2024-03-08 01:00:00,0.0,21.551174991645954,93.10809840136073,0.9115167019234515,2.948840405175864,1,4,3,0
2024-03-08 02:00:00,0.0,22.67797383521844,88.57303112943224,0.7874558251500962,5.188180865345807,2,4,3,0
2024-03-08 03:00:00,0.0,23.351949982418976,86.76219946296489,0.2589153819064596,4.495172968978557,3,4,3,0
2024-03-08 04:00:00,0.0,23.87105204965577,77.6090473357532,0.941689377499419,2.939452341052072,4,4,3,0
2024-03-08 05:00:00,0.0,23.727374339837922,90.081022629422,0.49728010885426366,7.386666909811498,5,4,3,0
2024-03-08 06:00:00,0.5608556392730953,24.862883230749162,71.15058812851713,0.3857769614815294,4.259240633161811,6,4,3,0
2024-03-08 07:00:00,1.7075691091241127,28.53746294397285,71.6970985043962,0.06162195975022133,2.4857656866382305,7,4,3,0
2024-03-08 08:00:00,2.0227406275585476,26.440173089926684,87.6355020303408,0.6620282647056895,2.138402271792729,8,4,3,0
2024-03-08 09:00:00,3.265887167488719,28.419554058104122,72.78543867019656,0.3713961198559268,3.264714381902997,9,4,3,0
2024-03-08 10:00:00,4.78629239022824,31.452409037301603,69.36640916200122,0.22273494115141312,7.167793040633905,10,4,3,0
2024-03-08 11:00:00,1.8700087599596833,30.85535550469657,66.71378810211795,0.946665986269812,4.092163057134577,11,4,3,0
2024-03-08 12:00:00,6.109122829677903,30.712322545603683,66.70511389402478,0.29547392073488454,8.632689902041369,12,4,3,0
2024-03-08 13:00:00,2.125742342594257,33.29884254988019,68.65973900207734,0.9450262146378311,3.6820939525331706,13,4,3,0
2024-03-08 14:00:00,3.991401957017851,33.67376102559598,57.17884885750799,0.6234757197240804,3.668198587300595,14,4,3,0
2024-03-08 15:00:00,5.893665511784959,32.87629961203845,73.1546743433358,0.1817219568268208,5.354807864549396,15,4,3,0
2024-03-08 16:00:00,2.235349335082776,32.585911575329156,60.39932214493023,0.5905006736060767,9.856212796621273,16,4,3,0
2024-03-08 17:00:00,1.1532517420630921,29.847276628300534,67.00262596175072,0.8547473758340088,9.871239150065707,17,4,3,0
2024-03-08 18:00:00,1.3068475376657935,30.36465864347538,68.58641324985017,0.6137420725885069,1.2334233918494242,18,4,3,0
2024-03-08 19:00:00,0.49748787862492216,28.979460044555623,76.6129839792661,0.6768640234085662,9.543415147592103,19,4,3,0
2024-03-08 20:00:00,0.0,29.48522063044984,68.16316236428345,0.2559208315029916,5.839957060569583,20,4,3,0
2024-03-08 21:00:00,0.0,27.487643422596722,74.42730747660418,0.6776840584902681,0.20332618847521133,21,4,3,0
2024-03-08 22:00:00,0.0,27.242728308104756,78.33091338497047,0.7502382548416238,7.4442036426529326,22,4,3,0
2024-03-08 23:00:00,0.0,24.51245967206873,77.15881234503074,0.4428405818394556,5.046369932989511,23,4,3,0
2024-03-09 00:00:00,0.0,24.156287323700546,85.1466859792536,0.15388737431400734,4.454320264013386,0,5,3,1
2024-03-09 01:00:00,0.0,23.044799916967765,79.6021268506745,0.37399554215751707,9.677615562486064,1,5,3,1
2024-03-09 02:00:00,0.0,23.51102062685312,88.8535594706741,0.5122748475673463,9.731420982325382,2,5,3,1
2024-03-09 03:00:00,0.0,23.32715715243107,82.67755505451494,0.856305856851098,5.895580213258285,3,5,3,1
2024-03-09 04:00:00,0.0,22.578415012211472,86.50415997719382,0.5522300109709202,8.330303247063423,4,5,3,1
2024-03-09 05:00:00,0.0,24.523735994471195,72.08202482891008,0.07517112296169914,9.454089140841175,5,5,3,1
2024-03-09 06:00:00,0.3818679948963929,25.89778042635164,81.93801700518384,0.9459729696560469,8.524940438902178,6,5,3,1
2024-03-09 07:00:00,1.5464459562144526,27.02641651608384,79.13305871000492,0.4659668492427873,5.626056442090134,7,5,3,1
2024-03-09 08:00:00,2.260570226975318,27.58034112612167,66.31420518584679,0.1994613222470114,1.8349758249774273,8,5,3,1
2024-03-09 09:00:00,1.9164711800867762,29.168009281537916,70.99075557038351,0.7310186540335015,0.002129619847641706,9,5,3,1
2024-03-09 10:00:00,4.743677080983171,29.316427813287007,76.96669084402862,0.37167062186887756,2.722581728651967,10,5,3,1
2024-03-09 11:00:00,2.247470596684723,32.155873306861224,62.94487693971454,0.9261828496362117,7.733010724619759,11,5,3,1
2024-03-09 12:00:00,8.416921587380934,32.0793034408058,58.18984108543228,0.01309545641316101,9.399715142132987,12,5,3,1
2024-03-09 13:00:00,3.765126177253932,33.161503341577685,63.17034239392549,0.711481004053984,2.437640149907705,13,5,3,1
2024-03-09 14:00:00,7.1076665757766,30.777113377511466,68.38564568533059,0.1015101016988037,9.62503647122958,14,5,3,1
2024-03-09 15:00:00,2.885156302221792,33.87133701165572,59.95302207201674,0.8337913053112761,2.9480462074227445,15,5,3,1
2024-03-09 16:00:00,2.2983504234934444,33.340621257972735,60.43196574394326,0.69923724450057,7.192468039580968,16,5,3,1
2024-03-09 17:00:00,1.4426301489284916,30.78806615507788,70.24000821874394,0.6200613073162954,6.1517903329866,17,5,3,1
2024-03-09 18:00:00,1.7002293093930871,30.355191926771347,64.51723866152317,0.1704604146912837,2.15012463507252,18,5,3,1
2024-03-09 19:00:00,0.5539357688720176,30.513996271883354,69.00553491912598,0.32502285179402224,0.3705176193070847,19,5,3,1
2024-03-09 20:00:00,0.0,28.137669510198485,74.36698959816184,0.5395381001941966,0.45038816397202974,20,5,3,1
2024-03-09 21:00:00,0.0,28.719131660663564,77.92461885621842,0.24255095880270572,1.592219527558898,21,5,3,1
2024-03-09 22:00:00,0.0,27.581493324574886,81.16363629171649,0.2895715625871933,2.0254188983913455,22,5,3,1
2024-03-09 23:00:00,0.0,24.38630609958788,83.4676977472534,0.2603636256836287,1.7974957861491403,23,5,3,1
2024-03-10 00:00:00,0.0,23.033396593799445,85.17597435545215,0.65113126320813,6.678212187782426,0,6,3,1
2024-03-10 01:00:00,0.0,24.91741916970874,72.4901681548326,0.11583832644839864,5.009480817039059,1,6,3,1
2024-03-10 02:00:00,0.0,22.740672530463105,87.38283142121028,0.0009969485603374961,7.428526417159644,2,6,3,1
2024-03-10 03:00:00,0.0,22.073804646704062,79.1319911588682,0.49885635286677243,6.9816066524452545,3,6,3,1
2024-03-10 04:00:00,0.0,23.365753409346258,85.03835451033781,0.32550350916579984,6.233610144462448,4,6,3,1
2024-03-10 05:00:00,0.0,24.590361655310225,79.24153555300937,0.027181841965167708,7.898055099776568,5,6,3,1
2024-03-10 06:00:00,0.7111229465102609,26.823131252312763,75.33262249985036,0.2383192948393672,6.522863254664775,6,6,3,1
2024-03-10 07:00:00,0.7525299357430426,26.842509893702655,73.5396144574157,0.7444250064062339,1.926652891166748,7,6,3,1
2024-03-10 08:00:00,3.125555415438142,30.454225383520757,62.30776511783594,0.1628650740703097,8.458952131162944,8,6,3,1
2024-03-10 09:00:00,2.923965972855728,29.60056276475914,73.79940758465011,0.39084102980681523,0.2793601558882386,9,6,3,1
2024-03-10 10:00:00,3.5097590420709217,30.407507094429647,75.57298118299188,0.6231620860912352,5.377645221792974,10,6,3,1
2024-03-10 11:00:00,4.214496492986395,33.06735733311944,57.19985434288956,0.6103876347047863,2.0633564358551,11,6,3,1
2024-03-10 12:00:00,8.517812285191779,31.53915222817507,69.07123001620235,0.10698693253670699,5.1769185151307955,12,6,3,1
2024-03-10 13:00:00,5.107213313483899,33.649264061950056,68.04054935278259,0.6800546078631685,0.39194022066007417,13,6,3,1
2024-03-10 14:00:00,4.710097708717069,31.82088821875422,63.611584552439695,0.350121748676693,2.5387994588244487,14,6,3,1
2024-03-10 15:00:00,1.9060306571744465,32.58413755382511,59.32195463991049,0.9999014057505141,8.396799327007217,15,6,3,1
2024-03-10 16:00:00,2.517105780492271,32.04401075215468,62.152622368319086,0.624860384561755,1.6686949602426193,16,6,3,1
2024-03-10 17:00:00,1.5129632015317338,31.109686919816852,63.797708702645146,0.6885173954523411,2.948925255868441,17,6,3,1
2024-03-10 18:00:00,2.6092091972350775,29.82402746618584,74.27819096526181,0.023945593471401128,3.5515609780062087,18,6,3,1
2024-03-10 19:00:00,0.6701124666619134,28.80152892901938,64.95308199252149,0.5480667728092687,8.917266550124438,19,6,3,1
2024-03-10 20:00:00,0.0,29.10616682823347,87.44594163240221,0.1368929525521838,5.354212251093192,20,6,3,1
2024-03-10 21:00:00,0.0,25.39803991436639,76.54469551153852,0.06637724418101243,1.5404621738966529,21,6,3,1
2024-03-10 22:00:00,0.0,25.07293517629633,65.03333805102143,0.4746494543903088,2.8220749117310806,22,6,3,1
2024-03-10 23:00:00,0.0,23.978629240577874,88.46027283863198,0.21322825822929758,1.9297744802617778,23,6,3,1
2024-03-11 00:00:00,0.0,23.043285810073453,84.48793754610037,0.6180334581896678,1.1769057690552776,0,0,3,0
2024-03-11 01:00:00,0.0,25.42639187253612,62.70323046295504,0.23576811568602285,8.351987325185604,1,0,3,0
2024-03-11 02:00:00,0.0,22.585010645541082,90.31275665513985,0.17187847333699657,8.790242401871453,2,0,3,0
2024-03-11 03:00:00,0.0,23.109411281965226,82.23110223509288,0.4239887710741598,2.0000840084575113,3,0,3,0
2024-03-11 04:00:00,0.0,22.759920808492907,82.15966097574405,0.7676304264660893,9.67172075219661,4,0,3,0
2024-03-11 05:00:00,0.0,23.92791339714517,83.04303471312188,0.7596307565769543,9.895043681898589,5,0,3,0
2024-03-11 06:00:00,0.5807525540391425,25.339856584081218,88.6704233776612,0.4549004031110545,4.831913620465976,6,0,3,0
2024-03-11 07:00:00,1.0436695700281369,27.590783765532723,73.41783476582633,0.8580707611450032,0.9824472921612004,7,0,3,0
2024-03-11 08:00:00,2.3135951177866425,28.43576427635037,66.20281323486836,0.43527433627249157,1.6973125828167257,8,0,3,0
2024-03-11 09:00:00,4.272144725352866,30.37618987175471,66.48695674892689,0.024500335959052988,3.8265735447608575,9,0,3,0
2024-03-11 10:00:00,1.9703852822228085,30.502059448699335,73.75758553306908,0.8740393944741608,4.5912061656569,10,0,3,0
2024-03-11 11:00:00,6.123885297922248,31.566682146335715,76.23735577891236,0.12143505095722396,8.824978840662155,11,0,3,0
2024-03-11 12:00:00,6.603513721727025,33.113701945222495,59.08821324376317,0.35808971114631005,4.58654269006559,12,0,3,0
2024-03-11 13:00:00,4.500890307088673,33.84683831852826,63.805279831891,0.5082349326742382,7.300522487968396,13,0,3,0
2024-03-11 14:00:00,5.131378341144248,34.431380297426664,59.3994054883676,0.47297020629798625,6.80724541477818,14,0,3,0
2024-03-11 15:00:00,3.332711154747553,31.99362349375356,66.98208298936554,0.9203382545479424,4.980033264816126,15,0,3,0
2024-03-11 16:00:00,1.4281884170711274,32.78760022379948,67.34927611701455,0.7881097166548239,0.5702687460276912,16,0,3,0
2024-03-11 17:00:00,2.3444456388205777,31.22101398252924,67.83025227975764,0.392091709281873,9.97524443501146,17,0,3,0
2024-03-11 18:00:00,1.089035799898218,29.618144855631183,64.0324041973689,0.5117996510759986,1.038939461772559,18,0,3,0
2024-03-11 19:00:00,0.5036760178939204,29.774047481259874,74.71741644141134,0.8279237957577816,7.685905672737584,19,0,3,0
2024-03-11 20:00:00,0.0,29.081324882966555,69.54678294831105,0.22063207068330382,9.295430096019889,20,0,3,0
2024-03-11 21:00:00,0.0,25.555147894635073,78.88009007000373,0.40260903799051095,2.362019052521066,21,0,3,0
2024-03-11 22:00:00,0.0,24.263158338830863,88.69973588139965,0.9682117056748518,2.455081422592016,22,0,3,0
2024-03-11 23:00:00,0.0,23.294339608279174,82.70106471034693,0.8116852988881268,3.468664143563399,23,0,3,0
2024-03-12 00:00:00,0.0,22.25370462686201,87.67061420630358,0.3730605113097607,6.6201421421719395,0,1,3,0
2024-03-12 01:00:00,0.0,23.431525916013936,84.37419679234888,0.2163873524773019,0.6221967599323941,1,1,3,0
2024-03-12 02:00:00,0.0,22.101039884944786,89.47479506460543,0.29416602009959236,7.224156013969653,2,1,3,0
2024-03-12 03:00:00,0.0,23.666508507433445,89.35306641512055,0.6626494026943349,6.687795299664053,3,1,3,0
2024-03-12 04:00:00,0.0,23.798707472043304,75.50952229951757,0.8035951162948696,9.411098787432943,4,1,3,0
2024-03-12 05:00:00,0.0,25.029889512396597,77.68274837622388,0.3324350939172913,7.494458283048024,5,1,3,0
2024-03-12 06:00:00,0.7494114604165351,26.121902606438585,76.40994505856973,0.3839363713943831,1.2770294753499067,6,1,3,0
2024-03-12 07:00:00,2.002829659787985,27.06475693856795,72.83772687220348,0.06717885411079971,4.967024682831841,7,1,3,0
2024-03-12 08:00:00,2.4872314003635685,27.645038602609837,80.08721590607996,0.1354427460168237,3.3305439012912332,8,1,3,0
2024-03-12 09:00:00,2.282363850404857,28.653373751920338,70.93691310401687,0.6694975668417802,4.91333344977209,9,1,3,0
2024-03-12 10:00:00,3.1808085082080946,30.285099634794914,78.35838455757461,0.8500927878551626,4.235060470418334,10,1,3,0
2024-03-12 11:00:00,6.495378921492745,31.456514871397662,65.02647592555286,0.3585644092811333,2.2569447944345535,11,1,3,0
2024-03-12 12:00:00,4.750338465817915,33.16920763195717,66.28960131507758,0.38799014879583815,6.142581482560336,12,1,3,0
2024-03-12 13:00:00,4.30991835935654,32.78900691711648,62.320207992867296,0.8558259635436196,5.694586754349727,13,1,3,0
2024-03-12 14:00:00,3.8796510374965045,33.808692598026255,60.053596728964585,0.46337496874524065,3.5735434484972064,14,1,3,0
2024-03-12 15:00:00,2.1097311720961742,32.223315268125496,69.69144790622394,0.9318674436851884,4.900269424706394,15,1,3,0
2024-03-12 16:00:00,3.345579694238289,31.448348366172823,66.74471720441863,0.3875549629432521,6.4012270434306835,16,1,3,0
2024-03-12 17:00:00,1.9556973840997638,30.715728063530683,70.6833121558801,0.6529356936299994,5.3342767010503795,17,1,3,0
2024-03-12 18:00:00,1.0041769483960281,32.23547088934661,72.96496313947871,0.8226385206715588,2.9658198729592,18,1,3,0
2024-03-12 19:00:00,0.5960820361184668,28.711402241940473,73.02359847799133,0.3269856977645007,6.440306525485921,19,1,3,0
2024-03-12 20:00:00,0.0,27.348061062402518,70.75349911779092,0.8234894472427822,6.869341893172551,20,1,3,0
2024-03-12 21:00:00,0.0,26.731972000116958,70.61835665695891,0.9649541492889984,6.543463523870773,21,1,3,0
2024-03-12 22:00:00,0.0,25.4291172482628,77.5079999917527,0.8829189476928633,7.123966342642866,22,1,3,0
2024-03-12 23:00:00,0.0,23.19530763881853,76.39147406347635,0.2561141765800935,1.7897616421125184,23,1,3,0
2024-03-13 00:00:00,0.0,25.079275152759422,85.68141638724332,0.6337661046579275,7.033570073779947,0,2,3,0
2024-03-13 01:00:00,0.0,23.315956193511923,85.7964194484869,0.833839314264227,2.920902717689878,1,2,3,0
2024-03-13 02:00:00,0.0,21.545115675564784,84.81479429932318,0.17038485620443067,1.114796898692415,2,2,3,0
2024-03-13 03:00:00,0.0,23.42789377233479,78.67402735474327,0.18805494212210694,0.375516694379342,3,2,3,0
2024-03-13 04:00:00,0.0,23.590759478510904,80.59870327348494,0.8897110123328188,1.3813181094668137,4,2,3,0
2024-03-13 05:00:00,0.0,25.458736044831824,75.59594902680344,0.5320245731548154,0.14383531733240806,5,2,3,0
2024-03-13 06:00:00,0.42604801892859834,27.824881653859496,76.72376988730778,0.6205313813516585,1.8097180563388415,6,2,3,0
2024-03-13 07:00:00,1.6797815311456246,27.028566439133865,70.44288459540996,0.3095265738599955,6.666037142851941,7,2,3,0
2024-03-13 08:00:00,1.5830296610555339,28.750639162168167,68.43370798951034,0.6268995340234278,7.599653586840837,8,2,3,0
2024-03-13 09:00:00,3.209672423834509,29.092353478794376,81.19622192228407,0.1471955133086833,7.4510767004626475,9,2,3,0
2024-03-13 10:00:00,6.366337377849254,30.689612387320363,69.9648786948101,0.2680731886263821,5.646777910433288,10,2,3,0
2024-03-13 11:00:00,8.215436271007205,31.528341563766393,64.09479423201682,0.07597817280773334,7.589868964528767,11,2,3,0
2024-03-13 12:00:00,3.2338328576376365,30.583065610312218,55.86214867025112,0.9108816085403694,6.871123058724792,12,2,3,0
2024-03-13 13:00:00,6.2983608864712695,33.26386192531685,61.657554454105004,0.5003684626462066,0.061154457397101236,13,2,3,0
2024-03-13 14:00:00,5.366603169382917,32.745023064500515,62.54159725736289,0.2743681676044051,3.556920894746084,14,2,3,0
2024-03-13 15:00:00,6.663469216989252,32.27691373619983,60.20220851187838,0.2016184231137481,5.492207308495551,15,2,3,0
2024-03-13 16:00:00,1.8615763908804797,29.92986691676368,67.11193551111263,0.8443672907717151,6.913220597509749,16,2,3,0
2024-03-13 17:00:00,2.5517285277716173,31.549689492059215,63.16362909389528,0.0221255972142137,3.595676592521312,17,2,3,0
2024-03-13 18:00:00,1.5525993887590193,31.295976005599275,71.11200475005968,0.13551966618909295,4.247604157112192,18,2,3,0
2024-03-13 19:00:00,0.9622636519100193,30.52908413224569,75.97494792775157,0.05156099058788377,2.309018767813824,19,2,3,0
2024-03-13 20:00:00,0.0,29.91944348211874,67.29922984114636,0.7360133381144515,1.8404101393216021,20,2,3,0
2024-03-13 21:00:00,0.0,26.37521967604377,74.85045863351868,0.09929753660524676,8.132046246140753,21,2,3,0
2024-03-13 22:00:00,0.0,24.26278048413456,82.76882024067521,0.29704846109640404,9.876963571887826,22,2,3,0
2024-03-13 23:00:00,0.0,24.809095206177272,81.98557886752111,0.15576798768309208,1.9079786592482795,23,2,3,0
2024-03-14 00:00:00,0.0,24.13659101688365,83.40926796068568,0.6345338557979522,0.4755792108588286,0,3,3,0
2024-03-14 01:00:00,0.0,24.408869400404797,75.50635549184132,0.5831662544900361,9.147911133110227,1,3,3,0
2024-03-14 02:00:00,0.0,23.433753082119132,83.77160752061725,0.6132722703817176,6.042289949714894,2,3,3,0
2024-03-14 03:00:00,0.0,23.348097539023907,74.9903309248439,0.3714339216985111,0.5898344646187059,3,3,3,0
2024-03-14 04:00:00,0.0,25.666762805084595,79.81991568131193,0.3643181122346353,7.146886207533006,4,3,3,0
2024-03-14 05:00:00,0.0,23.79591881349228,77.20440769409592,0.40007359279781984,0.5454264578857249,5,3,3,0
2024-03-14 06:00:00,1.0299364772237818,25.69489612276344,77.79862187690554,0.22622548642495177,4.107524234663558,6,3,3,0
2024-03-14 07:00:00,1.8711605661476063,26.802001249407567,83.61135763405187,0.23462212791192738,7.628213776636791,7,3,3,0
2024-03-14 08:00:00,3.078538417112748,27.30263518039684,74.76986403325753,0.2281180109310209,8.820414083550824,8,3,3,0
2024-03-14 09:00:00,2.467623534809082,30.24236987007507,64.16967522710948,0.5666625026936668,5.922884589056537,9,3,3,0
2024-03-14 10:00:00,5.618211102974412,29.595508294091466,74.2639833441969,0.3873614610282127,8.183722570180954,10,3,3,0
2024-03-14 11:00:00,6.141450528577318,31.35021187103173,72.06704225738457,0.09853316148141744,7.629502103500254,11,3,3,0
2024-03-14 12:00:00,6.237983010714095,33.36886422825003,59.04450234443491,0.14090103233478624,2.3270403433775098,12,3,3,0
2024-03-14 13:00:00,8.054117426909546,33.434896870956614,61.609898045034434,0.33670064441043723,6.843226195858959,13,3,3,0
2024-03-14 14:00:00,5.6716673780815885,33.98683505575981,65.90588310948243,0.3908430147699712,4.612123976049705,14,3,3,0
2024-03-14 15:00:00,2.76555155406976,32.28208849682727,65.48206608999796,0.6599229562899309,5.98063286352038,15,3,3,0
2024-03-14 16:00:00,3.0742890469371087,31.709862007412674,65.3466777981149,0.04386817457246395,7.851273584653672,16,3,3,0
2024-03-14 17:00:00,2.4510640746454895,31.205265714986204,68.17780923811594,0.520130027553343,9.581639215374066,17,3,3,0
2024-03-14 18:00:00,1.314463536007254,31.318193014534515,68.14860904109807,0.6378757133348957,9.382864976855288,18,3,3,0
2024-03-14 19:00:00,0.42893050484133993,28.212275731463873,78.32525486827207,0.6381319941269827,3.974914277497552,19,3,3,0
2024-03-14 20:00:00,0.0,29.355962781040006,62.20900256973353,0.300305827429033,4.031871422028481,20,3,3,0
2024-03-14 21:00:00,0.0,27.083491275737867,63.57022903366318,0.7255300509731254,9.894059620920725,21,3,3,0
2024-03-14 22:00:00,0.0,26.233412259296383,72.47736140406506,0.8218301553286429,0.48424090676059905,22,3,3,0
2024-03-14 23:00:00,0.0,24.077557148589328,76.79903679374809,0.6998322786521606,1.7710411746462973,23,3,3,0
2024-03-15 00:00:00,0.0,21.904238066052745,92.12717694409099,0.7927562297668936,5.509827944536872,0,4,3,0
2024-03-15 01:00:00,0.0,24.00182328457657,83.35780002006797,0.5638337788265423,7.133291867583466,1,4,3,0
2024-03-15 02:00:00,0.0,21.52753529658472,87.11858472709187,0.48562400378537063,9.941800545642154,2,4,3,0
2024-03-15 03:00:00,0.0,21.760755495485643,88.34279118868224,0.8780273546264289,8.482625955928905,3,4,3,0
2024-03-15 04:00:00,0.0,24.039889659299376,80.87563349368993,0.7762915619770276,4.199354908996944,4,4,3,0
2024-03-15 05:00:00,0.0,23.55901067776465,85.74596014198347,0.8842850894468453,8.211368138419438,5,4,3,0
2024-03-15 06:00:00,0.402157341958503,26.969601108306673,80.58857876966076,0.7256044821454289,3.3092592378743713,6,4,3,0
2024-03-15 07:00:00,2.4716906134882493,26.863426186919384,76.2140685767671,0.06685517381114392,7.759755913264144,7,4,3,0
2024-03-15 08:00:00,1.932385190799228,28.068779394761606,79.14015437047954,0.5248928403105269,4.4007725051684865,8,4,3,0
2024-03-15 09:00:00,1.7539043280450124,32.3863233844743,70.22401735002998,0.8547442530425984,8.049437625126847,9,4,3,0
2024-03-15 10:00:00,5.186296307831004,30.565457940112367,72.44210670254961,0.14678046902111175,0.45705421380823785,10,4,3,0
2024-03-15 11:00:00,3.7993237881782247,30.899572283561707,70.28838691066206,0.5049565646312069,8.6927890127455,11,4,3,0
2024-03-15 12:00:00,4.016520412497163,33.27347122748887,62.92552345161113,0.7008874083279601,1.9253172008359531,12,4,3,0
2024-03-15 13:00:00,4.105666178548289,32.99405669607121,64.47797001123305,0.780780816376475,2.84724506655611,13,4,3,0
2024-03-15 14:00:00,3.9430561928957353,33.512675132100775,59.289749999274136,0.32614600618401546,1.843109340034097,14,4,3,0
2024-03-15 15:00:00,2.81326916416817,31.351391075141624,68.12620125903597,0.9795533846031904,8.914482804507498,15,4,3,0
2024-03-15 16:00:00,3.8481128637304787,32.47238003273903,60.36591607951995,0.2623434978478243,0.21562005047296995,16,4,3,0
2024-03-15 17:00:00,0.9522748765047728,31.305787038065816,76.20207105654089,0.9902883854730684,2.8483299728214018,17,4,3,0
2024-03-15 18:00:00,1.2218316347402935,31.461397540914547,66.54201531853684,0.49913907432555493,2.559642565010126,18,4,3,0
2024-03-15 19:00:00,0.9420530994517688,28.10945371567545,66.94276783532688,0.15293538392705308,5.600800530616473,19,4,3,0
2024-03-15 20:00:00,0.0,27.294245743260223,76.98438000516379,0.8544505531435269,6.293339817659948,20,4,3,0
2024-03-15 21:00:00,0.0,24.366656601745497,77.61315944482168,0.20172727992519024,6.821757557650265,21,4,3,0
2024-03-15 22:00:00,0.0,24.729472598482868,88.19053135975065,0.6758453547812976,2.9050414212061124,22,4,3,0
2024-03-15 23:00:00,0.0,22.569742400221948,89.0139731228499,0.7402349057616514,9.04522725020277,23,4,3,0
2024-03-16 00:00:00,0.0,23.560597540586635,76.52665077839977,0.5648404274700424,8.713450572264032,0,5,3,1
2024-03-16 01:00:00,0.0,23.860582323317214,89.04039485573394,0.2620428372155922,8.092654060904918,1,5,3,1
2024-03-16 02:00:00,0.0,24.116609772157265,88.68961840381576,0.9471805553356816,8.662542915840753,2,5,3,1
2024-03-16 03:00:00,0.0,22.533730682533378,93.33868869161451,0.2990390454822516,9.973015622869536,3,5,3,1
2024-03-16 04:00:00,0.0,23.637497674482745,72.44249334646221,0.1894490185855947,1.829575840795501,4,5,3,1
2024-03-16 05:00:00,0.0,24.411760732954676,83.18505993164179,0.11129829852967632,3.9223687885596403,5,5,3,1
2024-03-16 06:00:00,0.3441424488002848,26.59934512197127,72.69961229741,0.8317958322901708,3.6085498082454204,6,5,3,1
2024-03-16 07:00:00,1.1293080879537394,27.595430858989882,72.5950799481464,0.5321891953283452,9.717195370837903,7,5,3,1
2024-03-16 08:00:00,2.44844970021545,26.97785076934635,71.98360353353162,0.44996865550670473,3.8357314415628774,8,5,3,1
2024-03-16 09:00:00,1.6120180155977255,28.77706243597168,72.7455409025433,0.8585027311556888,3.9552243241772134,9,5,3,1
2024-03-16 10:00:00,3.326088531726918,29.505498675562983,67.70070415482667,0.8334748398798392,0.8791808477694507,10,5,3,1
2024-03-16 11:00:00,4.2045827029791205,31.752787445680422,59.06240338105336,0.6289094988040286,4.994138652458087,11,5,3,1
2024-03-16 12:00:00,4.917127416316482,30.483028672447116,74.11310017453523,0.6733517008951254,9.429994467823972,12,5,3,1
2024-03-16 13:00:00,6.991212500919493,32.04218917650128,54.79288131018245,0.38757740029450627,8.784816810290389,13,5,3,1
2024-03-16 14:00:00,7.069709182347945,31.33339827558183,77.48991718822802,0.30522027372100047,5.419817584486866,14,5,3,1
2024-03-16 15:00:00,1.8286203092145774,33.08549696380591,52.28944617627859,0.95174001462281,4.608176887529849,15,5,3,1
2024-03-16 16:00:00,3.7000284678898434,32.971508504131606,59.33944453587022,0.1799961498992816,6.522197595958908,16,5,3,1
2024-03-16 17:00:00,1.6939886438221288,32.67239051666649,65.81925656220407,0.37602335684863597,8.108789311968831,17,5,3,1
2024-03-16 18:00:00,1.6284890596906807,31.217374170382797,61.553965334514864,0.19007193131882405,9.33543056794936,18,5,3,1
2024-03-16 19:00:00,0.2623209673193991,28.9982273344434,75.79244108037925,0.9937078052175019,3.536565115330621,19,5,3,1
2024-03-16 20:00:00,0.0,28.05490536121721,69.23042268983866,0.2633597153171523,0.02638548291848175,20,5,3,1
2024-03-16 21:00:00,0.0,26.49797577003165,75.31671789070288,0.2510996356989683,0.3343468222868373,21,5,3,1
2024-03-16 22:00:00,0.0,26.847348444624526,74.21856847724409,0.2423556130722524,6.391948688910718,22,5,3,1
2024-03-16 23:00:00,0.0,25.379816789770416,62.61418494205104,0.21494949185048884,2.0757208084664525,23,5,3,1
2024-03-17 00:00:00,0.0,23.75758705379046,84.280830752113,0.7433780657827238,5.145367596611833,0,6,3,1
2024-03-17 01:00:00,0.0,23.17987613881188,80.03858252389739,0.16560426187900268,6.290698052786343,1,6,3,1
2024-03-17 02:00:00,0.0,24.579421892417777,81.74055738540507,0.5327149345276965,5.274356377821386,2,6,3,1
2024-03-17 03:00:00,0.0,23.837611161726127,87.04662706652009,0.022619200331841283,3.601088843672642,3,6,3,1
2024-03-17 04:00:00,0.0,24.414669740363536,78.829216888378,0.31419115220415106,9.830449621382852,4,6,3,1
2024-03-17 05:00:00,0.0,25.160273720124145,73.82086886707097,0.15148263431707265,5.107156264755344,5,6,3,1
2024-03-17 06:00:00,0.5427558431194885,24.665999291977013,79.30325209773184,0.7476278767587675,0.3142441790691253,6,6,3,1
2024-03-17 07:00:00,1.7449046143528983,26.67556986577454,68.507344823465,0.13336547689291411,6.829068683312057,7,6,3,1
2024-03-17 08:00:00,2.46414581023796,27.5334092146145,77.27205251499691,0.2105383810503968,0.2553145636395415,8,6,3,1
2024-03-17 09:00:00,3.13529045915356,27.662490720637777,70.59803604153113,0.18482921693968335,7.513451347297778,9,6,3,1
2024-03-17 10:00:00,6.0491393938658655,30.401437519832257,77.21613878771994,0.19127603774699042,6.532790240935562,10,6,3,1
2024-03-17 11:00:00,5.748803240827422,30.76035220541186,60.852149013150886,0.3440557827999592,2.4197803969276954,11,6,3,1
2024-03-17 12:00:00,4.947522878890969,33.16360517224807,65.18961306359357,0.6045740807066253,7.394026857727121,12,6,3,1
2024-03-17 13:00:00,3.4410708064651216,33.499948624374106,64.39371971673964,0.8095850090187782,3.386634564478225,13,6,3,1
2024-03-17 14:00:00,6.620972916767238,32.3501189560594,63.55250095510903,0.13264431090799444,7.467224133128281,14,6,3,1
2024-03-17 15:00:00,6.726163961610838,33.69544072181079,53.00027641201356,0.017079562852783337,4.806233876666582,15,6,3,1
2024-03-17 16:00:00,3.5215387128979434,32.265455017630714,59.96147895307685,0.22014926482606767,0.30026463269891446,16,6,3,1
2024-03-17 17:00:00,3.1257346972078244,34.68702862008534,56.96259567404277,0.13510935974901017,6.768479936976309,17,6,3,1
2024-03-17 18:00:00,1.6376420753052183,31.015028219170112,69.57237488780846,0.2928520458013808,4.49767593435781,18,6,3,1
2024-03-17 19:00:00,0.49950129299738827,29.070927909386373,70.19996353505228,0.6572496613250809,3.4811890921080146,19,6,3,1
2024-03-17 20:00:00,0.0,28.81328183778857,69.79052124068942,0.4988731886038439,6.062017897780835,20,6,3,1
2024-03-17 21:00:00,0.0,26.406765044280068,80.48659456324343,0.0018834481386409418,3.621178373903394,21,6,3,1
2024-03-17 22:00:00,0.0,26.15533344958199,75.35324515550049,0.8949327987950717,6.447180110663677,22,6,3,1
2024-03-17 23:00:00,0.0,23.34793905386765,86.88329681513524,0.618790448721959,8.466847666286174,23,6,3,1
2024-03-18 00:00:00,0.0,23.629595467349265,74.468047606968,0.12437765081310392,4.457119438496284,0,0,3,0
2024-03-18 01:00:00,0.0,23.667220829668143,89.79593258267609,0.4066652521952133,3.6814715006588052,1,0,3,0
2024-03-18 02:00:00,0.0,22.959963105768125,89.42419340940155,0.8590826869555508,5.378081815822032,2,0,3,0
2024-03-18 03:00:00,0.0,23.384520312121595,91.90321089696664,0.0661575135964827,5.324071080012864,3,0,3,0
2024-03-18 04:00:00,0.0,24.422140518106477,78.16058751468928,0.7793525699024274,6.969134727855075,4,0,3,0
2024-03-18 05:00:00,0.0,23.863972238017652,79.12757332481813,0.06080791523118578,2.7040411212789186,5,0,3,0
2024-03-18 06:00:00,0.733374313620666,24.800890130667412,83.48208101412696,0.2599255523227789,5.018428440549661,6,0,3,0
2024-03-18 07:00:00,0.6474768593993698,25.77006242680204,77.25829977638053,0.9863183938793734,3.8569637359122533,7,0,3,0
2024-03-18 08:00:00,1.0867112373202732,27.407427722392942,82.33673903497177,0.7775271056108501,5.484364080037752,8,0,3,0
2024-03-18 09:00:00,1.392674749329748,29.384620838334808,71.73475582176187,0.9041569671534884,2.291856661176176,9,0,3,0
2024-03-18 10:00:00,4.975999504299765,32.15742976893356,72.75105659245384,0.5014972217620836,8.725592132324708,10,0,3,0
2024-03-18 11:00:00,6.624090546065852,30.098391992968885,74.69834933370652,0.06869058198553424,5.250271432975936,11,0,3,0
2024-03-18 12:00:00,5.092292033391531,33.6982169146415,59.075348607763964,0.5532808981709723,5.386434144584226,12,0,3,0
2024-03-18 13:00:00,3.8270077066642685,33.223885543730695,61.895317280152774,0.8110444021003637,2.99561329721448,13,0,3,0
2024-03-18 14:00:00,4.907727372032829,33.561338555779216,57.02436077749401,0.3631985746751817,1.3400717743430068,14,0,3,0
2024-03-18 15:00:00,3.4007749987255718,35.00449385412604,54.453454725476156,0.7932722588133805,5.8372559513057904,15,0,3,0
2024-03-18 16:00:00,3.284721309676174,32.19602606103631,69.63146854883738,0.02983783438811871,7.501718229528439,16,0,3,0
2024-03-18 17:00:00,1.0222171707143906,31.752499949932375,64.14662097507697,0.901998629523065,2.97623381388912,17,0,3,0
2024-03-18 18:00:00,0.9717470786832569,31.3644070956184,58.692778305842396,0.6392506739639158,2.1359568024344346,18,0,3,0
2024-03-18 19:00:00,0.5646423481959617,30.351257774663466,62.882837756118604,0.6742690675015958,2.5893074678696495,19,0,3,0
2024-03-18 20:00:00,0.0,28.08070690179381,73.83942323857315,0.24672064225852064,3.6019796378971947,20,0,3,0
2024-03-18 21:00:00,0.0,25.812211902339538,72.49726117053568,0.2308298995786393,0.21143401839970655,21,0,3,0
2024-03-18 22:00:00,0.0,25.930374750691723,84.01604228435886,0.11961035180432045,1.6428752779543743,22,0,3,0
2024-03-18 23:00:00,0.0,24.842313408620072,80.35390532983718,0.26666085290876085,1.1217097646631036,23,0,3,0
2024-03-19 00:00:00,0.0,23.850715518805167,77.48223490111889,0.02959834704010378,7.685372112500383,0,1,3,0
2024-03-19 01:00:00,0.0,24.480117904014094,82.69967773682423,0.5702124446386364,2.559959731016146,1,1,3,0
2024-03-19 02:00:00,0.0,23.20338807617185,84.1144305266025,0.7729183214850777,0.913413954384712,2,1,3,0
2024-03-19 03:00:00,0.0,22.42999723106446,88.77111234837459,0.4191227748769304,2.373735482613263,3,1,3,0
2024-03-19 04:00:00,0.0,22.96083765863852,85.34049955833024,0.9682225105225457,9.076116146722347,4,1,3,0
2024-03-19 05:00:00,0.0,24.513974401907483,80.87949767286489,0.7408454557891779,9.359791583686516,5,1,3,0
2024-03-19 06:00:00,0.5224153792621324,25.747304591714638,79.98061175254684,0.5158480608874947,1.2440891253973985,6,1,3,0
2024-03-19 07:00:00,1.5624453737773298,27.16969242321255,78.41328534110657,0.24507797124286923,3.445700506621815,7,1,3,0
2024-03-19 08:00:00,1.3132033171947164,28.024051663360574,78.22725819991402,0.6598255180394538,1.6114821168498161,8,1,3,0
2024-03-19 09:00:00,3.067549654641727,30.581780611626762,69.14232859332387,0.01823083289047689,6.095516760249753,9,1,3,0
2024-03-19 10:00:00,7.354596381044189,31.69036283143506,70.14352049070283,0.26675289018014425,4.056014022398343,10,1,3,0
2024-03-19 11:00:00,4.552357889509599,31.36447752647202,71.68661472542156,0.2758413368601077,5.086451588962384,11,1,3,0
2024-03-19 12:00:00,5.945470858337869,32.5045954669008,56.772742549244626,0.4953941046889906,3.101641979141098,12,1,3,0
2024-03-19 13:00:00,3.6355063718004086,32.1258360391732,61.863425959902486,0.8520424297724547,0.9800610765835027,13,1,3,0
2024-03-19 14:00:00,3.1637658630394454,32.69202943365911,59.46530737759085,0.6205773832969165,7.508481202249861,14,1,3,0
2024-03-19 15:00:00,7.139104727492502,34.205780274472666,63.34569888118574,0.11984375087992205,9.459637479530114,15,1,3,0
2024-03-19 16:00:00,3.0883217679669026,32.25233581353219,71.46547009054883,0.3380156915665913,6.954388860314103,16,1,3,0
2024-03-19 17:00:00,2.3721391533223843,31.04037989547237,62.536373407823376,0.09242663796470818,9.308560974707417,17,1,3,0
2024-03-19 18:00:00,1.5626859534591595,29.407080913402435,76.71900340005722,0.4400625418750861,0.05029881274222103,18,1,3,0
2024-03-19 19:00:00,0.36275413239622595,28.97190688011265,82.21053226860974,0.9865437185564485,9.653351605824907,19,1,3,0
2024-03-19 20:00:00,0.0,26.38501299209364,85.36288114446351,0.08735301360579129,9.719708483020295,20,1,3,0
2024-03-19 21:00:00,0.0,28.95366395480971,63.12445680156918,0.6100264587965842,6.096076517732665,21,1,3,0
2024-03-19 22:00:00,0.0,24.900414002188242,72.29763638861438,0.6497698045091436,6.1425427679906095,22,1,3,0
2024-03-19 23:00:00,0.0,23.119595528143652,78.09058244410264,0.2463982971608799,0.29572401862708153,23,1,3,0
2024-03-20 00:00:00,0.0,24.769115838240026,78.5058811048831,0.6912944055405512,0.5830755382244879,0,2,3,0
2024-03-20 01:00:00,0.0,21.5562357054466,82.5472304045884,0.14821296849535326,0.8410285235546044,1,2,3,0
2024-03-20 02:00:00,0.0,23.85106457307742,86.04379041424234,0.4822308376486357,8.57210932470977,2,2,3,0
2024-03-20 03:00:00,0.0,25.093022958222775,83.96161923087787,0.3759983680925344,0.03501614195133507,3,2,3,0
2024-03-20 04:00:00,0.0,23.284893045803535,80.14024244238854,0.2720980180617377,0.34420835992555077,4,2,3,0
2024-03-20 05:00:00,0.0,23.620577807611035,77.79260342597041,0.5561469072980763,3.7005399943500117,5,2,3,0
2024-03-20 06:00:00,0.8066150716697298,26.659307747955307,71.57290571568271,0.45248044492614914,3.798030947175385,6,2,3,0
2024-03-20 07:00:00,0.8871179517202601,25.07423901012294,83.4940266976249,0.7735877479143053,0.7985554771973191,7,2,3,0
2024-03-20 08:00:00,1.019566188616409,27.651971391411536,76.08483827652523,0.7296324746049526,6.63095146809251,8,2,3,0
2024-03-20 09:00:00,1.9246151030346603,29.336120546221842,71.03492868688348,0.8190330574716438,9.59794733296228,9,2,3,0
2024-03-20 10:00:00,2.6615627619755067,29.581754788918463,72.86211536534185,0.8722808655020179,2.4906816845589175,10,2,3,0
2024-03-20 11:00:00,5.297859655459288,29.37987397904934,80.39378804035493,0.24599423344987947,7.538611402364736,11,2,3,0
2024-03-20 12:00:00,4.994021558885566,32.31653078685177,56.81574875092369,0.47012297789819646,7.853493462332503,12,2,3,0
2024-03-20 13:00:00,3.846476349812746,34.42648769352494,61.205084158695996,0.8276159414582461,3.24318072140906,13,2,3,0
2024-03-20 14:00:00,5.926457473303509,34.35905927295594,64.56181515921014,0.31913182842203003,5.074315329792788,14,2,3,0
2024-03-20 15:00:00,6.854896079814736,33.7394593289634,65.67140674719475,0.3167362929356724,2.0948523005471453,15,2,3,0
2024-03-20 16:00:00,3.5124613577622728,32.20350421824038,69.54177559287498,0.311890922381896,9.153582548854287,16,2,3,0
2024-03-20 17:00:00,0.7470156674998165,31.803123100205127,68.77651820776614,0.9459179972471626,5.106633979826508,17,2,3,0
2024-03-20 18:00:00,2.3813740165139587,30.727972421640942,74.8038234986938,0.0786542022768345,1.0099741026006193,18,2,3,0
2024-03-20 19:00:00,0.5852449793532565,28.549660535111133,73.70596479054903,0.5483689588235336,6.9229870124669,19,2,3,0
2024-03-20 20:00:00,0.0,29.937198838363678,66.04894714157102,0.43152555632068323,5.104554009695472,20,2,3,0
2024-03-20 21:00:00,0.0,27.658925518597453,71.72068904309222,0.7617608891470818,7.125091704711991,21,2,3,0
2024-03-20 22:00:00,0.0,24.920388191522893,73.68289459287078,0.047673541114888085,5.8171991173415885,22,2,3,0
2024-03-20 23:00:00,0.0,23.254055546515286,89.66416285684443,0.8462353418787097,4.615542675674381,23,2,3,0
2024-03-21 00:00:00,0.0,24.488279236102375,75.69647213696288,0.8111894351865412,1.7139306627861717,0,3,3,0
2024-03-21 01:00:00,0.0,24.11138346375204,78.89421584962395,0.027821990941058528,2.2574291701508455,1,3,3,0
2024-03-21 02:00:00,0.0,24.009471076823214,81.97601714785851,0.11231142112393977,6.687454293347589,2,3,3,0
2024-03-21 03:00:00,0.0,24.476845129077578,80.38873688738228,0.03173214512889544,7.551657662176153,3,3,3,0
2024-03-21 04:00:00,0.0,25.906500831230634,72.3070354697576,0.6627362352614745,6.42598428042477,4,3,3,0
2024-03-21 05:00:00,0.0,24.071621344927532,81.30222508893213,0.7463797412480492,9.402575920896139,5,3,3,0
2024-03-21 06:00:00,0.5549781983569264,25.870237531134112,72.1961827333968,0.7911104115225959,8.567623434656603,6,3,3,0
2024-03-21 07:00:00,1.1631372595038867,25.93870741530408,75.04292673647919,0.667899318757144,4.955159809595195,7,3,3,0
2024-03-21 08:00:00,1.797790251539329,25.918147449258004,86.9264680008277,0.6591734760825486,8.792990561150289,8,3,3,0
2024-03-21 09:00:00,3.2927157062156507,29.02930904632482,78.13413745212898,0.38927323409248893,3.2450195096355126,9,3,3,0
2024-03-21 10:00:00,2.719139354525784,30.45390014967539,62.32602914319006,0.9795965137392497,3.6889749595503343,10,3,3,0
2024-03-21 11:00:00,2.9965250263818355,31.51526459591613,70.46662746001202,0.8584975169543407,6.154455204990032,11,3,3,0
2024-03-21 12:00:00,7.565080238068773,30.900791854894152,64.6150610830582,0.42491700881249694,1.947902655980256,12,3,3,0
2024-03-21 13:00:00,9.265791750652513,31.4727144014294,65.07840795886689,0.15806942543575575,3.0935452531052974,13,3,3,0
2024-03-21 14:00:00,6.406005920938346,34.49325148062112,67.33813462938289,0.40990447155616105,6.920012103144456,14,3,3,0
2024-03-21 15:00:00,2.847030795148965,30.739337716590462,83.84683275669613,0.9011600645940964,1.8285072078965448,15,3,3,0
2024-03-21 16:00:00,4.357245241694051,32.24088250657235,63.28665393462167,0.07488015062401898,1.0400375123227523,16,3,3,0
2024-03-21 17:00:00,0.8250936044724401,30.954719927238088,67.58466700206152,0.9600811845387799,7.770313674511467,17,3,3,0
2024-03-21 18:00:00,0.5704416092144754,30.199913930936884,79.78564565719478,0.941780599375594,2.856689386307724,18,3,3,0
2024-03-21 19:00:00,1.3293132061609696,28.434145776541328,73.86904387715126,0.024991055875225654,9.769129038314817,19,3,3,0
2024-03-21 20:00:00,0.0,28.299114718931012,67.0268852592185,0.35034021489966394,0.6158141162167119,20,3,3,0
2024-03-21 21:00:00,0.0,27.463109437065267,82.56984741450971,0.9230654337688362,6.826152211438085,21,3,3,0
2024-03-21 22:00:00,0.0,26.218796795268528,71.73064264281416,0.3029210584114128,4.276702597915193,22,3,3,0
2024-03-21 23:00:00,0.0,24.99176409866276,78.30427858320725,0.3719036653711755,1.4331901166588101,23,3,3,0
2024-03-22 00:00:00,0.0,23.386598341577827,72.71795180333618,0.9807512014426455,0.7488933370780848,0,4,3,0
2024-03-22 01:00:00,0.0,22.600631438670845,88.32602623990131,0.19899610244960098,6.005941086153178,1,4,3,0
2024-03-22 02:00:00,0.0,24.25007813767167,83.53539939298997,0.8852802443222668,6.502294762267274,2,4,3,0
2024-03-22 03:00:00,0.0,21.517735884911758,92.94027510490926,0.1750403333563061,7.0621373996618955,3,4,3,0
2024-03-22 04:00:00,0.0,23.001441988827498,83.90347152384564,0.8032805244128963,0.09630832900914155,4,4,3,0
2024-03-22 05:00:00,0.0,23.031098919605537,84.72821079367274,0.32532147664469413,3.398330852874963,5,4,3,0
2024-03-22 06:00:00,0.3526844982562784,25.510056153603482,73.34659787912327,0.7777281527590605,1.317918448713884,6,4,3,0
2024-03-22 07:00:00,1.9735319882434395,27.009554986582668,72.52973792104837,0.06467076915790082,3.247349032235751,7,4,3,0
2024-03-22 08:00:00,2.480779731453169,27.63108283292309,77.00045406882285,0.28572284847210117,7.086968997351665,8,4,3,0
2024-03-22 09:00:00,1.8540155423932585,30.34411065441817,74.62411926889891,0.6519994956778455,7.24472904712316,9,4,3,0
2024-03-22 10:00:00,2.810570164354268,28.29435047144866,73.53561896971426,0.8196445989521746,4.643677891636382,10,4,3,0
2024-03-22 11:00:00,3.948282432744178,31.397191555702268,61.95121331476934,0.5127379677780823,9.849370026867543,11,4,3,0
2024-03-22 12:00:00,10.885043496349365,31.75521640912255,62.13063528528346,0.02739383852487154,6.039361955116554,12,4,3,0
2024-03-22 13:00:00,5.152160978391228,32.460396946812715,70.58810278467672,0.4274655632930804,2.977657376953431,13,4,3,0
2024-03-22 14:00:00,2.1665593836851977,33.56450739624772,62.72519904541778,0.966061229387894,5.312539358788184,14,4,3,0
2024-03-22 15:00:00,5.609437678231008,31.966074071564595,64.09373189923345,0.3762880613469334,5.988593821266984,15,4,3,0
2024-03-22 16:00:00,2.756282232584733,32.76272732427674,65.46641146185539,0.10880133097218181,7.926877122025148,16,4,3,0
2024-03-22 17:00:00,1.1053400142549614,31.272703770290743,61.002402338591324,0.9123579105930713,1.2381109952787672,17,4,3,0
2024-03-22 18:00:00,0.5806146071929914,29.775567207622352,70.07001352442182,0.8596872257302931,6.088583890172636,18,4,3,0
2024-03-22 19:00:00,0.487553338282064,27.181565825886487,76.97224822955644,0.8446648853955346,8.719953474682983,19,4,3,0
2024-03-22 20:00:00,0.0,29.040694352689727,77.53210956531366,0.12298043763583266,8.363978714645738,20,4,3,0
2024-03-22 21:00:00,0.0,26.212778527465385,75.75565118684864,0.3502243871357441,8.676355859935672,21,4,3,0
2024-03-22 22:00:00,0.0,24.889647321633966,81.96601206811849,0.7428455943085811,4.022639984004598,22,4,3,0
2024-03-22 23:00:00,0.0,22.666907682620323,74.65749438144996,0.851475755960314,8.387567358548925,23,4,3,0
2024-03-23 00:00:00,0.0,23.27822126551101,86.97833059271308,0.4324455190336447,4.082478110035231,0,5,3,1
2024-03-23 01:00:00,0.0,24.104318691608693,80.93690597988302,0.48854956760390644,4.586830285669851,1,5,3,1
2024-03-23 02:00:00,0.0,22.782261263190705,84.60842475912364,0.5980407427897516,9.719136525147116,2,5,3,1
2024-03-23 03:00:00,0.0,22.953641198906936,91.2365110924997,0.1703193558164663,9.374574373183314,3,5,3,1
2024-03-23 04:00:00,0.0,22.77927087021285,92.79217206927616,0.43509770290630345,3.340946044736337,4,5,3,1
2024-03-23 05:00:00,0.0,21.60554989524593,88.37585021493203,0.748243047571724,4.208065649233076,5,5,3,1
2024-03-23 06:00:00,0.4192044929300723,25.233123833793552,86.05000471441195,0.6992122383439675,8.41407877828052,6,5,3,1
2024-03-23 07:00:00,1.1091637846246067,25.64385499136362,74.95339426862074,0.3653947140029925,4.866008604530937,7,5,3,1
2024-03-23 08:00:00,2.4434833761192944,29.744292383856735,65.98021804105845,0.5255125025608338,3.8403584386208403,8,5,3,1
2024-03-23 09:00:00,2.0912076594398057,27.62292533286101,76.73545470274607,0.6915809243972552,5.438802881870657,9,5,3,1
2024-03-23 10:00:00,4.043072184676576,31.774205143638053,62.70203295284151,0.3424622091442018,6.80097616756912,10,5,3,1
2024-03-23 11:00:00,6.87502280321653,32.995486700306515,72.80775493118425,0.19694948117129474,3.992281182943409,11,5,3,1
2024-03-23 12:00:00,4.646965780948675,31.857209089770215,70.2692307455353,0.7970223566369581,3.029749969424423,12,5,3,1
2024-03-23 13:00:00,6.472842910676319,33.584313510804385,64.873012675806,0.4821023951552904,7.210044762373229,13,5,3,1
2024-03-23 14:00:00,8.176086224499919,33.573372890734014,60.9211105382601,0.04966696059482778,5.751697580302835,14,5,3,1
2024-03-23 15:00:00,3.4778445071742126,33.88552559171394,57.35091610006984,0.6674393372991618,6.721367391208029,15,5,3,1
2024-03-23 16:00:00,1.3140704399182834,32.63266320741875,64.91753323275012,0.9532660456120626,6.476663556128975,16,5,3,1
2024-03-23 17:00:00,2.2364973936265455,32.15944029066533,60.31019959777633,0.1531024656255705,4.040959513280419,17,5,3,1
2024-03-23 18:00:00,2.225085039374166,29.39043480603845,69.47294022498852,0.10224453556962743,1.4696461016213413,18,5,3,1
2024-03-23 19:00:00,0.40324955852348526,30.105570597473786,76.713052709925,0.792065769631949,3.6288907972654973,19,5,3,1
2024-03-23 20:00:00,0.0,27.688326880140735,75.3150620632989,0.7393367466205517,4.499063727011944,20,5,3,1
2024-03-23 21:00:00,0.0,26.248788302120683,76.89966136666517,0.1493202672771956,1.4453594846319062,21,5,3,1
2024-03-23 22:00:00,0.0,23.90482243209379,79.27420428727488,0.27023008681832095,1.2944388740449586,22,5,3,1
2024-03-23 23:00:00,0.0,25.37714694175593,81.89777260116192,0.3286594260645599,9.848880545479954,23,5,3,1
2024-03-24 00:00:00,0.0,22.37291619552642,92.85907540804763,0.9480225977312527,8.894617571503758,0,6,3,1
2024-03-24 01:00:00,0.0,24.332061520410914,82.34417311886213,0.034561791302530454,0.9948887753278268,1,6,3,1
2024-03-24 02:00:00,0.0,23.156796912679912,80.06110482606704,0.9675617662165433,1.716275143572189,2,6,3,1
2024-03-24 03:00:00,0.0,21.246690109397658,84.72285038406937,0.5512887073056896,3.989897131593365,3,6,3,1
2024-03-24 04:00:00,0.0,23.305588020749102,81.23578776411416,0.012821987032515358,7.978554467239128,4,6,3,1
2024-03-24 05:00:00,0.0,23.971912040950926,84.34669454503386,0.8438107526494166,9.088202394969265,5,6,3,1
2024-03-24 06:00:00,0.5882164768755656,23.945954053079802,86.167099065208,0.5105645672719052,1.7597039234932232,6,6,3,1
2024-03-24 07:00:00,1.8413542604328756,25.567199477674464,78.13175095857848,0.11347313023442906,5.462109957196537,7,6,3,1
2024-03-24 08:00:00,1.366503075943034,27.244735714002424,74.12315165983443,0.7939360058038809,4.629105037061959,8,6,3,1
2024-03-24 09:00:00,2.6277500746226994,29.677079074599366,64.93547595397952,0.5274604906775846,2.1738439226009154,9,6,3,1
2024-03-24 10:00:00,6.90638071483643,31.626940157175998,60.880953762446495,0.22153625784267916,4.383523006918733,10,6,3,1
2024-03-24 11:00:00,5.611998570286533,31.36411865395732,68.09992310275247,0.4694197375335819,3.258061772231179,11,6,3,1
2024-03-24 12:00:00,7.19562128018747,32.918640327535805,71.93964138456158,0.4174404688266844,6.027193266297034,12,6,3,1
2024-03-24 13:00:00,3.3531262470877827,32.880061755167915,65.92875754980021,0.9293508737137945,8.751804117790012,13,6,3,1
2024-03-24 14:00:00,2.945604394824791,34.95797211340783,68.12971184911538,0.6145076908931599,7.65064461712916,14,6,3,1
2024-03-24 15:00:00,4.915678619611837,32.844705699720265,58.084808150507534,0.2644027617132475,5.2327163524864515,15,6,3,1
2024-03-24 16:00:00,2.6115893342035563,31.720060900495177,55.00411898927402,0.6295642746040275,7.937329220416123,16,6,3,1
2024-03-24 17:00:00,2.6224573052787266,30.18065240541573,74.39686465226255,0.08925367061949785,4.863029411537819,17,6,3,1
2024-03-24 18:00:00,1.0218648624126907,31.57549108184147,68.71194053134232,0.792308219265249,3.1248615384836165,18,6,3,1
2024-03-24 19:00:00,0.951358746737676,27.835815291527723,83.87378368620844,0.13131832631864737,2.646230243127242,19,6,3,1
2024-03-24 20:00:00,0.0,28.9848326834178,74.32656955407617,0.8506006640465653,4.542681991484931,20,6,3,1
2024-03-24 21:00:00,0.0,27.559474622208224,69.9058603123104,0.7429841474146284,3.6761010005111503,21,6,3,1
2024-03-24 22:00:00,0.0,26.309351095831293,75.36316557753494,0.11819878765855707,4.561334964082664,22,6,3,1
2024-03-24 23:00:00,0.0,23.972186792021535,85.90561135903025,0.3823343878297206,0.13211564151831778,23,6,3,1
2024-03-25 00:00:00,0.0,23.19297126628737,90.45471389519412,0.09352689098289313,3.385167574288257,0,0,3,0
2024-03-25 01:00:00,0.0,24.184610166947365,84.92717547414624,0.44394826461722237,5.160365659331268,1,0,3,0
2024-03-25 02:00:00,0.0,24.38193225680146,87.21216136202627,0.8779848471513575,3.386825429180953,2,0,3,0
2024-03-25 03:00:00,0.0,24.783829544109306,79.29024982381026,0.07448976027630383,2.195128896634145,3,0,3,0
2024-03-25 04:00:00,0.0,22.368861556394442,87.74290892871477,0.17617053864974308,7.24449665486821,4,0,3,0
2024-03-25 05:00:00,0.0,25.825759772190832,85.54107528687983,0.6479412571129035,2.236921011909353,5,0,3,0
2024-03-25 06:00:00,0.3156731657224535,26.47753789506028,70.32628026505863,0.8721111966711089,3.851232871664064,6,0,3,0
2024-03-25 07:00:00,1.2803521288390554,26.120893710129078,76.08189736809294,0.5915456019361344,3.7912009476069963,7,0,3,0
2024-03-25 08:00:00,2.792300798683487,28.03341435709466,72.74143421104587,0.18785531156141133,4.156452416465337,8,0,3,0
2024-03-25 09:00:00,2.359344827489659,29.304488438980428,64.70199924481491,0.6356938770529557,2.2964034992310456,9,0,3,0
2024-03-25 10:00:00,5.157040288908175,29.20893605893921,66.0379165408101,0.4027299221757147,5.606039493151368,10,0,3,0
2024-03-25 11:00:00,4.871877120390589,30.864648557707817,66.60555401527296,0.3635706058444371,6.4668479327577,11,0,3,0
2024-03-25 12:00:00,8.853830937620526,29.994399864164667,70.84549810753222,0.1690359174473488,9.961735229039583,12,0,3,0
2024-03-25 13:00:00,3.5973874642713435,31.192723287876333,73.8728330218224,0.9588033897624136,0.9151525986916464,13,0,3,0
2024-03-25 14:00:00,2.090733542614809,33.318294442790894,63.91866063359592,0.9714905652383024,2.137643589277549,14,0,3,0
2024-03-25 15:00:00,2.735827094248052,31.740509085663987,76.63605474485341,0.8955754700931842,3.9997377324495242,15,0,3,0
2024-03-25 16:00:00,3.0198171170721357,33.35889275506232,54.98134358358108,0.5105915352662067,6.9236329077901715,16,0,3,0
2024-03-25 17:00:00,1.6116553530872328,31.846362729655304,70.6448028772053,0.8259607206880349,2.008631243228259,17,0,3,0
2024-03-25 18:00:00,1.504292263007354,30.337226361173247,67.73051004045728,0.5385619146870237,0.9621280471539317,18,0,3,0
2024-03-25 19:00:00,0.7416789347498952,29.14015958122995,78.63122057995088,0.5531937368603629,9.354833897703612,19,0,3,0
2024-03-25 20:00:00,0.0,27.965940839468757,81.89203749348893,0.9186834839333125,7.567199425965856,20,0,3,0
2024-03-25 21:00:00,0.0,27.05602689599169,83.6307752778441,0.029714115890094317,7.777233786377162,21,0,3,0
2024-03-25 22:00:00,0.0,24.29716144445378,91.55028519304634,0.3307948333704217,0.4822846883063514,22,0,3,0
2024-03-25 23:00:00,0.0,24.551353024506007,84.35219882631792,0.3505150360006217,6.163758790948969,23,0,3,0
2024-03-26 00:00:00,0.0,23.437339316898786,74.57432498489902,0.05370212437501454,2.707440447677072,0,1,3,0
2024-03-26 01:00:00,0.0,24.02333933137317,78.57482935173088,0.4866494628790933,2.8843686396012105,1,1,3,0
2024-03-26 02:00:00,0.0,22.977455823298683,90.12278157218412,0.06291930268054446,3.819943755576362,2,1,3,0
2024-03-26 03:00:00,0.0,22.6304184370265,92.46229766732174,0.11206922081153103,9.062919979706928,3,1,3,0
2024-03-26 04:00:00,0.0,22.820239384425914,79.63533128820929,0.12946435522879385,4.515020417375071,4,1,3,0
2024-03-26 05:00:00,0.0,25.641406760600383,75.67743631571358,0.69018087263473,2.5413998728070264,5,1,3,0
2024-03-26 06:00:00,0.4701255187615257,24.842248189339493,85.26624360569484,0.6770616825026363,6.209468977621815,6,1,3,0
2024-03-26 07:00:00,1.75175465729318,27.62795184292501,82.10804472355971,0.26979275884451737,6.174245080813464,7,1,3,0
2024-03-26 08:00:00,3.5115806128091314,28.7844684807226,68.77528028363436,0.02664656768006657,2.5737856970075415,8,1,3,0
2024-03-26 09:00:00,3.961616545050021,30.534430868692066,68.70863507732574,0.16124155400820095,1.2936441208544525,9,1,3,0
2024-03-26 10:00:00,2.544554350509314,30.255156110268167,76.26610445919555,0.8269761808341611,5.377955832742175,10,1,3,0
2024-03-26 11:00:00,3.6374517563994004,32.15913167416226,76.38177575823151,0.5680288702828004,8.144353649183646,11,1,3,0
2024-03-26 12:00:00,2.5771788356644514,31.466301171263684,71.1651099397792,0.955115426499483,7.1370222535797225,12,1,3,0
2024-03-26 13:00:00,3.389703975304782,32.29058829075909,70.60531257883882,0.9283315693241864,7.650792127326559,13,1,3,0
2024-03-26 14:00:00,5.777338115701977,33.98520047457118,61.71582571962618,0.02789572270680951,8.815949472956909,14,1,3,0
2024-03-26 15:00:00,7.531296587949752,33.50579492462746,70.58582097783061,0.18202306887692843,3.5830529960053568,15,1,3,0
2024-03-26 16:00:00,1.3934960378579333,30.63831859255001,73.80438611289334,0.985694123075957,9.55731524746659,16,1,3,0
2024-03-26 17:00:00,1.1154151878636314,32.125519514417995,60.20855246800292,0.954075577045948,5.618909233302834,17,1,3,0
2024-03-26 18:00:00,1.1411687561565902,31.09697358060218,70.32701587574125,0.5373499979132276,1.5297917409854522,18,1,3,0
2024-03-26 19:00:00,0.7989375095717224,27.885688876305274,74.66316915559543,0.3346563519065384,3.259955972792896,19,1,3,0
2024-03-26 20:00:00,0.0,27.806774494334803,68.32048328427015,0.5785951687652998,9.149641724183343,20,1,3,0
2024-03-26 21:00:00,0.0,27.490603107414458,82.20810323814761,0.9732320503794726,7.018130763868915,21,1,3,0
2024-03-26 22:00:00,0.0,24.39458761125143,77.24638280230864,0.11302582291269436,4.793230851228262,22,1,3,0
2024-03-26 23:00:00,0.0,23.50972005986688,83.75738701935393,0.7894610369986869,9.864179034903716,23,1,3,0
2024-03-27 00:00:00,0.0,26.222536650396833,81.38706116169494,0.08303217436069554,0.30569021843030786,0,2,3,0
2024-03-27 01:00:00,0.0,23.09902764428319,78.29414595496824,0.03659834677992713,7.697545755691586,1,2,3,0
2024-03-27 02:00:00,0.0,22.502321073277162,95.0,0.8841472251153276,8.561463580082977,2,2,3,0
2024-03-27 03:00:00,0.0,22.353426967754423,82.823846787096,0.06546042046807032,3.679934683765669,3,2,3,0
2024-03-27 04:00:00,0.0,24.065828078719044,88.55945040820704,0.68784371570694,2.1580031731053517,4,2,3,0
2024-03-27 05:00:00,0.0,23.464174684347935,74.85794677434222,0.5295347172573199,5.167110348882061,5,2,3,0
2024-03-27 06:00:00,0.831842263027366,23.648148538519656,81.64548180958518,0.17308399359002158,3.2270610616135675,6,2,3,0
2024-03-27 07:00:00,0.8938725115687175,25.30765135684074,83.77351928050676,0.9005488003583119,2.827043526407742,7,2,3,0
2024-03-27 08:00:00,2.874346486924741,26.695660087012154,74.70449248011717,0.26260577033807475,1.909456791600005,8,2,3,0
2024-03-27 09:00:00,2.138908222119269,28.855502894344443,72.02464007872157,0.5710348983929238,4.656465590028206,9,2,3,0
2024-03-27 10:00:00,3.710398602673852,30.369526941291753,69.8637928041876,0.565816100309224,3.350397122643789,10,2,3,0
2024-03-27 11:00:00,3.920659906181557,31.238975488913713,71.02981042220539,0.7454932038320301,6.073988248322818,11,2,3,0
2024-03-27 12:00:00,4.5615904532530545,32.98932522175847,65.3413123156506,0.6579163693900443,2.11792132858992,12,2,3,0
2024-03-27 13:00:00,5.588275646896259,31.761982686054473,61.378962055037654,0.5695125045533146,4.7870727743231125,13,2,3,0
2024-03-27 14:00:00,2.3690289786227785,33.799563243830534,59.3969589636186,0.943550341568619,4.445201938948373,14,2,3,0
2024-03-27 15:00:00,3.0195064092799244,33.7493626249494,68.97508203724854,0.7776384615865568,9.444903261910138,15,2,3,0
2024-03-27 16:00:00,2.817784683914221,30.616660123245406,73.45413748275246,0.5414207283414261,3.7647498070226595,16,2,3,0
2024-03-27 17:00:00,2.5076652433721045,31.747928138320407,64.63622139443204,0.3727776594436518,7.999834342756859,17,2,3,0
2024-03-27 18:00:00,1.1155420906550408,29.823411411613783,68.09638904000744,0.6248329253330822,6.087358737211577,18,2,3,0
2024-03-27 19:00:00,0.7461620552808824,27.996249865872265,76.66063008494775,0.25044108311491864,2.9392110823607345,19,2,3,0
2024-03-27 20:00:00,0.0,26.856962635631337,80.71919397787542,0.816846045898503,0.2229971523307206,20,2,3,0
2024-03-27 21:00:00,0.0,27.846752652907327,75.57012936697514,0.8944315114639613,6.956763338620368,21,2,3,0
2024-03-27 22:00:00,0.0,26.133408607860545,83.80816626435865,0.534588198639591,6.396642945167058,22,2,3,0
2024-03-27 23:00:00,0.0,25.251133240155266,75.18801566809728,0.9023577009676765,8.400599782889772,23,2,3,0
2024-03-28 00:00:00,0.0,22.226305096268458,89.42745314558314,0.2118936233803621,7.567742870304012,0,3,3,0
2024-03-28 01:00:00,0.0,23.297432839080123,72.24474704161436,0.8946732264283233,2.3886126225039908,1,3,3,0
2024-03-28 02:00:00,0.0,22.633422305143696,83.58262337744658,0.09849987497200074,3.8238494686058164,2,3,3,0
2024-03-28 03:00:00,0.0,23.9896249278357,91.85198013526728,0.28065855743773616,2.6763266205269334,3,3,3,0
2024-03-28 04:00:00,0.0,24.475905573686596,78.60149109358196,0.6967292654647664,8.612023769497366,4,3,3,0
2024-03-28 05:00:00,0.0,24.60189680703931,89.04725006039462,0.02008439725367417,6.9985377813347736,5,3,3,0
2024-03-28 06:00:00,0.6394177018597148,26.78971293057474,81.68451673214804,0.6508310057989845,2.9400205756074893,6,3,3,0
2024-03-28 07:00:00,1.086928340433416,28.448899901213462,73.1068167402606,0.745167165422572,6.601876863361969,7,3,3,0
2024-03-28 08:00:00,3.0886542609238257,26.224713023083346,83.15585419435573,0.029069162273430482,2.6314644728919614,8,3,3,0
2024-03-28 09:00:00,1.2059061124261177,28.514738868767985,74.28234093229868,0.7933683237177682,1.689267503125359,9,3,3,0
2024-03-28 10:00:00,2.573808318632456,31.338919843858505,63.71499983106114,0.9461431189765348,6.429150660673637,10,3,3,0
2024-03-28 11:00:00,6.06492182569233,30.414196805808054,74.23812621185323,0.5048801098437852,4.718072918994178,11,3,3,0
2024-03-28 12:00:00,3.8822047443087357,31.22769812551138,68.87084536029383,0.6567021372999362,6.593470215161298,12,3,3,0
2024-03-28 13:00:00,4.575368913882674,30.86647172711798,69.24376661784977,0.8061483301480058,7.235576851310039,13,3,3,0
2024-03-28 14:00:00,5.788725555451343,33.52547334386213,61.33470136854897,0.15344825765588543,5.4979414624516165,14,3,3,0
2024-03-28 15:00:00,3.038975060763181,32.38893532504344,70.01553731875464,0.7513987957002005,4.2101110895985965,15,3,3,0
2024-03-28 16:00:00,3.017331156495066,33.56274268496921,58.08184707538089,0.04342651953034726,8.503676911084368,16,3,3,0
2024-03-28 17:00:00,1.3429736103841512,31.450017856524102,74.81948356701115,0.5895718009004339,8.822264882978896,17,3,3,0
2024-03-28 18:00:00,1.0891697293071811,29.893301980249703,77.29959767840899,0.8239776226814309,8.20112499494364,18,3,3,0
2024-03-28 19:00:00,0.7159409615173333,28.78194309790633,63.467165608422405,0.41784172322095303,1.4740824349088177,19,3,3,0
2024-03-28 20:00:00,0.0,26.358642305123087,76.60631714359329,0.19617662816215786,2.562066357803583,20,3,3,0
2024-03-28 21:00:00,0.0,26.069302463926753,74.87783010522453,0.7096129873638846,7.860372856507196,21,3,3,0
2024-03-28 22:00:00,0.0,24.56794175842058,78.35409312967845,0.34056980172061135,7.294018892709802,22,3,3,0
2024-03-28 23:00:00,0.0,24.866549925578006,85.33676371269569,0.5822436577729772,5.548281497289194,23,3,3,0
2024-03-29 00:00:00,0.0,23.795650515224725,78.21859166590274,0.40663889406943476,6.1791345131521105,0,4,3,0
2024-03-29 01:00:00,0.0,22.872082940015666,86.33223085927501,0.4542589802601551,1.7153677779562737,1,4,3,0
2024-03-29 02:00:00,0.0,22.423142671539942,82.866781172486,0.21345022897288446,6.669354096600236,2,4,3,0
2024-03-29 03:00:00,0.0,24.29458805739613,77.44831235913925,0.048173938804216165,7.955460749251743,3,4,3,0
2024-03-29 04:00:00,0.0,23.90214663010392,88.244410870444,0.1285729541038162,4.2571553019165895,4,4,3,0
2024-03-29 05:00:00,0.0,23.97761023891211,86.78754854579914,0.23369454814595825,5.046941722217284,5,4,3,0
2024-03-29 06:00:00,0.40503174280590765,24.746710176784646,78.09577551796168,0.9391112180239218,2.3040860281439635,6,4,3,0
2024-03-29 07:00:00,1.3251728129381857,25.604647967075906,75.36690910112301,0.225199212311465,5.331408295490957,7,4,3,0
2024-03-29 08:00:00,1.698963826592879,26.42731393376971,80.50806450506042,0.7129795085460512,3.377750797045219,8,4,3,0
2024-03-29 09:00:00,2.335422859861296,29.409780796929216,71.9809565832454,0.4323191879927404,6.809123107184712,9,4,3,0
2024-03-29 10:00:00,7.081523576578814,30.82677311582455,64.77824842347391,0.047222240745594224,7.011930227042555,10,4,3,0
2024-03-29 11:00:00,4.553524608297902,33.23068713789885,73.21231784659966,0.5822280117935824,1.362023124467615,11,4,3,0
2024-03-29 12:00:00,6.286630736382749,31.194267104353088,66.69901673349808,0.5335557322551221,9.490581006525122,12,4,3,0
2024-03-29 13:00:00,6.4050640556360126,32.96119650556077,60.11169899326565,0.4706565971087254,9.359395122495233,13,4,3,0
2024-03-29 14:00:00,1.9438403243240365,33.6152781790861,55.82853057253416,0.9732122451436912,6.102968329804934,14,4,3,0
2024-03-29 15:00:00,8.239768861831775,32.0719427579375,67.41656959152215,0.09477306336123259,8.077655183759433,15,4,3,0
2024-03-29 16:00:00,2.6912870489655396,34.563995005870645,49.38977947226468,0.42266396511110116,5.556501213176683,16,4,3,0
2024-03-29 17:00:00,1.2275112288058854,31.59350946826868,62.07444195194283,0.9534638304657568,3.3116301746221346,17,4,3,0
2024-03-29 18:00:00,1.8734059359275657,30.86981931711065,67.17736745568398,0.09047096305800251,1.9555799827637999,18,4,3,0
2024-03-29 19:00:00,1.134766721640495,30.0434823511219,67.56945764381042,0.022932830705431506,9.917209308423477,19,4,3,0
2024-03-29 20:00:00,0.0,27.042660491249187,67.06597598143716,0.08590441747365318,9.628626336428454,20,4,3,0
2024-03-29 21:00:00,0.0,27.964809041456785,76.34164449818053,0.7263054273760651,5.437114322647543,21,4,3,0
2024-03-29 22:00:00,0.0,25.605759876294215,76.92347875663174,0.2317740610459087,7.273092724424935,22,4,3,0
2024-03-29 23:00:00,0.0,23.95271888388517,76.49090464029375,0.4756041886730592,0.3376290362496537,23,4,3,0
2024-03-30 00:00:00,0.0,22.916105593214013,88.94082940068091,0.9044260751592061,8.856382185160296,0,5,3,1
2024-03-30 01:00:00,0.0,23.538380053696358,81.84682995465553,0.4714574038541829,1.64269273501368,1,5,3,1
2024-03-30 02:00:00,0.0,23.891721811718714,84.93252562210006,0.7831148219350765,0.8803135444563326,2,5,3,1
2024-03-30 03:00:00,0.0,22.713229111222123,82.4407086500067,0.6143549711971339,8.477612176057782,3,5,3,1
2024-03-30 04:00:00,0.0,23.138309723090728,91.7780342953109,0.4095012114216203,3.0777341981401483,4,5,3,1
2024-03-30 05:00:00,0.0,23.29429437792441,73.54406310107959,0.8095234699480933,8.864517315977912,5,5,3,1
2024-03-30 06:00:00,0.8601657326562239,24.80592640625866,83.05166462904607,0.05471562845233391,5.562231443050939,6,5,3,1
2024-03-30 07:00:00,1.0843569740374832,26.615387776480556,80.28209495636264,0.5514139146204753,6.477605669842388,7,5,3,1
2024-03-30 08:00:00,1.170107555851263,27.798533727609115,79.24709102937658,0.7597333381801148,4.745433692003323,8,5,3,1
2024-03-30 09:00:00,2.6377568630821067,29.290583656155313,71.3050227377605,0.7102756111071543,5.47281486320235,9,5,3,1
2024-03-30 10:00:00,2.8820315760246076,31.42932949740782,70.43591532903088,0.817097552168526,5.52432901986419,10,5,3,1
2024-03-30 11:00:00,5.2315832224034216,30.361505683573622,73.152661026477,0.3812319218395599,4.967945332080501,11,5,3,1
2024-03-30 12:00:00,7.3773851326078255,33.52974088972664,67.97873793675923,0.0029476676239988953,5.648132264396298,12,5,3,1
2024-03-30 13:00:00,7.912347907317887,32.520341505548636,68.04938843154032,0.21143279254457759,2.139566113573835,13,5,3,1
2024-03-30 14:00:00,3.9262984829309144,34.96872077854544,60.15540887661256,0.662857177975098,7.185933970882918,14,5,3,1
2024-03-30 15:00:00,3.3840484549135903,32.463748029073294,63.58334239576464,0.4768065729013353,1.6130467945422389,15,5,3,1
2024-03-30 16:00:00,2.50286952804475,31.976973366539518,63.74000200101565,0.2987291571632862,6.389067883108854,16,5,3,1
2024-03-30 17:00:00,3.078430838377321,31.137342722270752,63.669946122981464,0.10787633632520632,4.532441457358334,17,5,3,1
2024-03-30 18:00:00,0.6387745841048551,30.925883877857352,74.78877737865491,0.9656823033060797,6.091306582460623,18,5,3,1
2024-03-30 19:00:00,1.1039491079684054,28.6614105330279,70.46450692881363,0.019671210997142863,1.1517309541162046,19,5,3,1
2024-03-30 20:00:00,0.0,27.11737091758269,75.80296551231773,0.08256809255006481,5.147588369913146,20,5,3,1
2024-03-30 21:00:00,0.0,27.272389045728296,73.78172667044171,0.9076667053823212,3.0351365648979,21,5,3,1
2024-03-30 22:00:00,0.0,24.87215998950969,86.58479940748076,0.8040886786255745,2.208725606946044,22,5,3,1
2024-03-30 23:00:00,0.0,23.946426201129146,76.85750392632148,0.11190978121567674,7.92854295692551,23,5,3,1
2024-03-31 00:00:00,0.0,25.23511262723557,79.73445522394468,0.4789533789854049,4.879156252439274,0,6,3,1
2024-03-31 01:00:00,0.0,21.879775223736903,84.01814538098394,0.36042673525030866,1.9447697757531512,1,6,3,1
2024-03-31 02:00:00,0.0,23.935462815351784,80.23616217358126,0.5493566552659996,1.175671372001914,2,6,3,1
2024-03-31 03:00:00,0.0,22.55344060549521,79.90359153322683,0.944010252189527,3.4411362913645274,3,6,3,1
2024-03-31 04:00:00,0.0,23.621878127639707,82.47946639734553,0.19711433437587023,4.148728543197975,4,6,3,1
2024-03-31 05:00:00,0.0,23.44868813008581,83.05721846471701,0.05045836618626143,5.851657894250099,5,6,3,1
2024-03-31 06:00:00,0.9268543973320383,25.69241749943807,78.60039559363713,0.019440301249027736,8.810608654341674,6,6,3,1
2024-03-31 07:00:00,1.1064284630855836,27.738716472056808,71.603100237375,0.8107434721186302,2.669411119513186,7,6,3,1
2024-03-31 08:00:00,2.4748792327491747,26.8148111694202,84.14463748769484,0.09723662563511193,8.34636459992875,8,6,3,1
2024-03-31 09:00:00,2.877744991243873,27.980391392315877,77.26552268258921,0.017317540744424265,2.6128211204850693,9,6,3,1
2024-03-31 10:00:00,2.951312676530536,32.075987207583275,64.65705281855786,0.8664270447909136,4.522019201730483,10,6,3,1
2024-03-31 11:00:00,2.132491143776475,31.645521137578186,61.71057139972805,0.9459724956148001,4.06560425364907,11,6,3,1
2024-03-31 12:00:00,5.444321379302511,31.864337526264798,67.56051839298557,0.421825227295885,0.6008650021210626,12,6,3,1
2024-03-31 13:00:00,4.138454534570643,32.84763253375332,59.27732577194834,0.6735400749888502,1.5083762052275174,13,6,3,1
2024-03-31 14:00:00,5.369528206665264,31.808552985183834,61.271147791931725,0.5092764154754366,4.554521328336836,14,6,3,1
2024-03-31 15:00:00,4.068558774009157,33.06814065581865,58.31205190141914,0.45056105238288247,4.222784484308638,15,6,3,1
2024-03-31 16:00:00,2.8872024879839535,32.18676946686983,72.89856991292355,0.5671698746002252,5.476084592642819,16,6,3,1
2024-03-31 17:00:00,0.8304103118480379,31.279969854861605,73.75470706966063,0.9708744557611587,4.179395380217774,17,6,3,1
2024-03-31 18:00:00,1.6452873583363083,30.146559563935323,64.83750156106532,0.2777189066932808,1.3479308174538596,18,6,3,1
2024-03-31 19:00:00,0.8165265246697067,27.46578445079941,82.56501392070902,0.3179743573525948,7.921123181609638,19,6,3,1
2024-03-31 20:00:00,0.0,27.24496204714881,81.54549697164751,0.09826951638485082,8.619983941169906,20,6,3,1
2024-03-31 21:00:00,0.0,27.65940023195889,79.08771365573182,0.7407253668350914,4.922941760943914,21,6,3,1
2024-03-31 22:00:00,0.0,24.645109525902686,85.66430523016656,0.6118312708902209,8.119779877797397,22,6,3,1
2024-03-31 23:00:00,0.0,21.69847654746616,94.805091231768,0.9583714063410257,4.184722273800956,23,6,3,1
2024-04-01 00:00:00,0.0,26.690960551206903,75.42753566333278,0.38682618953165393,8.04597890427693,0,0,4,0
2024-04-01 01:00:00,0.0,24.6339978365207,79.35769953241463,0.3678764104129184,3.7186992491959634,1,0,4,0
2024-04-01 02:00:00,0.0,24.690171254479313,78.53362110640835,0.6095991261770696,8.911072652838392,2,0,4,0
2024-04-01 03:00:00,0.0,23.787559271492672,89.53381002248211,0.3504666047394097,1.0826562943104212,3,0,4,0
2024-04-01 04:00:00,0.0,25.681625011570613,70.5193422034196,0.28920099527123677,3.479967219085447,4,0,4,0
2024-04-01 05:00:00,0.0,24.704874403567143,84.77971654775739,0.9495703015522694,7.225957669505101,5,0,4,0
2024-04-01 06:00:00,0.9178871040928028,25.60243358076653,82.44964029894902,0.3322544180604996,6.896152525567363,6,0,4,0
2024-04-01 07:00:00,0.7593966556797692,28.110041136248984,65.66924764421887,0.9317139737145341,5.174496698287468,7,0,4,0
2024-04-01 08:00:00,0.9122331458349431,29.25633996404992,73.69559386288734,0.9688018589985544,5.948114111053311,8,0,4,0
2024-04-01 09:00:00,3.2611491417054412,29.66355695073034,72.39355429420576,0.10058174562981481,8.218346691329101,9,0,4,0
2024-04-01 10:00:00,2.928096652440607,32.40841077247172,65.8968126967531,0.9522931107888503,5.821117172083191,10,0,4,0
2024-04-01 11:00:00,3.0585705155652723,31.422960954418752,57.49318641803661,0.8617378489106118,8.838346526414036,11,0,4,0
2024-04-01 12:00:00,8.852750583396524,33.87206540609146,59.976289741656615,0.3161364520722244,0.4858152846925101,12,0,4,0
2024-04-01 13:00:00,3.0844176461351207,33.70883277764303,65.49721756756254,0.8732902806508916,9.399750079179732,13,0,4,0
2024-04-01 14:00:00,3.7546525693268777,34.092099520822885,58.77340071044348,0.7821682511792232,8.342435460817397,14,0,4,0
2024-04-01 15:00:00,5.469264496338139,33.14384048357509,62.59746464447536,0.1188318977364956,9.804388618195022,15,0,4,0
2024-04-01 16:00:00,1.0123026006663898,32.12805575009753,68.91405956486905,0.9338548484086666,3.9369113138028675,16,0,4,0
2024-04-01 17:00:00,2.1144886443946693,33.93601382738315,62.973872689028624,0.465362417628684,1.4819385286391995,17,0,4,0
2024-04-01 18:00:00,2.0739498994656866,30.34894435812943,68.78276803860801,0.012738567867309092,8.284095594040382,18,0,4,0
2024-04-01 19:00:00,0.6158168677665553,30.89520852981606,67.9598819500525,0.27367021824664195,4.906902436308329,19,0,4,0
2024-04-01 20:00:00,0.0,29.552546608134826,71.33119481354841,0.9621850317502815,0.2694536709360984,20,0,4,0
2024-04-01 21:00:00,0.0,28.79531701350136,70.24289632712977,0.9874528062358536,3.43274395663713,21,0,4,0
2024-04-01 22:00:00,0.0,28.470463086841104,62.00355801822399,0.8225091384718588,7.885782617287394,22,0,4,0
2024-04-01 23:00:00,0.0,25.85586360091486,79.49201064037952,0.319723638647338,2.301040229889866,23,0,4,0
2024-04-02 00:00:00,0.0,24.91569957948782,71.70438949169892,0.7580609033130161,1.4665860748415671,0,1,4,0
2024-04-02 01:00:00,0.0,26.421610108050942,80.24200024464265,0.48712172020968525,4.659605622127553,1,1,4,0
2024-04-02 02:00:00,0.0,22.538748618886206,73.86053203053062,0.2471821248723457,7.825575568520211,2,1,4,0
2024-04-02 03:00:00,0.0,24.20208146469467,86.4453575821404,0.5689306843163869,4.198421102387888,3,1,4,0
2024-04-02 04:00:00,0.0,22.30235516930992,89.52862526295743,0.7093620003482428,3.04373854472534,4,1,4,0
2024-04-02 05:00:00,0.0,26.545694881035597,77.80192682289207,0.04309050527532021,6.351705987507723,5,1,4,0
2024-04-02 06:00:00,0.5768515892270056,27.83561376678314,71.50244496497892,0.3956914016947449,8.162444949469203,6,1,4,0
2024-04-02 07:00:00,1.3612846632534676,28.360900638396522,67.62863792790404,0.12175338306818517,8.425722242758622,7,1,4,0
2024-04-02 08:00:00,0.9932383931037515,28.640047383689414,68.75803132312612,0.8574225534437652,6.906079482643896,8,1,4,0
2024-04-02 09:00:00,4.780280721833908,31.40670480199561,63.8853951540017,0.05601324597030033,3.3984857593404105,9,1,4,0
2024-04-02 10:00:00,6.11467857392329,31.43253192594931,71.40787676309183,0.12866923568024802,5.084470527268023,10,1,4,0
2024-04-02 11:00:00,6.090019835247123,33.70110982814896,66.68653661041932,0.0493116784437877,4.116118955924037,11,1,4,0
2024-04-02 12:00:00,7.547713391020507,33.54566542243445,71.13512143631075,0.14469196559510122,1.539758637286377,12,1,4,0
2024-04-02 13:00:00,3.824034588670542,35.36326492428676,71.18363633154391,0.7433898534057558,7.133155623492654,13,1,4,0
2024-04-02 14:00:00,6.465761991421235,31.442244165969356,67.7915830836961,0.12319446707391701,7.816481276059068,14,1,4,0
2024-04-02 15:00:00,5.760312325718298,32.695825393965215,59.69528267775538,0.3408013169746138,4.090886449721606,15,1,4,0
2024-04-02 16:00:00,2.5294822879953975,31.73223259878374,74.01762026042205,0.41105593788165196,3.2182739324495166,16,1,4,0
2024-04-02 17:00:00,1.6212751208645417,32.67490111142389,66.56434754949373,0.7980319790612287,0.6125564697656272,17,1,4,0
2024-04-02 18:00:00,1.0289191353391218,31.286803711497846,61.10344387244473,0.8465785149680594,5.762359316884322,18,1,4,0
2024-04-02 19:00:00,0.8312877047674734,32.254493797692795,64.87382559543302,0.2831721721708693,0.9390609844330067,19,1,4,0
2024-04-02 20:00:00,0.0,29.506607649794994,68.22057104654274,0.17020439497495876,5.033872055932912,20,1,4,0
2024-04-02 21:00:00,0.0,26.666021267613672,83.56710862130653,0.18563009804801478,1.3441700884199281,21,1,4,0
2024-04-02 22:00:00,0.0,27.45738125288717,76.6924719835707,0.3137471927391673,2.2605983643593497,22,1,4,0
2024-04-02 23:00:00,0.0,25.55717762680141,78.7613125942063,0.8756272823746718,1.546800233459138,23,1,4,0
2024-04-03 00:00:00,0.0,26.97728915233089,77.71414603475804,0.45335111117266513,9.174519652935352,0,2,4,0
2024-04-03 01:00:00,0.0,23.744529837061723,71.81597509127344,0.5732429433859764,5.111636545050531,1,2,4,0
2024-04-03 02:00:00,0.0,23.174442410128524,89.38790461966269,0.10985484308481963,5.3983082046981865,2,2,4,0
2024-04-03 03:00:00,0.0,23.550514313281795,78.67327579898704,0.20405580282334923,6.925337477920728,3,2,4,0
2024-04-03 04:00:00,0.0,25.919774820261505,75.02498234209686,0.06594840766147025,8.222541675867848,4,2,4,0
2024-04-03 05:00:00,0.0,25.233029810749283,86.82796476487248,0.30132767603831945,6.464691045682684,5,2,4,0
2024-04-03 06:00:00,0.8738631988904602,25.34838822554391,77.8267218948235,0.2959913936778191,3.898123062599762,6,2,4,0
2024-04-03 07:00:00,1.265673870168,28.899390373039736,76.98386901432487,0.510815574966174,4.398141252993037,7,2,4,0
2024-04-03 08:00:00,1.5162282724149645,27.527396423257308,59.993524358893005,0.791271367777213,2.4061753649171322,8,2,4,0
2024-04-03 09:00:00,1.3147122162478377,30.730993017127656,65.84018312564974,0.8311293962833854,8.092365387376022,9,2,4,0
2024-04-03 10:00:00,5.256535243790084,32.86591461296653,63.042041933832834,0.3372158242867811,7.290331561510416,10,2,4,0
2024-04-03 11:00:00,2.928942256406788,34.970791213703855,65.19883322536991,0.8718229156303327,0.8402712202233864,11,2,4,0
2024-04-03 12:00:00,3.824843034934506,34.601386198527706,66.84190085803299,0.8610076748553315,7.27605249829897,12,2,4,0
2024-04-03 13:00:00,5.168500067865434,34.8256085347774,59.80108066473615,0.47701090322900086,6.342537145374191,13,2,4,0
2024-04-03 14:00:00,3.573179103632452,35.82852195509041,62.63412301130667,0.6494553645185052,0.41864788668647734,14,2,4,0
2024-04-03 15:00:00,5.4087295736112875,34.270940656379665,71.39314199693946,0.5007230803147468,6.33144297992962,15,2,4,0
2024-04-03 16:00:00,3.4053359811552877,33.95829135630461,59.92279239839642,0.12130948150559495,4.404400724901727,16,2,4,0
2024-04-03 17:00:00,1.7635467938583786,34.127511170440656,54.31676866790949,0.6178532537819363,1.2359057273323226,17,2,4,0
2024-04-03 18:00:00,1.8111554064310909,33.13840347937367,61.388882284024724,0.03814713267047576,0.4808998635906425,18,2,4,0
2024-04-03 19:00:00,0.9790270114284437,30.639962730428056,75.46722631858226,0.14354807794989644,3.5517979984709758,19,2,4,0
2024-04-03 20:00:00,0.0,29.72707295403169,70.59476841448888,0.646526285721033,9.412291087646755,20,2,4,0
2024-04-03 21:00:00,0.0,26.619581868294638,71.29601528128369,0.7999625342726687,7.46444036263311,21,2,4,0
2024-04-03 22:00:00,0.0,26.4941029781151,66.02545311041303,0.19036700682147234,6.755377756517601,22,2,4,0
2024-04-03 23:00:00,0.0,26.68039241978755,82.07072184651074,0.6859246942027848,4.374040265914449,23,2,4,0
2024-04-04 00:00:00,0.0,25.849219394056036,84.57682981464541,0.31423742584193626,2.161191281663366,0,3,4,0
2024-04-04 01:00:00,0.0,25.080242593607505,83.21293078927864,0.28856850342146345,9.359715717504836,1,3,4,0
2024-04-04 02:00:00,0.0,23.987335526185227,85.85716739217081,0.5483329882895456,3.8869428243831483,2,3,4,0
2024-04-04 03:00:00,0.0,23.761025683738605,87.87232414735708,0.8168080884920376,5.047529166144315,3,3,4,0
2024-04-04 04:00:00,0.0,26.510753503631086,76.97294648589912,0.5091462189955946,7.527453899861394,4,3,4,0
2024-04-04 05:00:00,0.0,26.11573526765975,81.75806295159423,0.9422599468864875,7.843416143891535,5,3,4,0
2024-04-04 06:00:00,0.5682001859840372,28.36841461917158,86.08306205633266,0.5702728556920028,7.697126763646675,6,3,4,0
2024-04-04 07:00:00,1.3151776988799766,30.11112131201378,71.67901137789742,0.2416432739490737,3.2001813915103017,7,3,4,0
2024-04-04 08:00:00,1.9175669798570938,28.61088855137245,69.09656164439052,0.5941876029032851,4.831344026004203,8,3,4,0
2024-04-04 09:00:00,3.3978884694504736,30.502813837339314,62.907866919735085,0.08156260634379375,9.426070229116823,9,3,4,0
2024-04-04 10:00:00,4.14096923307353,33.09013851930615,68.40724101276183,0.7176273521692055,9.50490498394159,10,3,4,0
2024-04-04 11:00:00,1.9572607821193317,33.76221396517616,60.58403812436531,0.9793933263595179,1.7353930179243082,11,3,4,0
2024-04-04 12:00:00,5.400124116644292,34.28276444443677,63.67127300644096,0.4717808918980707,3.318401630158826,12,3,4,0
2024-04-04 13:00:00,7.3385683055740465,34.60596490379525,55.78982388066066,0.421506325835012,2.6936460544155203,13,3,4,0
2024-04-04 14:00:00,1.6344675550857195,33.96649353046331,65.56760310887576,0.9950475910141214,6.88371594206982,14,3,4,0
2024-04-04 15:00:00,8.04021843114677,33.892599876922986,62.74255566238063,0.004308512641658435,1.1764951832469028,15,3,4,0
2024-04-04 16:00:00,1.6214794018406413,33.47742100222274,58.748807922851945,0.8603013104605454,6.441983465741361,16,3,4,0
2024-04-04 17:00:00,1.3222127624970312,32.12046825269926,62.78512746802167,0.8154174922532115,1.1632231936792337,17,3,4,0
2024-04-04 18:00:00,2.1258797983240925,31.953407024225285,71.29332116634181,0.009628415002636226,1.5124760309047414,18,3,4,0
2024-04-04 19:00:00,0.4157092908801426,31.44699143232287,69.57105858451222,0.8915438878400946,6.998825243001922,19,3,4,0
2024-04-04 20:00:00,0.0,28.683096820384492,71.16688106802393,0.5413085614924955,2.0184952705533266,20,3,4,0
2024-04-04 21:00:00,0.0,29.25482189647182,69.93845461964325,0.02032147884110813,0.33595967528250115,21,3,4,0
2024-04-04 22:00:00,0.0,26.28882066710754,82.5763140268508,0.08356470395517523,7.510544187734612,22,3,4,0
2024-04-04 23:00:00,0.0,26.81084439810176,75.94660056974824,0.8919688757679812,6.17132885210151,23,3,4,0
2024-04-05 00:00:00,0.0,25.995106773384293,84.50058420355643,0.8029533507177852,2.719398818079699,0,4,4,0
2024-04-05 01:00:00,0.0,26.465177833751167,81.39567176994872,0.5409623182219985,1.6385498294019707,1,4,4,0
2024-04-05 02:00:00,0.0,25.951484969683467,70.99197315120678,0.08683542805781086,0.9441848568017641,2,4,4,0
2024-04-05 03:00:00,0.0,24.476389315824033,86.59364440686083,0.09791306222782625,3.369956805144072,3,4,4,0
2024-04-05 04:00:00,0.0,24.860807772926133,79.82762299058363,0.6670814076702729,3.907776385304448,4,4,4,0
2024-04-05 05:00:00,0.0,27.176403320257325,74.98641642867914,0.1614416886056118,5.072033242009235,5,4,4,0
2024-04-05 06:00:00,0.4247478518978797,27.463884623198517,83.05450621611999,0.688927869670037,5.432998584963665,6,4,4,0
2024-04-05 07:00:00,1.2595176653753664,28.641809357921534,72.58092560255876,0.6896435672451174,0.46711532450615434,7,4,4,0
2024-04-05 08:00:00,2.551084958344374,30.070963886682346,69.36606520234459,0.0835619448680961,8.040271451349145,8,4,4,0
2024-04-05 09:00:00,1.5093483811628057,29.359025956409702,65.53957349844569,0.9563296477195613,4.946263456750829,9,4,4,0
2024-04-05 10:00:00,3.2153573086136022,31.407330304791174,68.90858000467365,0.6195489562057803,7.735433259341221,10,4,4,0
2024-04-05 11:00:00,5.643011570665331,32.487569837132106,71.29865505158881,0.003548953527206189,7.5926422779795475,11,4,4,0
2024-04-05 12:00:00,3.792332415563764,33.70850709519561,60.056419276634486,0.9117418239252734,3.2577852592768055,12,4,4,0
2024-04-05 13:00:00,7.854846575658763,33.1047826730368,65.25977958403186,0.4360803137560346,7.641400490840931,13,4,4,0
2024-04-05 14:00:00,4.595701006367827,37.42648890150644,59.62711328229492,0.7572915203208849,8.094213765381646,14,4,4,0
2024-04-05 15:00:00,6.035823341532349,35.420316369074065,60.04344572010345,0.36628506488158896,3.3204666547452866,15,4,4,0
2024-04-05 16:00:00,2.5547087567588216,33.96061769738302,55.243461679043534,0.2592218876530885,4.499133992222167,16,4,4,0
2024-04-05 17:00:00,2.374319310304671,32.24948486602717,56.33379403224946,0.44519271065488364,7.82441946006387,17,4,4,0
2024-04-05 18:00:00,1.6794555909398352,32.86996506620475,62.08548854203738,0.16724296696117968,5.213355116522384,18,4,4,0
2024-04-05 19:00:00,0.5449799577328032,31.178695308549653,64.19323666500067,0.5636536259916642,4.066697344445909,19,4,4,0
2024-04-05 20:00:00,0.0,31.43596582964249,68.06589858361288,0.8650475302487702,4.066420446543825,20,4,4,0
2024-04-05 21:00:00,0.0,28.535579345858697,76.99170642907713,0.4324075447532768,0.4443167939550774,21,4,4,0
2024-04-05 22:00:00,0.0,28.245436684338078,82.48396463884103,0.3285536355837081,3.347610597230417,22,4,4,0
2024-04-05 23:00:00,0.0,23.866309616139137,78.31535517260005,0.2763412727571245,3.874953035073865,23,4,4,0
2024-04-06 00:00:00,0.0,23.818519162427688,79.52488704366452,0.9530843304973398,3.1575748612651267,0,5,4,1
2024-04-06 01:00:00,0.0,24.39633870846345,81.81758697703192,0.4432940997950383,8.540930072269028,1,5,4,1
2024-04-06 02:00:00,0.0,23.38957085616241,87.03643832191631,0.13331379444778213,6.169149468235711,2,5,4,1
2024-04-06 03:00:00,0.0,23.095964322213753,83.93894268461003,0.6708647089856463,2.8910164515051315,3,5,4,1
2024-04-06 04:00:00,0.0,25.141326029930493,80.38847136348659,0.9854611787580536,4.7729550548313675,4,5,4,1
2024-04-06 05:00:00,0.0,24.57507844406838,85.74268844650058,0.7605290274178385,5.942772942194351,5,5,4,1
2024-04-06 06:00:00,0.7278565903955565,28.08131032748119,80.78233195320001,0.41185529050943614,7.135046583662833,6,5,4,1
2024-04-06 07:00:00,2.4209266791771653,30.08833759177748,75.45795747774618,0.027395845230666183,6.059021820554506,7,5,4,1
2024-04-06 08:00:00,2.062864218189509,30.181452431634707,74.32156220922575,0.4303313621581395,1.7114279793511311,8,5,4,1
2024-04-06 09:00:00,1.916428868038631,29.591245882705348,71.91707940818345,0.739678597188469,8.235428040690882,9,5,4,1
2024-04-06 10:00:00,4.737503467476669,32.35353125010243,77.65401410693156,0.49509204065113,1.6908807744803744,10,5,4,1
2024-04-06 11:00:00,1.7596100525706058,33.52109737892303,60.940439928756255,0.9661771845049639,7.39020924584759,11,5,4,1
2024-04-06 12:00:00,7.6543422233254335,35.1330112857312,64.88397261521762,0.2942774625338519,1.733317044074849,12,5,4,1
2024-04-06 13:00:00,8.339975802177992,33.340461225566,61.16225170538185,0.3545940768946899,0.9978658538615404,13,5,4,1
2024-04-06 14:00:00,2.6478855241538937,35.08284070072684,59.16998693717415,0.8583416890340306,7.582084106616764,14,5,4,1
2024-04-06 15:00:00,4.8730513317517845,33.77473962287014,71.88617357074699,0.6051779296169808,3.124008174045515,15,5,4,1
2024-04-06 16:00:00,1.6154686301058567,34.201046722086275,56.32340061698398,0.9382360423571199,1.0667085869125903,16,5,4,1
2024-04-06 17:00:00,2.7159341486867707,33.70341383058208,66.08580525272048,0.10716173698583997,0.9016975668579263,17,5,4,1
2024-04-06 18:00:00,0.7080424623564744,31.314252359969768,70.00759570156738,0.9520413439684656,4.268493478387477,18,5,4,1
2024-04-06 19:00:00,0.9143479044788682,30.376485708741438,65.7307192583995,0.003044769103152767,8.694534556036382,19,5,4,1
2024-04-06 20:00:00,0.0,30.719802887160736,72.66497486359137,0.7301578946688377,1.8794910244441931,20,5,4,1
2024-04-06 21:00:00,0.0,27.682900953681564,73.50585967462894,0.33504093511837907,3.2586673672910873,21,5,4,1
2024-04-06 22:00:00,0.0,26.14109854040153,85.16749071879302,0.13132517040246827,3.9491842373923336,22,5,4,1
2024-04-06 23:00:00,0.0,26.218040814361384,78.1079605029587,0.8064974564543022,2.8553332815494246,23,5,4,1
2024-04-07 00:00:00,0.0,25.713833692123153,80.53099287603264,0.5146316879523554,6.37384846790702,0,6,4,1
2024-04-07 01:00:00,0.0,25.809078134024816,71.63828043072877,0.11699943714748584,9.555561545059598,1,6,4,1
2024-04-07 02:00:00,0.0,24.727520493679965,76.87267038303105,0.14702318367583977,3.8353157571394423,2,6,4,1
2024-04-07 03:00:00,0.0,24.418312839650117,79.46029232536647,0.1726543104610283,5.459213696017969,3,6,4,1
2024-04-07 04:00:00,0.0,25.389196320821963,69.22622201806276,0.12330020384950358,9.557607461446578,4,6,4,1
2024-04-07 05:00:00,0.0,26.940890733421973,77.19595342958314,0.16987807944826305,1.581782453991687,5,6,4,1
2024-04-07 06:00:00,0.6566716591187655,27.082146917089755,82.69371330333564,0.23463107363776603,3.7843615210037287,6,6,4,1
2024-04-07 07:00:00,1.6800868143450232,28.856992775875128,68.73224904157873,0.2604216583004738,3.603913612131838,7,6,4,1
2024-04-07 08:00:00,2.3871369769151567,29.304787461621782,78.95163653500441,0.04169854629968106,1.138382757911014,8,6,4,1
2024-04-07 09:00:00,1.5532782680717556,31.053071688340108,71.5612778177363,0.7254427621193072,4.500515543138196,9,6,4,1
2024-04-07 10:00:00,4.943660125508875,33.00953983812068,63.305730272321654,0.30709046851791766,2.1158272044571937,10,6,4,1
2024-04-07 11:00:00,2.998096350893282,31.955422156939527,64.07410137752007,0.7476668851966616,8.987051443372081,11,6,4,1
2024-04-07 12:00:00,3.564484400296968,32.93690137029879,60.528596166990404,0.8441951832393139,2.5917237558906736,12,6,4,1
2024-04-07 13:00:00,8.698640741511381,34.970140967547124,63.384711261748194,0.32696965704770165,1.0251678049972957,13,6,4,1
2024-04-07 14:00:00,7.651798911767531,35.25292814111937,63.78935224465909,0.24288693134876393,7.18470291760129,14,6,4,1
2024-04-07 15:00:00,3.3202269030208607,33.35825970462178,59.44536594851548,0.5931808759169523,5.056697885061459,15,6,4,1
2024-04-07 16:00:00,2.6885903078843763,32.23966221817984,65.4667060059574,0.19090705493572524,0.35769474749915986,16,6,4,1
2024-04-07 17:00:00,1.225419724213708,32.677516692012794,66.35603606247822,0.6411265889354073,0.35891429392435725,17,6,4,1
2024-04-07 18:00:00,1.6174624298134477,32.59032007193348,64.79752312376552,0.31970553540924507,7.335925633404913,18,6,4,1
2024-04-07 19:00:00,0.34878468359425885,29.066547665314893,64.01094716507433,0.9591155701433121,2.696502726860049,19,6,4,1
2024-04-07 20:00:00,0.0,30.098785370915,69.45851850182483,0.41742157295268056,1.9116502176831174,20,6,4,1
2024-04-07 21:00:00,0.0,28.924123342547045,76.64404211333853,0.7034420468368016,2.6447982161827865,21,6,4,1
2024-04-07 22:00:00,0.0,27.84668910980248,78.43091504800745,0.044417608077339965,5.161224688392433,22,6,4,1
2024-04-07 23:00:00,0.0,26.97441510727234,74.70807486467606,0.4845718855313036,9.414092819272177,23,6,4,1
2024-04-08 00:00:00,0.0,25.23252774482294,74.19212101799693,0.32193666322740155,4.585740518633057,0,0,4,0
2024-04-08 01:00:00,0.0,24.514804704584684,73.7997031878821,0.8069213092157189,3.4420710661311613,1,0,4,0
2024-04-08 02:00:00,0.0,26.53881006721798,76.24030686794887,0.06505979938293383,1.6713571400425165,2,0,4,0
2024-04-08 03:00:00,0.0,25.07530238910591,73.47253930580834,0.6540733156199473,6.484091150187492,3,0,4,0
2024-04-08 04:00:00,0.0,25.834525418304267,77.96051729793963,0.7053377681261801,2.5606107336566186,4,0,4,0
2024-04-08 05:00:00,0.0,23.69518497398959,88.95289174234502,0.8622396558831223,4.828040918181577,5,0,4,0
2024-04-08 06:00:00,0.6109223650883715,27.921335661621168,64.43609292367339,0.6957297907452865,4.094842850246412,6,0,4,0
2024-04-08 07:00:00,1.7464497253543723,27.37287693859486,70.55908982690521,0.13092811819915628,6.750445884040255,7,0,4,0
2024-04-08 08:00:00,2.4553555183966176,30.16546077690671,69.41791399367565,0.3364551891298635,0.40056145304153135,8,0,4,0
2024-04-08 09:00:00,3.871520361924829,30.81177656819166,66.93600591938528,0.05204877198596736,3.0840179888300345,9,0,4,0
2024-04-08 10:00:00,6.321740142622416,31.78167840378327,65.03433076117041,0.39675779222612184,6.516857559320367,10,0,4,0
2024-04-08 11:00:00,2.5928018738856817,34.77770546857265,46.36605468942379,0.8614783007182136,7.666518134829571,11,0,4,0
2024-04-08 12:00:00,3.79456365209518,32.49810409833042,60.62982044348227,0.8853006797355708,8.230526659005346,12,0,4,0
2024-04-08 13:00:00,4.440307173014176,33.1789269276715,59.12073106677086,0.6614914200259934,2.0131037139409225,13,0,4,0
2024-04-08 14:00:00,7.198124375718122,34.33502875081303,59.81309560498976,0.07669724979487935,1.1966537301833258,14,0,4,0
2024-04-08 15:00:00,4.179526554336455,33.13445187862514,67.56050366878988,0.6445984192263077,4.9303295768984,15,0,4,0
2024-04-08 16:00:00,3.930734347207616,33.28400362257416,64.29183890560928,0.07397083634899182,7.065679812928484,16,0,4,0
2024-04-08 17:00:00,3.2545494997026956,33.189784655743864,55.684329359620484,0.041797862159253185,8.85816734392401,17,0,4,0
2024-04-08 18:00:00,0.688649337228276,32.46858163894179,71.69225903649071,0.9948635421674767,3.0259860880844904,18,0,4,0
2024-04-08 19:00:00,1.0781476927544347,32.01773283541191,74.92635836149798,0.007957555561392216,5.420964453082404,19,0,4,0
2024-04-08 20:00:00,0.0,28.537318337249154,79.4418397905342,0.5437004727320607,3.5934111267671565,20,0,4,0
2024-04-08 21:00:00,0.0,29.482139435995954,72.06521850404124,0.8007707243177075,3.6459665996816537,21,0,4,0
2024-04-08 22:00:00,0.0,27.917457866201342,73.63311621169461,0.2366026638864165,3.8835079243087254,22,0,4,0
2024-04-08 23:00:00,0.0,26.328859799913165,78.775760650525,0.23589415314486328,1.8701743615730893,23,0,4,0
2024-04-09 00:00:00,0.0,25.49497642195092,78.7240399527848,0.19500596389868075,4.371397438349415,0,1,4,0
2024-04-09 01:00:00,0.0,22.7914774364447,92.27464042218573,0.7091530141029757,7.800878094153939,1,1,4,0
2024-04-09 02:00:00,0.0,25.105386792647266,76.37392344750127,0.14001080772140384,6.01682216137527,2,1,4,0
2024-04-09 03:00:00,0.0,22.87359506747752,83.81619662374666,0.7961784784023591,8.25608329460999,3,1,4,0
2024-04-09 04:00:00,0.0,24.46708723389364,85.49709744189974,0.5155662109665128,9.20311286788447,4,1,4,0
2024-04-09 05:00:00,0.0,25.582709553808414,79.27304888373634,0.7982903521222955,4.779788049916277,5,1,4,0
2024-04-09 06:00:00,0.31745059405978676,24.823435021019733,82.34305721204244,0.9919108395761117,6.150836804346175,6,1,4,0
2024-04-09 07:00:00,0.6188890323307216,26.325336748666512,82.55896066014947,0.98253554829514,2.1231987181409306,7,1,4,0
2024-04-09 08:00:00,1.852607005681384,30.198111992456234,70.13556956191125,0.43800842373658333,7.105437794283001,8,1,4,0
2024-04-09 09:00:00,1.878190733148442,29.462335929186917,62.8259348009159,0.559795620071793,2.0095754814697653,9,1,4,0
2024-04-09 10:00:00,7.315825155758055,30.840752337265233,68.76059032403931,0.23547411511937577,0.3312195928593087,10,1,4,0
2024-04-09 11:00:00,2.4903227132597094,32.78670809101431,62.432087642911306,0.8128756443128128,5.6447546386542164,11,1,4,0
2024-04-09 12:00:00,4.988244797271372,35.95750805332049,53.90005449311985,0.6357162460373043,2.8130433296310664,12,1,4,0
2024-04-09 13:00:00,3.1365829305484487,35.94497369196307,51.13018142524294,0.844648449128965,0.997924225595338,13,1,4,0
2024-04-09 14:00:00,5.8570889261676315,34.28451176843839,54.762230736314756,0.034292560362597646,6.470539374030845,14,1,4,0
2024-04-09 15:00:00,5.884386357317059,35.994644789557064,62.60297652478498,0.07740613173029587,6.736367331913686,15,1,4,0
2024-04-09 16:00:00,2.0944838972422413,32.36626289825044,70.24350435884651,0.7482019224645521,4.780899311382294,16,1,4,0
2024-04-09 17:00:00,1.640157455770564,30.553138143311546,65.37202785255195,0.7061554042515489,7.481888676654461,17,1,4,0
2024-04-09 18:00:00,1.7754062829754866,31.09907729310045,69.21930432892069,0.18815873901916336,4.734525424251976,18,1,4,0
2024-04-09 19:00:00,0.41489018284492263,32.765628281020724,65.22577714097561,0.690684480692025,7.0937564184549835,19,1,4,0
2024-04-09 20:00:00,0.0,30.131639550040887,68.8473574492081,0.5278017959086572,3.234912586802384,20,1,4,0
2024-04-09 21:00:00,0.0,27.735328109129313,74.9481749782119,0.15871472893672423,9.483345296646956,21,1,4,0
2024-04-09 22:00:00,0.0,28.261360462275313,70.80838156997238,0.275256357694185,9.6674763298674,22,1,4,0
2024-04-09 23:00:00,0.0,24.934179171379512,62.87051998133347,0.861302774808477,4.273425936661292,23,1,4,0
2024-04-10 00:00:00,0.0,23.087844333265757,77.66180803435398,0.8005181213009165,9.506882661688474,0,2,4,0
2024-04-10 01:00:00,0.0,25.62698772778297,82.70625353079399,0.10576482460937664,8.301705707611479,1,2,4,0
2024-04-10 02:00:00,0.0,23.550386281835515,73.56123098953273,0.12449147605659006,0.304156644873812,2,2,4,0
2024-04-10 03:00:00,0.0,23.37634910597682,83.7687543777041,0.6178326014845729,1.0841805714429265,3,2,4,0
2024-04-10 04:00:00,0.0,22.564337963686054,83.16327811080471,0.9463555249729926,1.6236176854136086,4,2,4,0
2024-04-10 05:00:00,0.0,26.88653115132832,84.57863243850089,0.7312924329669117,6.1620879207647565,5,2,4,0
2024-04-10 06:00:00,0.6045598601523282,29.128607700028212,70.55715756747477,0.18203131476137702,2.853842992220512,6,2,4,0
2024-04-10 07:00:00,1.6680512710306123,28.154424253242397,70.30545153950139,0.5107273151943874,4.411082750194668,7,2,4,0
2024-04-10 08:00:00,2.916582065522863,29.50712674318216,65.21957455429977,0.2673475971335788,8.245378650219285,8,2,4,0
2024-04-10 09:00:00,4.1577514650425496,29.843595315743762,68.179619093134,0.08059063620649143,1.8097301329125515,9,2,4,0
2024-04-10 10:00:00,5.070305344967271,32.880429660066035,64.55780358361183,0.6100912787501584,5.381939200528035,10,2,4,0
2024-04-10 11:00:00,3.9774831356674194,33.114982704947515,61.11070557470729,0.5214177663455135,1.119306439910639,11,2,4,0
2024-04-10 12:00:00,6.4431655222934126,33.680826410517824,73.05797238569505,0.435786601236835,3.0065061709907317,12,2,4,0
2024-04-10 13:00:00,8.746936995581684,33.16746712205996,66.49110359532179,0.16127429281932715,5.753291338264935,13,2,4,0
2024-04-10 14:00:00,8.973316028354656,35.29482978273933,51.343953382042955,0.0012532967113969562,8.570270454587591,14,2,4,0
2024-04-10 15:00:00,5.007513643580727,33.15458715010299,60.97512346349346,0.643026232477595,5.249589943201608,15,2,4,0
2024-04-10 16:00:00,1.8147627583462669,33.99857300683284,61.08744249275127,0.6500228793414956,7.036355898723029,16,2,4,0
2024-04-10 17:00:00,2.3183431913237436,33.44315814240865,74.60564582823022,0.12923535661224783,6.549812376955431,17,2,4,0
2024-04-10 18:00:00,1.3456468227870513,30.92020466757597,66.2805698052714,0.46647274989556975,0.38767880563634227,18,2,4,0
2024-04-10 19:00:00,0.6033403563761809,30.952914777114994,70.72970318367227,0.37417773393224085,5.349702320854149,19,2,4,0
2024-04-10 20:00:00,0.0,29.00089029426888,72.81811958001302,0.3039392833660519,4.365876070349911,20,2,4,0
2024-04-10 21:00:00,0.0,26.80443138084772,76.4563180407834,0.009552830498158693,4.099688910522875,21,2,4,0
2024-04-10 22:00:00,0.0,28.26131159574164,71.27570389869604,0.10899328437394384,7.842982308477573,22,2,4,0
2024-04-10 23:00:00,0.0,25.938184071439842,70.21746867037764,0.6176139371118672,9.775648086133524,23,2,4,0
2024-04-11 00:00:00,0.0,26.662628844143153,85.14614865949069,0.056320382441701344,5.752471994369436,0,3,4,0
2024-04-11 01:00:00,0.0,24.414151954180664,85.08267185015609,0.7326392354624349,8.191921292207843,1,3,4,0
2024-04-11 02:00:00,0.0,24.84864896077395,81.4717462604059,0.2960732052396803,7.847229759505576,2,3,4,0
2024-04-11 03:00:00,0.0,24.79105210185738,77.37235933843732,0.8420969317698207,7.5665389029240675,3,3,4,0
2024-04-11 04:00:00,0.0,25.75700153194567,93.2185211606794,0.6722568013984254,2.201610287026834,4,3,4,0
2024-04-11 05:00:00,0.0,25.664070285969178,74.92380781420455,0.44978236339745725,1.7488038106788995,5,3,4,0
2024-04-11 06:00:00,0.36463774993966647,24.867995824872,78.29473919830178,0.975045388557609,6.162374616375735,6,3,4,0
2024-04-11 07:00:00,0.8226820874008962,29.713960999852937,69.7351826812087,0.9154909946293766,0.41694771472972736,7,3,4,0
2024-04-11 08:00:00,2.675102956067589,30.470859095032836,67.20677954753728,0.07693367677059393,1.6132727814126158,8,3,4,0
2024-04-11 09:00:00,3.8451680008190063,30.573132481498536,64.11015753507067,0.38819111112096816,4.0426001448345446,9,3,4,0
2024-04-11 10:00:00,3.455929720748631,32.33516764990678,69.68384863253158,0.8185128703437059,9.231773185525814,10,3,4,0
2024-04-11 11:00:00,4.346544857136764,34.248444827567326,59.38408758644922,0.3278244660547386,6.321567605766076,11,3,4,0
2024-04-11 12:00:00,5.949606526560441,32.75985364056197,66.72419427552519,0.19660989092648995,2.5028178476710137,12,3,4,0
2024-04-11 13:00:00,5.536432910942859,33.502049660385985,56.110993896297366,0.39577304282269454,4.97425957020336,13,3,4,0
2024-04-11 14:00:00,6.947006658489434,33.98633711488682,62.07957736350341,0.15828873998221138,8.758497758799805,14,3,4,0
2024-04-11 15:00:00,3.76656191753807,32.92810494911133,73.38531125525219,0.7575138726415455,9.555849609577695,15,3,4,0
2024-04-11 16:00:00,1.7381282942562353,33.750805414335005,68.29515894212314,0.8075191582402234,2.3585557367110113,16,3,4,0
2024-04-11 17:00:00,3.2525485624787827,32.23286185820671,67.68577010401212,0.20886836135333864,9.951061330997753,17,3,4,0
2024-04-11 18:00:00,0.8985138784825975,30.6275260544194,68.03480861433346,0.771674211135044,6.443193766651152,18,3,4,0
2024-04-11 19:00:00,0.7976437165855242,31.011473324895732,73.22926127756537,0.40925309877841265,3.7617310668797463,19,3,4,0
2024-04-11 20:00:00,0.0,30.315406227396373,67.19546376036926,0.9924334514734912,9.257459329182812,20,3,4,0
2024-04-11 21:00:00,0.0,27.966676365550835,77.40101647598922,0.037935876350074116,4.612647106004896,21,3,4,0
2024-04-11 22:00:00,0.0,27.40030132751294,71.64046797175209,0.9671322218596589,9.269523811874807,22,3,4,0
2024-04-11 23:00:00,0.0,26.84783626432557,82.81372557924983,0.3942989197485245,3.2625368465903892,23,3,4,0
2024-04-12 00:00:00,0.0,25.272035253211985,74.04719439962075,0.8110027260568915,4.536858444206398,0,4,4,0
2024-04-12 01:00:00,0.0,25.953389034864568,79.00438343767763,0.9511534392347802,1.723120494970124,1,4,4,0
2024-04-12 02:00:00,0.0,25.40169766096185,79.23992427527675,0.540159317331903,7.45596450870449,2,4,4,0
2024-04-12 03:00:00,0.0,24.264165229064986,74.60440956436163,0.03167378450483804,8.668039283711105,3,4,4,0
2024-04-12 04:00:00,0.0,26.288725113227382,82.67821364230089,0.2644006632759567,6.661466166668819,4,4,4,0
2024-04-12 05:00:00,0.0,26.60574961204003,72.13046442912456,0.3407410308112886,5.575251884900454,5,4,4,0
2024-04-12 06:00:00,0.5099175342522646,29.632400341082665,68.47950474336996,0.763988575721946,6.475658645680333,6,4,4,0
2024-04-12 07:00:00,0.5072483179399041,28.650761797583677,76.35623941433327,0.9762581830461929,3.5908642944692692,7,4,4,0
2024-04-12 08:00:00,0.8841151893530605,30.42642195211532,65.59760032670336,0.8960718200624826,9.998909936825918,8,4,4,0
2024-04-12 09:00:00,1.5524588647914033,31.228876704738813,63.15205953143882,0.9522791222495041,7.32161793613777,9,4,4,0
2024-04-12 10:00:00,2.6846051924372465,32.471333749087314,62.63298112600403,0.8342025582676083,4.79291551053989,10,4,4,0
2024-04-12 11:00:00,2.8053577933907796,34.13748571292897,59.86545231800382,0.9931323976580917,6.851372874280309,11,4,4,0
2024-04-12 12:00:00,7.889124298086032,32.81681200012165,60.32833336782083,0.28300151072033386,8.167342070498073,12,4,4,0
2024-04-12 13:00:00,4.664571687002355,33.86064252480903,63.74088292336964,0.7504341751869558,8.421496352230376,13,4,4,0
2024-04-12 14:00:00,5.502862024015229,35.986915441418226,61.430164100628346,0.5887931911894257,2.655953203441271,14,4,4,0
2024-04-12 15:00:00,4.314647945469131,32.94124164273852,76.17412436424952,0.4879271338205612,9.204461665955693,15,4,4,0
2024-04-12 16:00:00,2.302438780981089,31.330356134266843,66.27300302816269,0.38397437015100466,9.434864829485964,16,4,4,0
2024-04-12 17:00:00,2.8047361632499306,33.91111372871726,59.93206339352943,0.419118192726991,0.2823814029875815,17,4,4,0
2024-04-12 18:00:00,1.1792246733254874,31.898802599730562,72.1862756737326,0.7993955097202033,7.528426866835916,18,4,4,0
2024-04-12 19:00:00,0.3966868529957187,30.147758915647632,69.05224038613692,0.956048270040356,0.8307060333036731,19,4,4,0
2024-04-12 20:00:00,0.0,29.84835992705322,71.28400733110297,0.6853787017094861,6.269279816894189,20,4,4,0
2024-04-12 21:00:00,0.0,29.20257968332904,63.52619461096846,0.4547475752579411,4.110687974653819,21,4,4,0
2024-04-12 22:00:00,0.0,27.384888621402084,76.14066064596878,0.8903886966613573,0.8023475710668693,22,4,4,0
2024-04-12 23:00:00,0.0,26.026349787341854,64.58378455910287,0.3157207302294973,9.328996267166511,23,4,4,0
2024-04-13 00:00:00,0.0,25.44873468703883,80.70883336856762,0.4209284465213312,3.7927550384372797,0,5,4,1
2024-04-13 01:00:00,0.0,24.543178509770595,81.11589932935576,0.8244365800376812,1.5701798342646611,1,5,4,1
2024-04-13 02:00:00,0.0,24.40251206941659,79.3044461010982,0.8784766049094772,9.662132439520366,2,5,4,1
2024-04-13 03:00:00,0.0,23.003580962379026,91.19861864108414,0.03772481903095648,0.8485445989729568,3,5,4,1
2024-04-13 04:00:00,0.0,25.194678582305556,78.83036369214147,0.7048832542551259,5.257799176860837,4,5,4,1
2024-04-13 05:00:00,0.0,25.045787796417617,87.54649211458329,0.31635027062626275,4.442835610292429,5,5,4,1
2024-04-13 06:00:00,0.6942546193852236,27.082383578069408,78.95677904642551,0.33909004248647323,9.001247017385207,6,5,4,1
2024-04-13 07:00:00,0.9898853155012136,27.725571890518392,74.52591230517965,0.8268542730055732,8.129638775946486,7,5,4,1
2024-04-13 08:00:00,1.8063459995542248,31.26020645219557,63.74536529029628,0.7303465570591212,4.121838468540856,8,5,4,1
2024-04-13 09:00:00,3.756076092312325,30.182255257463165,56.66037584510906,0.19898454507722763,9.599918978799556,9,5,4,1
2024-04-13 10:00:00,4.291938682902774,32.03929865865743,70.11688708709119,0.5019745296273185,3.4449287899393024,10,5,4,1
2024-04-13 11:00:00,7.075043374519906,33.56608059605869,59.57700290263492,0.05227105008464572,9.428610518093105,11,5,4,1
2024-04-13 12:00:00,3.9152750750993013,35.149436502253295,59.96300212469079,0.8031791280857237,8.302317752674561,12,5,4,1
2024-04-13 13:00:00,4.857997895351457,34.58141748191399,57.93575109705993,0.5364635761003557,4.972988299831397,13,5,4,1
2024-04-13 14:00:00,3.5509440079325936,33.21881556081963,56.90456233480552,0.7189884622447913,2.257730682027179,14,5,4,1
2024-04-13 15:00:00,8.152312591831269,35.11671870758749,56.86867197342092,0.28732026827125134,2.654094558227916,15,5,4,1
2024-04-13 16:00:00,1.1605613438661875,34.784397353256,58.39340972929844,0.9374497740835899,4.336357087777094,16,5,4,1
2024-04-13 17:00:00,2.302411698463683,33.936370664986086,60.495754202246786,0.11469921593061028,2.8831937973364297,17,5,4,1
2024-04-13 18:00:00,0.8786927854477027,32.54683531105115,57.07258510723008,0.8487437488389855,5.580498266212388,18,5,4,1
2024-04-13 19:00:00,0.4553119273039274,31.53949954906883,73.83361082193917,0.8362141937653469,8.774146148496985,19,5,4,1
2024-04-13 20:00:00,0.0,28.517513991553468,83.77068340236977,0.7039227510398963,7.0121802244496205,20,5,4,1
2024-04-13 21:00:00,0.0,27.090004939825967,60.37611151746974,0.780201075104458,8.17138474294213,21,5,4,1
2024-04-13 22:00:00,0.0,27.96584949489311,73.76064528696163,0.9430989170085257,3.5846829463715624,22,5,4,1
2024-04-13 23:00:00,0.0,23.84078595150142,75.03988857812436,0.3554778734594889,6.022443926625895,23,5,4,1
2024-04-14 00:00:00,0.0,24.70388529346356,83.78636397816675,0.10168891535013447,5.347843156057795,0,6,4,1
2024-04-14 01:00:00,0.0,24.63877713612185,74.31877972788465,0.2839954953888877,3.5808380852713717,1,6,4,1
2024-04-14 02:00:00,0.0,24.740428099850806,82.25738932752469,0.9930509989754541,2.7578716018265412,2,6,4,1
2024-04-14 03:00:00,0.0,24.660553975112496,82.28121976310452,0.5271595383399118,1.8701947680977427,3,6,4,1
2024-04-14 04:00:00,0.0,25.737188905651553,71.16937790026488,0.7535654305959408,3.5292166105238287,4,6,4,1
2024-04-14 05:00:00,0.0,25.919325377110695,73.94547985524034,0.6168292420789481,5.381755704571448,5,6,4,1
2024-04-14 06:00:00,0.5145978022448946,27.40300430158981,73.23341379525885,0.6276118053138764,5.360628050020317,6,6,4,1
2024-04-14 07:00:00,0.5056751666074896,27.97155731450051,71.3876351940985,0.9520719769935537,6.6947183958166026,7,6,4,1
2024-04-14 08:00:00,1.8485636260280298,27.784810537310378,82.78570937323167,0.6100443812422934,5.5640276636891715,8,6,4,1
2024-04-14 09:00:00,2.6450658931224793,29.899577287677957,75.41354015974211,0.6408379262725026,3.73145936136531,9,6,4,1
2024-04-14 10:00:00,5.604016391769786,30.836593113719747,71.75002510261189,0.16137041245891115,3.724550754205019,10,6,4,1
2024-04-14 11:00:00,3.84707285064097,32.29098121897838,63.37045498205447,0.6960390142179007,5.818803869349898,11,6,4,1
2024-04-14 12:00:00,8.094325877084321,34.21285818875311,69.10268243089882,0.08165568466637396,3.698853755912257,12,6,4,1
2024-04-14 13:00:00,5.139739172374288,34.24662423361425,60.78450222202407,0.7471834359153873,0.5669757358549166,13,6,4,1
2024-04-14 14:00:00,5.302446239761987,33.19415680162396,61.116501988804046,0.3390657741130274,4.506296881203053,14,6,4,1
2024-04-14 15:00:00,6.29964715710327,35.13982699021543,62.785330474500896,0.09023275275738973,1.2405499667951647,15,6,4,1
2024-04-14 16:00:00,2.5777935579259292,34.738814596654876,64.23338762277046,0.6528894358957276,4.0253469508853,16,6,4,1
2024-04-14 17:00:00,2.91217338797799,33.014376862006316,66.32782794817979,0.28402796106549844,1.3886170254561891,17,6,4,1
2024-04-14 18:00:00,1.5734499568723466,32.06317620479708,61.30433145387422,0.26889122601670146,8.439738574931432,18,6,4,1
2024-04-14 19:00:00,0.32519893584555815,30.27934503844488,71.23667365105854,0.9620414664656363,7.547974829859783,19,6,4,1
2024-04-14 20:00:00,0.0,28.5830158073299,80.22508805893196,0.9177015308939297,0.08857878808646635,20,6,4,1
2024-04-14 21:00:00,0.0,28.868973383083315,77.98586130782353,0.8934264577433385,9.182642049788923,21,6,4,1
2024-04-14 22:00:00,0.0,24.132224953415566,82.69861677964181,0.6917995960374658,7.486984086157051,22,6,4,1
2024-04-14 23:00:00,0.0,25.790875125978275,80.97127247626055,0.5331920642208781,6.924636640344046,23,6,4,1
2024-04-15 00:00:00,0.0,24.045589544904846,78.14742652961837,0.016344533744095835,6.913041132518897,0,0,4,0
2024-04-15 01:00:00,0.0,25.43468205467716,88.60536368759729,0.0634983752037831,5.9331023685953515,1,0,4,0
2024-04-15 02:00:00,0.0,23.963461408215263,87.06931559836984,0.20480003286618798,6.140316949709966,2,0,4,0
2024-04-15 03:00:00,0.0,23.990685222779145,76.47986726029308,0.26365401481265205,3.5425481058580335,3,0,4,0
2024-04-15 04:00:00,0.0,24.858472430325705,77.33563340114398,0.8594353820107404,6.012784864326637,4,0,4,0
2024-04-15 05:00:00,0.0,26.61927693870355,78.84031566166381,0.18031050548436323,3.664619580247236,5,0,4,0
2024-04-15 06:00:00,0.41133848868848716,26.731717589089392,78.1236324482331,0.8951934151486572,9.580183168369492,6,0,4,0
2024-04-15 07:00:00,1.5009555747563639,28.240559541843485,74.30807681176549,0.12279789768733984,6.012643853055226,7,0,4,0
2024-04-15 08:00:00,1.5546962914643374,28.30776879459025,74.79800269508576,0.7739365497968029,1.6222940457998825,8,0,4,0
2024-04-15 09:00:00,3.331013912285636,31.9700093202558,67.47338205505906,0.36047344444959784,4.207965390956591,9,0,4,0
2024-04-15 10:00:00,4.70257504593624,32.99705655213542,74.28036717741413,0.5599194867121569,1.5560810558099991,10,0,4,0
2024-04-15 11:00:00,3.096456658596746,32.56616634678864,63.41887122675577,0.7530206480014381,5.568266221167159,11,0,4,0
2024-04-15 12:00:00,6.583710764360412,34.28637773002687,70.89078885887605,0.3221029638121049,5.514975127485919,12,0,4,0
2024-04-15 13:00:00,5.250147362272524,33.93444168573085,56.583980078165254,0.5874787547318673,7.306163558250227,13,0,4,0
2024-04-15 14:00:00,7.030653019579409,35.16584938601879,50.35014566726009,0.4059791688484099,6.239668704734526,14,0,4,0
2024-04-15 15:00:00,3.3822772164334336,34.92247474556829,66.38158923556014,0.899333920740729,2.344814185702413,15,0,4,0
2024-04-15 16:00:00,2.2152216815242403,33.84784304217866,65.90547168312033,0.8094975914568155,1.7195578653428634,16,0,4,0
2024-04-15 17:00:00,1.3118035104711587,33.18264300997666,63.58707357260597,0.7551324225450358,1.869542741992033,17,0,4,0
2024-04-15 18:00:00,1.3752798080733775,32.72337257490743,64.90417513829104,0.5383868442127007,9.032345597168401,18,0,4,0
2024-04-15 19:00:00,0.40495255964421634,30.085629995370084,69.52030752591807,0.9684991744943005,6.233927444365941,19,0,4,0
2024-04-15 20:00:00,0.0,30.46467869644227,66.20470428840021,0.11453664996218604,3.3466849113530825,20,0,4,0
2024-04-15 21:00:00,0.0,26.814201571829322,77.64023127687432,0.016790368930753474,7.300310799050739,21,0,4,0
2024-04-15 22:00:00,0.0,26.228933983036256,80.51948065045009,0.4553330778421254,9.830763191389595,22,0,4,0
2024-04-15 23:00:00,0.0,26.557262324392106,73.22401194607151,0.7062406874863432,7.862868639248456,23,0,4,0
2024-04-16 00:00:00,0.0,24.10962416731178,82.75471981125156,0.14927968400130232,7.850527305724691,0,1,4,0
2024-04-16 01:00:00,0.0,25.723054739865113,87.63843361963711,0.8887727011573525,2.5502722844199956,1,1,4,0
2024-04-16 02:00:00,0.0,23.763161860316167,88.41830681473414,0.6027497569937573,0.4617813217627442,2,1,4,0
2024-04-16 03:00:00,0.0,24.6094032032418,77.58194172655801,0.8441689313892492,8.81960351090402,3,1,4,0
2024-04-16 04:00:00,0.0,24.089482456541422,75.1027345576193,0.8810805790849757,3.587515232263204,4,1,4,0
2024-04-16 05:00:00,0.0,24.619006447681304,73.28478560350116,0.9898548262109091,3.7181494119858103,5,1,4,0
2024-04-16 06:00:00,0.3902923327017104,27.3970143842832,71.87563992610315,0.7838659239475145,3.142339653663057,6,1,4,0
2024-04-16 07:00:00,0.5881463604993153,28.481713096912127,71.42897747457405,0.9324495247054992,9.833792905329481,7,1,4,0
2024-04-16 08:00:00,2.072636111899515,29.965780167583365,74.98644856526326,0.4972594540057632,3.3985817742646605,8,1,4,0
2024-04-16 09:00:00,2.4917166098769155,29.633398240891367,76.7939972875291,0.6476984825403712,2.871903605415312,9,1,4,0
2024-04-16 10:00:00,3.7743346458988642,32.907178445557115,63.72391023472804,0.7022822624025373,5.02055459934599,10,1,4,0
2024-04-16 11:00:00,2.5923605142249317,33.9328550433225,63.938378768007695,0.8075128681497514,8.551385712528491,11,1,4,0
2024-04-16 12:00:00,5.14899530438965,35.62013819263241,49.59567263981351,0.5463910942126247,0.5732822105991187,12,1,4,0
2024-04-16 13:00:00,4.507006368359422,33.988473912652175,61.132264263475435,0.6080646818913006,6.400665723354814,13,1,4,0
2024-04-16 14:00:00,6.010174154447021,35.32014950639271,66.17794864085396,0.04453794251421139,0.029590044269326432,14,1,4,0
2024-04-16 15:00:00,6.220892080319501,33.981279388327614,69.10417910290238,0.1988604881030288,8.423655538382155,15,1,4,0
2024-04-16 16:00:00,3.900670134793645,33.05592802266947,64.98584568724202,0.3812643329992895,2.794554989149506,16,1,4,0
2024-04-16 17:00:00,3.097898135360465,34.70595734383592,51.615480857713294,0.12964903944702932,3.2442127329665995,17,1,4,0
2024-04-16 18:00:00,1.3224520781787066,31.491236528401135,71.55273826876756,0.5951225303163217,2.0864350159102085,18,1,4,0
2024-04-16 19:00:00,0.8789641172592007,30.229322046894406,70.63756586226759,0.032728501913582786,7.2124615130307355,19,1,4,0
2024-04-16 20:00:00,0.0,30.43771311724739,77.28020435607367,0.9772621431521413,9.635243618035714,20,1,4,0
2024-04-16 21:00:00,0.0,27.35778207396489,86.91406786056024,0.5250327806228208,9.737016362604923,21,1,4,0
2024-04-16 22:00:00,0.0,24.293066543450912,87.96609208342647,0.4670783225112479,8.603171605622222,22,1,4,0
2024-04-16 23:00:00,0.0,26.32437604419637,87.84195751963718,0.20878805440807924,3.225897903518178,23,1,4,0
2024-04-17 00:00:00,0.0,23.9054091101996,80.3513434338607,0.0035671252827840227,2.341346039356804,0,2,4,0
2024-04-17 01:00:00,0.0,24.80327924236759,76.58388103734515,0.07393099191647712,3.220377094833249,1,2,4,0
2024-04-17 02:00:00,0.0,25.992342480193287,76.57501182905337,0.3955966586569185,8.680992515099039,2,2,4,0
2024-04-17 03:00:00,0.0,25.104815691408763,78.89754512204289,0.11775959476230857,0.9529402136115683,3,2,4,0
2024-04-17 04:00:00,0.0,27.244611670632537,75.6123280949644,0.899434532560904,1.6970752385614696,4,2,4,0
2024-04-17 05:00:00,0.0,27.216999822186768,81.80953352711296,0.9584368734469398,7.701527249966627,5,2,4,0
2024-04-17 06:00:00,0.5387957106736165,27.219044740377235,79.00892886830924,0.5655719961993644,4.360029697372527,6,2,4,0
2024-04-17 07:00:00,1.35274179227373,29.467817261774897,73.03948556400351,0.1455535766841436,6.969646433925933,7,2,4,0
2024-04-17 08:00:00,1.9511900081557034,31.785283495082993,66.05613546313586,0.22052677903541607,4.0090046270831845,8,2,4,0
2024-04-17 09:00:00,3.7134403049775204,32.260271463077736,68.34670392749003,0.24498619910104347,3.7123612191644026,9,2,4,0
2024-04-17 10:00:00,5.032391228282628,32.827967239811734,63.433646176294076,0.5852925990419799,3.46309131674559,10,2,4,0
2024-04-17 11:00:00,3.5185195324256084,33.27290289453843,64.17245206025798,0.44196695227764315,1.3431864244472702,11,2,4,0
2024-04-17 12:00:00,6.669761208017814,34.27766760468131,64.3472308992038,0.4465882142386264,2.3764680511942715,12,2,4,0
2024-04-17 13:00:00,7.26078420883056,34.88366548210978,63.817888619321586,0.33535666381192963,0.7662057810453027,13,2,4,0
2024-04-17 14:00:00,2.155004157076963,35.59680692905809,56.65660669719355,0.8332252896443212,3.059066491415421,14,2,4,0
2024-04-17 15:00:00,5.654306156386455,34.51431774417515,49.00027665640263,0.5415668174514825,7.678208513319983,15,2,4,0
2024-04-17 16:00:00,1.9566369836605604,34.447859143425774,69.27830846140039,0.5522913529427961,5.635947874980635,16,2,4,0
2024-04-17 17:00:00,1.423522511925715,32.30659004125199,67.37930560678215,0.672402941365144,5.816197953828497,17,2,4,0
2024-04-17 18:00:00,1.3816431025706293,33.312657427450965,67.38059801953483,0.4373578785553144,2.442667105785372,18,2,4,0
2024-04-17 19:00:00,0.3602658868275565,29.772132158090642,71.78837327680701,0.9895702816191208,2.6155880311017854,19,2,4,0
2024-04-17 20:00:00,0.0,28.944723954081937,80.41795743983647,0.3179323713402151,4.974287374972365,20,2,4,0
2024-04-17 21:00:00,0.0,27.55393905044115,77.22020998139736,0.10536479186919434,1.8098796149490703,21,2,4,0
2024-04-17 22:00:00,0.0,27.420756668030734,65.69630830351295,0.6384586424425025,4.01996950684139,22,2,4,0
2024-04-17 23:00:00,0.0,28.86008765641734,79.49175843336688,0.24920367625993656,8.140931277819185,23,2,4,0
2024-04-18 00:00:00,0.0,24.183937951613107,74.59480624349216,0.5740009198539532,9.67559328010762,0,3,4,0
2024-04-18 01:00:00,0.0,24.290356211263425,83.16796942083425,0.6270152199870344,4.067252678562991,1,3,4,0
2024-04-18 02:00:00,0.0,22.648184190989742,84.80945863230556,0.9907942635306791,1.4136375125538903,2,3,4,0
2024-04-18 03:00:00,0.0,24.500445626681294,80.55247038962399,0.9131640033386588,4.400880106633217,3,3,4,0
2024-04-18 04:00:00,0.0,23.87124971405476,82.1338284171283,0.4660752989031314,7.679027573914148,4,3,4,0
2024-04-18 05:00:00,0.0,27.17039171003294,71.52060919382431,0.030947091019874917,6.223610056996126,5,3,4,0
2024-04-18 06:00:00,0.38337989937470074,26.542901421209866,76.35041469718158,0.7492694138504651,4.988709498227232,6,3,4,0
2024-04-18 07:00:00,1.0023028661433162,29.505812740599367,69.22903624093578,0.7287568671552032,6.414980701382545,7,3,4,0
2024-04-18 08:00:00,2.331746587118114,28.527508373949523,79.96402445461172,0.42297279224111073,9.159269538563171,8,3,4,0
2024-04-18 09:00:00,3.1821255011811305,30.328181015256128,70.63346478347442,0.5467132657594583,7.089307827492623,9,3,4,0
2024-04-18 10:00:00,7.945365372912638,31.749187207192136,63.402721448145925,0.07379162514543769,5.288935837368535,10,3,4,0
2024-04-18 11:00:00,3.7933139062714445,33.21991136781012,66.46443327607797,0.508998627525784,8.954228346098507,11,3,4,0
2024-04-18 12:00:00,5.63245220326382,32.9809683548551,63.99154068048595,0.6913085453242899,0.8655734761513867,12,3,4,0
2024-04-18 13:00:00,5.4556460178252975,35.075644267438655,67.4960637472524,0.5978222563536444,8.555237985093394,13,3,4,0
2024-04-18 14:00:00,3.394232374335482,34.20728466435042,67.46464122312237,0.8172503303072536,8.972058612055067,14,3,4,0
2024-04-18 15:00:00,6.811938534490319,34.74586579600131,48.89933690313526,0.1877024790916636,3.1569204619215707,15,3,4,0
2024-04-18 16:00:00,3.8242813676911434,34.35041143959381,61.109006042535,0.2333990054606333,7.956392386230458,16,3,4,0
2024-04-18 17:00:00,2.2738613263460103,32.54817956880814,72.91093297794825,0.19514591425241068,2.5955128859199283,17,3,4,0
2024-04-18 18:00:00,1.76418160027244,32.94118541661138,65.9850370542,0.3822320361676669,7.856469465395116,18,3,4,0
2024-04-18 19:00:00,0.3529428914202655,32.220386792347014,64.46984843333284,0.8890674831536315,6.07447600629989,19,3,4,0
2024-04-18 20:00:00,0.0,28.185363191177625,80.74566001395141,0.6630002692519009,7.400785681156647,20,3,4,0
2024-04-18 21:00:00,0.0,28.48744447684225,72.60629517725168,0.36877682531208245,8.918509682006267,21,3,4,0
2024-04-18 22:00:00,0.0,27.767699724562792,67.5742059250126,0.2900530306463234,5.33810527720861,22,3,4,0
2024-04-18 23:00:00,0.0,25.004692712464163,81.74527761412217,0.08894904126826841,1.2390509702329222,23,3,4,0
2024-04-19 00:00:00,0.0,25.92578261704727,75.46003319732657,0.66397834388397,2.0876574276321636,0,4,4,0
2024-04-19 01:00:00,0.0,23.729544400256472,80.77915273147876,0.716934924956912,7.862806083966611,1,4,4,0
2024-04-19 02:00:00,0.0,25.339580007837178,80.07427139398101,0.4061117585298384,3.7937240875690903,2,4,4,0
2024-04-19 03:00:00,0.0,23.01173611309997,87.53420291030314,0.3309035003755061,6.2686838176190545,3,4,4,0
2024-04-19 04:00:00,0.0,25.350977991125614,84.17599517603404,0.9881165793986022,8.72944379384235,4,4,4,0
2024-04-19 05:00:00,0.0,26.346571617664324,72.82497412055201,0.7096496861154944,2.871584020219702,5,4,4,0
2024-04-19 06:00:00,0.7913716119532362,27.888042758903115,71.95472133481107,0.11543897991585128,3.885961861252344,6,4,4,0
2024-04-19 07:00:00,1.1802792195463911,29.528399067645474,77.43552612098628,0.7355161599013689,6.264756667429654,7,4,4,0
2024-04-19 08:00:00,2.0794962291984107,30.68790325185956,68.9173698964711,0.44624176018127026,1.700339931003626,8,4,4,0
2024-04-19 09:00:00,3.5510747685992055,30.643910678882882,62.74379602283923,0.035950841193489014,6.604496448053929,9,4,4,0
2024-04-19 10:00:00,2.4335664601857454,30.568565766673633,66.65519845089916,0.9496136784044517,4.332773259647704,10,4,4,0
2024-04-19 11:00:00,6.339791255735478,32.89956633548086,58.174138807571,0.09104004553435119,0.04418823591189058,11,4,4,0
2024-04-19 12:00:00,2.9046730929805116,33.60379749590659,69.29365244122616,0.9853852725910277,6.657485208430478,12,4,4,0
2024-04-19 13:00:00,9.274430062039547,35.55031451580633,57.66489096488928,0.09450013918478872,2.7807299098862206,13,4,4,0
2024-04-19 14:00:00,3.5315494371544016,33.986086482363966,66.11862910666628,0.6493371434378337,1.2596697902234322,14,4,4,0
2024-04-19 15:00:00,5.694551511822683,35.13088296286515,54.43176595831271,0.15182321617318395,5.283887391293681,15,4,4,0
2024-04-19 16:00:00,2.9362807150428365,33.839662313209395,58.263526742814406,0.2617534500507799,0.48510119498028303,16,4,4,0
2024-04-19 17:00:00,1.8178761617013228,34.313283528204536,60.29231424844177,0.7465021732897221,6.277666441042654,17,4,4,0
2024-04-19 18:00:00,1.0966868037188782,31.966833026262165,61.96053818094665,0.6300708440666456,2.245358045512522,18,4,4,0
2024-04-19 19:00:00,0.5389723713336042,31.033371140244157,79.16705131665071,0.5406212545991417,6.406878174025562,19,4,4,0
2024-04-19 20:00:00,0.0,29.554222583196292,72.75512521537472,0.350743989280783,5.749455436190964,20,4,4,0
2024-04-19 21:00:00,0.0,27.440579965362165,70.0025716297555,0.3614849588648644,4.71510055514714,21,4,4,0
2024-04-19 22:00:00,0.0,26.18007612173247,75.98746273019212,0.27597717650804954,8.847638383878396,22,4,4,0
2024-04-19 23:00:00,0.0,24.544504542690152,86.2566012491478,0.5072411220259039,2.356897006913875,23,4,4,0
2024-04-20 00:00:00,0.0,23.287784235519812,81.76884964455645,0.8376020843079593,4.881368678508808,0,5,4,1
2024-04-20 01:00:00,0.0,25.72304299939546,81.25993326574581,0.6310077377001996,1.8139379459599092,1,5,4,1
2024-04-20 02:00:00,0.0,26.451353623967112,75.11973259767923,0.4516412841157942,8.092819733118887,2,5,4,1
2024-04-20 03:00:00,0.0,24.364723829413762,87.24733907502971,0.14538819900244737,4.655781168381736,3,5,4,1
2024-04-20 04:00:00,0.0,24.6286919268996,83.26884040734046,0.09948908385908883,1.1687600204742843,4,5,4,1
2024-04-20 05:00:00,0.0,27.284821786546182,74.32570468300506,0.6549534162123164,1.495510952549871,5,5,4,1
2024-04-20 06:00:00,0.39059763102512,28.51751424785749,79.80302849696659,0.9922504143321947,8.034593636593696,6,5,4,1
2024-04-20 07:00:00,1.6955249002899497,26.9016220002091,84.59265076933778,0.303644885637671,4.851343254206171,7,5,4,1
2024-04-20 08:00:00,2.4871938211493827,26.68524023754348,77.16996450795564,0.20863701592788408,5.213033325426606,8,5,4,1
2024-04-20 09:00:00,1.8729367296513226,29.58050910862658,70.8731894807792,0.5453074342029454,1.7981868006339774,9,5,4,1
2024-04-20 10:00:00,3.667827001200525,32.83174567130192,61.38873630803975,0.6125795906831013,5.880878505360774,10,5,4,1
2024-04-20 11:00:00,5.666980349079501,34.900773175039525,62.36079289193675,0.06240000566720927,5.8035506009228985,11,5,4,1
2024-04-20 12:00:00,3.0003006077840793,34.35490722638851,62.395953027846446,0.8945873679325163,5.036924069751235,12,5,4,1
2024-04-20 13:00:00,5.9004908356418,35.539448768196145,58.72959676201602,0.5966415327615043,3.446485153624448,13,5,4,1
2024-04-20 14:00:00,1.811143352223693,34.96617630802203,51.89744081262052,0.969114365727386,7.229518891152519,14,5,4,1
2024-04-20 15:00:00,2.3409717033576776,34.30363958075368,58.77420489302691,0.7982645689290835,3.644878398184761,15,5,4,1
2024-04-20 16:00:00,2.424472782942767,31.108072557293,66.9635155652048,0.6838766842019718,1.6681022744202867,16,5,4,1
2024-04-20 17:00:00,1.8914136880036208,32.75639005507163,72.23047602547794,0.6126340294641782,3.9342959235027797,17,5,4,1
2024-04-20 18:00:00,1.858190594857601,30.77671167041737,72.13115744512993,0.012263528293845471,6.059115453034724,18,5,4,1
2024-04-20 19:00:00,0.7389005693746558,29.726704260879888,74.66116243071386,0.5005975171706367,7.147688256673509,19,5,4,1
2024-04-20 20:00:00,0.0,30.16487317199252,64.89778681050214,0.9257480063381648,0.9113997704243015,20,5,4,1
2024-04-20 21:00:00,0.0,26.941818484935002,80.33259590880425,0.9562185410696161,9.424353971979555,21,5,4,1
2024-04-20 22:00:00,0.0,27.280103746858412,78.68875424250713,0.4080547944036713,9.155530591261162,22,5,4,1
2024-04-20 23:00:00,0.0,25.781659750670197,77.04361982595911,0.09219437014956322,7.344137306569092,23,5,4,1
2024-04-21 00:00:00,0.0,26.36407386124635,76.9661731776118,0.656598480687994,9.960107368069188,0,6,4,1
2024-04-21 01:00:00,0.0,24.749062093317274,81.24462328190369,0.2595687185438086,6.215615130773774,1,6,4,1
2024-04-21 02:00:00,0.0,23.603360524650295,82.679428764637,0.16397724163435845,4.476080919661918,2,6,4,1
2024-04-21 03:00:00,0.0,24.040928073074205,72.94863833116509,0.09721837773692454,7.298856795575145,3,6,4,1
2024-04-21 04:00:00,0.0,26.320028247203002,79.77480857422609,0.25394630362159243,7.706274236311143,4,6,4,1
2024-04-21 05:00:00,0.0,25.865221933799695,74.80019690403752,0.23014753291386403,6.217206733475572,5,6,4,1
2024-04-21 06:00:00,0.9052733549990928,25.5529579946619,74.19746944932751,0.2556741306718856,4.343729921785088,6,6,4,1
2024-04-21 07:00:00,1.7929392848686172,28.02685488059342,74.33444549764867,0.07235296165039218,4.654751295069496,7,6,4,1
2024-04-21 08:00:00,3.424357901310665,27.633824199718873,66.82823631600863,0.0687019070419318,4.440751803499571,8,6,4,1
2024-04-21 09:00:00,2.2708207741540756,33.106701689491196,50.96097485117712,0.6734093595708166,3.8812331817080215,9,6,4,1
2024-04-21 10:00:00,3.97598270648497,31.14628941503446,72.85513280014487,0.7631514368662907,2.2254784396441685,10,6,4,1
2024-04-21 11:00:00,6.97525692062296,32.71495012280216,63.61929967710973,0.19323182966393548,8.39602792300705,11,6,4,1
2024-04-21 12:00:00,4.612703856360218,34.514495633657646,64.08042206685296,0.865112606497985,8.800508171765063,12,6,4,1
2024-04-21 13:00:00,3.74719386101333,35.61927032803852,55.371509079282546,0.6283521558023993,9.854414394324543,13,6,4,1
2024-04-21 14:00:00,3.1083375649395197,34.983131904064656,55.974257347880474,0.6768409363155337,5.627585080917154,14,6,4,1
2024-04-21 15:00:00,2.712499043970187,33.396067834652825,70.36603767057646,0.7849067820149642,5.137274322049164,15,6,4,1
2024-04-21 16:00:00,2.901018285868608,32.372046705963264,65.58466538721665,0.22359953976276536,6.319339100602309,16,6,4,1
2024-04-21 17:00:00,1.014389340262067,34.24737079157285,67.37401050744491,0.9475652449529083,9.52431310952051,17,6,4,1
2024-04-21 18:00:00,1.3423003852557343,29.730790956572196,75.55815353935289,0.1852027472270471,8.75829920793185,18,6,4,1
2024-04-21 19:00:00,0.6635165844114362,32.19666186172745,63.51795647519216,0.2768704303527828,7.848822379690575,19,6,4,1
2024-04-21 20:00:00,0.0,29.026912846266534,70.42260609330248,0.6148134844631993,7.890275728334134,20,6,4,1
2024-04-21 21:00:00,0.0,28.66659336189405,75.64022382786645,0.09196798152917562,2.202716940843399,21,6,4,1
2024-04-21 22:00:00,0.0,25.57084854846843,76.77194226340032,0.02930845503144075,2.707123557226584,22,6,4,1
2024-04-21 23:00:00,0.0,27.250755073821338,80.06313946441739,0.570359661705516,5.983498773269674,23,6,4,1
2024-04-22 00:00:00,0.0,24.91578285721551,85.74443324855196,0.11233725183493126,8.353684880144854,0,0,4,0
2024-04-22 01:00:00,0.0,25.43036162185308,86.9844417206894,0.4794846281775095,7.757867831475905,1,0,4,0
2024-04-22 02:00:00,0.0,24.035830327314628,84.08559334028561,0.028798786950279598,0.6030026355002038,2,0,4,0
2024-04-22 03:00:00,0.0,24.24981124500595,79.82189267087526,0.19384537511964084,1.0753796904313961,3,0,4,0
2024-04-22 04:00:00,0.0,25.02467519168107,82.1065938389527,0.32549557047710176,8.24568802475211,4,0,4,0
2024-04-22 05:00:00,0.0,27.501512242174158,77.12256923972295,0.11019287557576951,0.1684734415318867,5,0,4,0
2024-04-22 06:00:00,0.7259710857866358,26.771958052185482,74.18107091105156,0.38476941342376125,1.9163150787546335,6,0,4,0
2024-04-22 07:00:00,2.3936326201541567,27.62372461907619,80.82316027238093,0.09296493214644397,0.7423868325652627,7,0,4,0
2024-04-22 08:00:00,3.11243330200546,28.058365292459655,74.12445013831292,0.14509379112291965,5.385795790325368,8,0,4,0
2024-04-22 09:00:00,1.8144286653659274,28.849889736704323,80.02412954310073,0.6871086068527184,6.875290257618085,9,0,4,0
2024-04-22 10:00:00,3.3544645704399016,31.717149908205887,67.8137891513788,0.8557781334994714,6.318937012141897,10,0,4,0
2024-04-22 11:00:00,4.027790141593801,33.48680017597417,59.54840084187778,0.7211765306847742,0.37898811179846614,11,0,4,0
2024-04-22 12:00:00,6.950791908838501,32.94428015586155,58.65272949544283,0.2473764544699123,7.059557233903839,12,0,4,0
2024-04-22 13:00:00,7.173911711832403,34.73119696074559,59.76027862500254,0.5056211533355787,0.9899403405564045,13,0,4,0
2024-04-22 14:00:00,5.627866312383804,33.35232026260983,60.598831726629065,0.15423992703505696,2.948087454013575,14,0,4,0
2024-04-22 15:00:00,2.057309918228824,32.767562020345075,62.40363369522946,0.9608818633019993,8.601754728998287,15,0,4,0
2024-04-22 16:00:00,2.4498664162927057,31.556080104780218,62.32258001639176,0.3866238811885431,4.457045686530603,16,0,4,0
2024-04-22 17:00:00,1.6198839080207157,30.508691014274454,69.31485359291273,0.3765036931303857,0.9471836863787642,17,0,4,0
2024-04-22 18:00:00,1.0068390794263955,32.15335122254464,59.40569157472055,0.585606996061603,8.31300768401374,18,0,4,0
2024-04-22 19:00:00,0.766478105794186,32.209725563949426,66.46604915100694,0.45727427593114667,7.280515956245365,19,0,4,0
2024-04-22 20:00:00,0.0,29.290778238444275,66.93178787610425,0.42950412207272226,8.876037511796808,20,0,4,0
2024-04-22 21:00:00,0.0,29.352988028885935,63.43301331059738,0.2912859996025706,8.746691007496649,21,0,4,0
2024-04-22 22:00:00,0.0,26.95663207654933,74.24777687011427,0.8868137975571789,9.927806511651267,22,0,4,0
2024-04-22 23:00:00,0.0,26.21296456999757,78.7036367953169,0.7331092313263052,0.21611889028556597,23,0,4,0
2024-04-23 00:00:00,0.0,26.16534021861372,72.35908473862852,0.527824179122841,1.5944240813538502,0,1,4,0
2024-04-23 01:00:00,0.0,25.61198119337124,80.58309805314266,0.6016225519750805,1.1809899153681314,1,1,4,0
2024-04-23 02:00:00,0.0,24.40922017105364,82.61442701843117,0.05872026605660008,4.427550432779306,2,1,4,0
2024-04-23 03:00:00,0.0,25.97698035695624,78.79738845711427,0.01843501192033148,4.277394668395238,3,1,4,0
2024-04-23 04:00:00,0.0,23.77603495939368,83.69104849584414,0.41113107609443356,7.763984994684209,4,1,4,0
2024-04-23 05:00:00,0.0,27.329165561335756,70.4916567092551,0.3118648382248057,9.464017329763566,5,1,4,0
2024-04-23 06:00:00,0.9391804736879841,24.809399734087485,86.62182636492889,0.3896689747193336,4.999133369668987,6,1,4,0
2024-04-23 07:00:00,0.9101053434468169,28.837642981869063,75.39662802179338,0.7678570052345022,9.901193175181156,7,1,4,0
2024-04-23 08:00:00,3.0338660190467124,29.35692802840796,72.17341786170351,0.22379955317920985,2.1224185474490787,8,1,4,0
2024-04-23 09:00:00,1.5320697325940624,30.895368914984658,72.07836933625785,0.7851697010816578,6.015119696878517,9,1,4,0
2024-04-23 10:00:00,4.499524848792799,31.802337303849864,68.49739880707658,0.49715239163189817,3.0791858484905656,10,1,4,0
2024-04-23 11:00:00,7.599180399331666,33.485590541542884,59.86097629377751,0.25146776907499313,8.582190538530696,11,1,4,0
2024-04-23 12:00:00,4.324249332017832,33.71639305211281,63.849697853416345,0.5846362315506833,4.405963021095724,12,1,4,0
2024-04-23 13:00:00,4.019026426090529,35.17122526065792,53.950907980970456,0.581527782025917,8.037386766172032,13,1,4,0
2024-04-23 14:00:00,4.981022969624523,35.46733559910218,53.510374653764046,0.6685423605040687,6.255301129923442,14,1,4,0
2024-04-23 15:00:00,7.693964346325635,35.78154012866408,54.69370649996412,0.21302940809758464,1.6887214288576824,15,1,4,0
2024-04-23 16:00:00,1.971195305917547,32.6210328290824,61.495685206421044,0.8226586569424206,0.20173569234036237,16,1,4,0
2024-04-23 17:00:00,1.5522678455283465,33.6421167544583,62.21625564189704,0.70579355818548,9.929444344592763,17,1,4,0
2024-04-23 18:00:00,1.8341429591094485,32.61085383297934,71.78744912226554,0.14943302523710023,0.35641410608054036,18,1,4,0
2024-04-23 19:00:00,0.7185347925749799,30.4126733670695,73.71977045146627,0.44936835229574557,2.206712783792042,19,1,4,0
2024-04-23 20:00:00,0.0,29.968776429228896,72.93284584388256,0.4646463604739889,4.588446756852572,20,1,4,0
2024-04-23 21:00:00,0.0,28.099124486186195,70.37627708674057,0.12326338604101672,8.772277874614257,21,1,4,0
2024-04-23 22:00:00,0.0,25.983728819396305,84.35292268424111,0.6707183079848767,9.07235178807751,22,1,4,0
2024-04-23 23:00:00,0.0,25.96249258392332,83.41580301171396,0.016554265479846952,1.0440804523720082,23,1,4,0
2024-04-24 00:00:00,0.0,25.49330395862935,85.19577920067269,0.9354623040869727,4.009935846588322,0,2,4,0
2024-04-24 01:00:00,0.0,24.705570011675395,83.84320423797793,0.5643094702386119,6.618933011038298,1,2,4,0
2024-04-24 02:00:00,0.0,24.68030651627984,74.74695095939114,0.27811010820455107,7.321068474522457,2,2,4,0
2024-04-24 03:00:00,0.0,23.55619509703515,83.17343857202057,0.21608633568093938,2.853882787612859,3,2,4,0
2024-04-24 04:00:00,0.0,25.60025505623439,77.13838316521213,0.9278716141541927,7.520281579007971,4,2,4,0
2024-04-24 05:00:00,0.0,24.025721911566876,77.76872156992086,0.11030066112268444,9.488480983323765,5,2,4,0
2024-04-24 06:00:00,0.788023618935889,26.664030154541322,72.13660949065572,0.022793586322360837,7.951439325834847,6,2,4,0
2024-04-24 07:00:00,1.9749168642499684,27.595971312334438,71.64736973376478,0.06299469472376185,8.330483657342732,7,2,4,0
2024-04-24 08:00:00,0.8025840057914614,30.899071918405223,62.03234718529279,0.9479336140359622,8.825695390504984,8,2,4,0
2024-04-24 09:00:00,1.6870191517676993,29.935120067015195,67.82109510689627,0.9278242554961589,1.4854603433305347,9,2,4,0
2024-04-24 10:00:00,2.6216050286735686,31.236698222264586,67.88164123530319,0.867151383077567,4.487222008164148,10,2,4,0
2024-04-24 11:00:00,5.728757740319628,33.5011349053156,73.13395010695919,0.41352759793947236,8.253228957923316,11,2,4,0
2024-04-24 12:00:00,3.588637487532425,32.87383154331712,62.421065130826946,0.8923556630030095,9.914261080971077,12,2,4,0
2024-04-24 13:00:00,3.197588803602184,35.77064181539404,56.46904285430884,0.9195461330128465,1.6439613874246073,13,2,4,0
2024-04-24 14:00:00,4.970548910230179,33.92481069634499,60.02512451434768,0.3391764757340048,2.958199676720088,14,2,4,0
2024-04-24 15:00:00,3.7027376670347416,35.66331640146876,59.32023518299514,0.9067164638461805,6.188771690326082,15,2,4,0
2024-04-24 16:00:00,1.8067751010521116,33.79865238717416,68.89893050753892,0.5708955931722122,5.395403356311618,16,2,4,0
2024-04-24 17:00:00,1.5224059785705084,32.76274159502739,66.09222838966363,0.7106087548549338,7.477834689302366,17,2,4,0
2024-04-24 18:00:00,0.8973726847530737,32.81123269247375,68.86969160341567,0.7920068491703617,1.8243542891880515,18,2,4,0
2024-04-24 19:00:00,0.792839191727838,29.569601315101803,72.54266111487237,0.18304715488825396,6.343418816509095,19,2,4,0
2024-04-24 20:00:00,0.0,31.302960621227548,71.16564061281015,0.25250512108973966,5.486887979270241,20,2,4,0
2024-04-24 21:00:00,0.0,27.187095281495093,81.28408167870569,0.008096877737393537,2.5588355231589954,21,2,4,0
2024-04-24 22:00:00,0.0,27.096415475290044,77.60387200354634,0.72233477835593,6.700862018842933,22,2,4,0
2024-04-24 23:00:00,0.0,25.297974350222656,82.55591953432499,0.25063415432359315,2.820936968001988,23,2,4,0
2024-04-25 00:00:00,0.0,24.702389897566675,78.2188262764829,0.3255190497842603,4.029725905277052,0,3,4,0
2024-04-25 01:00:00,0.0,25.338523273915687,87.5228209527617,0.8389658101770558,9.900366777174058,1,3,4,0
2024-04-25 02:00:00,0.0,23.778657765806,82.27562334740041,0.6154364840920197,0.4061515116044512,2,3,4,0
2024-04-25 03:00:00,0.0,25.13539031605832,82.35081544772582,0.4598161007339199,5.832692398107579,3,3,4,0
2024-04-25 04:00:00,0.0,23.804930823485037,80.80407570034743,0.9056421888166165,9.268025767497129,4,3,4,0
2024-04-25 05:00:00,0.0,26.387767213761165,83.48438531106675,0.8744584427865594,0.2921189208964803,5,3,4,0
2024-04-25 06:00:00,0.48548059207226857,25.62427494746667,86.67537474929252,0.6252226644089327,2.572882281266773,6,3,4,0
2024-04-25 07:00:00,1.0016033367434602,29.555762223557632,70.3057868511041,0.7681171049151607,8.64834061414424,7,3,4,0
2024-04-25 08:00:00,2.0466115175864563,29.71874774765933,66.86455755513259,0.2624685083887568,5.278114468024462,8,3,4,0
2024-04-25 09:00:00,1.3647381457132384,33.038344372396374,64.20020066014474,0.9971165500231618,6.272307807410935,9,3,4,0
2024-04-25 10:00:00,8.572582919656002,30.819120677888257,68.52316780579969,0.019414206135572876,9.541382683515927,10,3,4,0
2024-04-25 11:00:00,5.0796376027639765,32.41369620713287,57.92134004536224,0.6522790308204806,7.568938912182407,11,3,4,0
2024-04-25 12:00:00,5.167738005981584,32.21734299209205,60.625324163824295,0.691236369426837,7.202337878928725,12,3,4,0
2024-04-25 13:00:00,4.275082510388661,33.48324604853579,64.78080464140878,0.6509982981192497,8.832325897607214,13,3,4,0
2024-04-25 14:00:00,2.393219458079493,35.75003704652396,58.79485041462221,0.9083069113175554,4.10259392328872,14,3,4,0
2024-04-25 15:00:00,2.6092254891054747,34.206376163662135,70.74318842223234,0.7424545527197364,3.9634962880532787,15,3,4,0
2024-04-25 16:00:00,1.7326969494599185,34.3360877902021,49.98771478761677,0.8996941910168819,8.084689503599426,16,3,4,0
2024-04-25 17:00:00,2.018382818988621,33.70817399146664,60.61521625859572,0.42527602840917444,6.438544525928478,17,3,4,0
2024-04-25 18:00:00,0.8980340285854893,31.456778221751453,61.45988967987456,0.6416294753536569,4.429959001860741,18,3,4,0
2024-04-25 19:00:00,0.3884800358430838,31.124425713928904,63.25442108083362,0.7374883933626243,5.274505657693746,19,3,4,0
2024-04-25 20:00:00,0.0,30.072985510021745,71.76866929107958,0.6472234871338244,7.2091551919505825,20,3,4,0
2024-04-25 21:00:00,0.0,28.807936186349366,82.34020116285953,0.5447914982286688,7.999376484726811,21,3,4,0
2024-04-25 22:00:00,0.0,28.23939133188886,74.52075252757743,0.8583335068235227,3.6139123751878155,22,3,4,0
2024-04-25 23:00:00,0.0,24.272425207653743,85.05916815093109,0.3751229285566666,4.838449509170026,23,3,4,0
2024-04-26 00:00:00,0.0,25.218445647435846,81.53369646368301,0.18086623633512955,8.214524380413527,0,4,4,0
2024-04-26 01:00:00,0.0,24.17414013385811,80.84498103325664,0.4069247052751982,7.3724600898625265,1,4,4,0
2024-04-26 02:00:00,0.0,25.559504353226313,81.34142555224484,0.28761930288338255,3.5625169654467967,2,4,4,0
2024-04-26 03:00:00,0.0,26.36078596657532,74.10918196380621,0.45032222022790125,7.419180281999372,3,4,4,0
2024-04-26 04:00:00,0.0,24.791950906447013,78.14177595321982,0.7166480459673686,3.375410304832741,4,4,4,0
2024-04-26 05:00:00,0.0,24.965588194312367,77.41751276728263,0.7003018386670856,1.1007514539574925,5,4,4,0
2024-04-26 06:00:00,0.5951349535883234,26.972773408598872,69.24275851028302,0.7208778115299247,9.943362219482683,6,4,4,0
2024-04-26 07:00:00,1.026221437775541,27.68412796131465,77.94532817324277,0.7261671862825154,1.9587851032621717,7,4,4,0
2024-04-26 08:00:00,2.1434754077762075,30.703108543402145,78.0413330890273,0.43772678667221054,3.8959820122914843,8,4,4,0
2024-04-26 09:00:00,3.6788975697640445,31.610678370895588,63.03508566700725,0.2921288427438744,9.593249510257383,9,4,4,0
2024-04-26 10:00:00,1.84577484390499,32.4139288399583,60.2687519458963,0.9668289175240161,5.570121425206905,10,4,4,0
2024-04-26 11:00:00,3.269713966935334,32.088945526449564,66.94863663802087,0.8149353743947417,2.2551015848493163,11,4,4,0
2024-04-26 12:00:00,5.123253019676883,32.65730054422971,58.40909161035271,0.5799418962610925,7.274960262987676,12,4,4,0
2024-04-26 13:00:00,7.871589269711909,33.82128734091287,50.606929234039534,0.3006931884080484,2.7724589089190985,13,4,4,0
2024-04-26 14:00:00,3.0559311702085132,35.721027221033104,63.34744272618599,0.7928314010204246,1.1265806310711812,14,4,4,0
2024-04-26 15:00:00,5.924122121037526,34.46679263902281,60.005847180945324,0.45764889525772723,1.8741973842920756,15,4,4,0
2024-04-26 16:00:00,2.2936350752177836,34.89152972514719,55.94810963922927,0.52261102910343,5.616592440406734,16,4,4,0
2024-04-26 17:00:00,2.222990450534684,33.33911314271064,61.30730759371863,0.06498367029891539,5.144186754561341,17,4,4,0
2024-04-26 18:00:00,1.7432547408597805,31.14578644185651,65.22010558170112,0.03357717686864903,4.173984201682829,18,4,4,0
2024-04-26 19:00:00,0.49670201814701953,29.57861899151439,80.68695392285616,0.7124461818493651,4.310505223712955,19,4,4,0
2024-04-26 20:00:00,0.0,30.691235147816055,66.94292498062796,0.3554710649293281,0.5647592603365514,20,4,4,0
2024-04-26 21:00:00,0.0,28.94760961300458,72.62693646756331,0.1720834419991487,9.037963715131148,21,4,4,0
2024-04-26 22:00:00,0.0,26.91582624695601,73.56981738206234,0.7373539633240916,9.482182015360197,22,4,4,0
2024-04-26 23:00:00,0.0,26.576801707714857,80.37152286119661,0.4334731906421886,7.003684944565144,23,4,4,0
2024-04-27 00:00:00,0.0,25.632558550997295,78.59036485389873,0.5091943475297166,4.446642142830304,0,5,4,1
2024-04-27 01:00:00,0.0,24.203789770651692,82.44242174580701,0.42622404938976155,8.676285081255566,1,5,4,1
2024-04-27 02:00:00,0.0,24.235731882461643,80.19450668455505,0.5741171554342983,6.190067396520521,2,5,4,1
2024-04-27 03:00:00,0.0,24.923553429891523,90.25948471781955,0.44467197231084177,5.055876610041015,3,5,4,1
2024-04-27 04:00:00,0.0,24.44012622726912,77.29899873062129,0.9799462135375422,6.681061073838698,4,5,4,1
2024-04-27 05:00:00,0.0,26.24005343463025,85.61989550911608,0.26577934025050853,7.124750240002023,5,5,4,1
2024-04-27 06:00:00,0.621475579235154,28.047502898726783,73.9942585065032,0.32160078237034095,5.012781341067992,6,5,4,1
2024-04-27 07:00:00,0.8948722176630801,28.05820673448354,75.96239359700964,0.7892755836519301,4.750799940008319,7,5,4,1
2024-04-27 08:00:00,2.307886486039347,30.529986539423582,64.57370756836018,0.36402698344535667,2.971808160133861,8,5,4,1
2024-04-27 09:00:00,3.3049737961136607,30.037530644750802,76.24076973708797,0.3936796646954781,9.468953167597775,9,5,4,1
2024-04-27 10:00:00,6.4795292882054545,30.48688165068957,70.93824110775303,0.3564709870134273,5.634732249711528,10,5,4,1
2024-04-27 11:00:00,5.517510807263108,33.005876070191576,66.14837869477083,0.013951753639412035,6.941958197910313,11,5,4,1
2024-04-27 12:00:00,3.5713616796462904,35.70014918264305,56.839193235790304,0.9285964400448139,6.162390826853562,12,5,4,1
2024-04-27 13:00:00,6.569248690720959,34.07752667419634,65.22966316561842,0.43022709219127353,8.443823510547816,13,5,4,1
2024-04-27 14:00:00,3.7024490260456413,34.49689266693077,57.0754437752264,0.5459360344159953,8.152412468980998,14,5,4,1
2024-04-27 15:00:00,6.0717000518106135,34.10444096077304,63.4882008798517,0.5176747213151862,9.169713053302528,15,5,4,1
2024-04-27 16:00:00,1.3925202134258934,34.188161070299785,64.86944588237748,0.9583809909499763,5.281603890993725,16,5,4,1
2024-04-27 17:00:00,1.6008097096444434,31.687381246876615,72.32869099605838,0.4474946360268206,9.27181413768706,17,5,4,1
2024-04-27 18:00:00,1.8333239159426769,32.191195132682765,61.522011300814654,0.3241803500141266,2.997231918455432,18,5,4,1
2024-04-27 19:00:00,0.49840388623250764,30.53837880120115,81.56171455796441,0.589923016973517,3.9619293346311224,19,5,4,1
2024-04-27 20:00:00,0.0,30.072167870156118,64.11029773353577,0.48682748189271674,7.636303005664614,20,5,4,1
2024-04-27 21:00:00,0.0,29.300649834173072,74.47767651181623,0.523171968441448,8.051309807597317,21,5,4,1
2024-04-27 22:00:00,0.0,26.36523736983662,84.46401651121641,0.9984615355252751,4.270189244178938,22,5,4,1
2024-04-27 23:00:00,0.0,26.424983913710136,85.55522384170433,0.9524664136388546,4.416591848726245,23,5,4,1
2024-04-28 00:00:00,0.0,26.871840892651022,78.10949822824657,0.7545268329205986,8.800511985408345,0,6,4,1
2024-04-28 01:00:00,0.0,25.28925827040623,86.44831907179581,0.2819850776155246,1.3689930836305653,1,6,4,1
2024-04-28 02:00:00,0.0,26.897508766505805,76.46550752620031,0.6973441782597095,4.80720703041336,2,6,4,1
2024-04-28 03:00:00,0.0,23.299310459251036,85.4831851186308,0.237097550160281,5.774194287268757,3,6,4,1
2024-04-28 04:00:00,0.0,23.159787411584833,85.17194603836917,0.11146491950673765,4.788173994556928,4,6,4,1
2024-04-28 05:00:00,0.0,26.239535526864827,72.02874030431983,0.12002912752357353,6.375602927374565,5,6,4,1
2024-04-28 06:00:00,0.6482233023338198,25.660514617367447,76.06444532227376,0.44273024690624496,9.366472101237383,6,6,4,1
2024-04-28 07:00:00,1.3135368569569998,27.367443534734324,74.38296628752371,0.5496895169733603,8.353717164264946,7,6,4,1
2024-04-28 08:00:00,2.450473512567358,29.366289942386373,71.66655659188626,0.35472602525916586,0.01795952020712477,8,6,4,1
2024-04-28 09:00:00,2.1321097381403384,31.847082370880663,56.786663523893175,0.5182513589387351,6.887691748901554,9,6,4,1
2024-04-28 10:00:00,4.727228260252736,30.636334482911124,67.32245406127703,0.1716956408614796,7.985765309848334,10,6,4,1
2024-04-28 11:00:00,4.109683263984779,33.974895185536006,67.6466888564687,0.7533687427345962,0.12223672757754711,11,6,4,1
2024-04-28 12:00:00,5.904750827919034,32.85912155603424,60.22912899061354,0.5242755909614875,8.0748049389408,12,6,4,1
2024-04-28 13:00:00,4.101489706854346,31.10631324644548,54.11681089168634,0.7757896966348236,6.439427213898156,13,6,4,1
2024-04-28 14:00:00,3.785777711174319,33.47792316115365,64.8060459955739,0.63165727477787,8.544180759178513,14,6,4,1
2024-04-28 15:00:00,3.6730039112904227,34.5497731571992,73.40026840362104,0.8167896180452225,0.8755766525634234,15,6,4,1
2024-04-28 16:00:00,3.9711549316307506,31.95511252850179,61.41224529036161,0.22539276912499173,3.2114675028198034,16,6,4,1
2024-04-28 17:00:00,1.222851823530671,32.52948071995627,56.027184191085276,0.817342363414294,2.019044372606972,17,6,4,1
2024-04-28 18:00:00,1.5176963991125343,32.04449182229513,66.03305255424658,0.2350780910631598,8.119008259311858,18,6,4,1
2024-04-28 19:00:00,0.611218999407031,29.240179327820304,64.5966542607078,0.4443518787395172,1.332838024076115,19,6,4,1
2024-04-28 20:00:00,0.0,29.820382817778885,78.020569713044,0.5834043443555373,4.382532307878266,20,6,4,1
2024-04-28 21:00:00,0.0,26.949307032551747,72.06284111474415,0.8662581859010198,4.257559611568148,21,6,4,1
2024-04-28 22:00:00,0.0,25.584550358160204,74.62871993973208,0.7930374955392561,7.806988595519272,22,6,4,1
2024-04-28 23:00:00,0.0,25.68399730267422,81.05509353619247,0.11123880078508241,6.2803598228964805,23,6,4,1
2024-04-29 00:00:00,0.0,26.277674901331867,69.63382098086439,0.6063469277377621,8.315750558557713,0,0,4,0
2024-04-29 01:00:00,0.0,24.36622775128303,80.14240113265608,0.32116459487486615,3.4169075415957773,1,0,4,0
2024-04-29 02:00:00,0.0,26.15320835829756,79.92087958104949,0.7808392217394167,7.147332106157476,2,0,4,0
2024-04-29 03:00:00,0.0,23.433662200554437,79.33177176603513,0.899468659151674,2.6009943985790898,3,0,4,0
2024-04-29 04:00:00,0.0,25.835982090768002,75.01255588079185,0.4405608312266611,1.2606499250251357,4,0,4,0
2024-04-29 05:00:00,0.0,27.809735209244067,68.51556468530222,0.6442163711343089,3.3544577413064336,5,0,4,0
2024-04-29 06:00:00,0.39638005964547923,29.156513333830688,74.64059688731962,0.7557312140500917,4.107291804589794,6,0,4,0
2024-04-29 07:00:00,0.7613262883596749,28.070405705473604,74.79592772517366,0.8019425443057527,7.683866154299256,7,0,4,0
2024-04-29 08:00:00,1.448806889935193,30.607626438654552,68.19550442830028,0.7732785500358589,0.4825101565247525,8,0,4,0
2024-04-29 09:00:00,1.2081424187480432,30.04882620333414,67.34971019300487,0.9902178439038193,9.517136297528346,9,0,4,0
2024-04-29 10:00:00,5.31934293869352,31.34559698069791,57.80229787300462,0.5832934891698037,6.1516877716457365,10,0,4,0
2024-04-29 11:00:00,4.542396704849695,33.94298595931161,64.24059404554373,0.3326495778098195,5.32783440371257,11,0,4,0
2024-04-29 12:00:00,2.9852781021395276,32.92815762365631,70.78434574260532,0.9888907087011144,8.858816267380814,12,0,4,0
2024-04-29 13:00:00,4.984972659203903,32.87684684362869,64.10062577559074,0.42567006650512806,3.333335799555454,13,0,4,0
2024-04-29 14:00:00,3.22412680540885,35.79108786510375,55.98576125574601,0.9165437981480064,6.756539406577834,14,0,4,0
2024-04-29 15:00:00,4.053493004446861,36.25152952122692,66.72980684942452,0.799769753511261,4.075149987106423,15,0,4,0
2024-04-29 16:00:00,2.6381441406175927,33.23624254287715,67.61399718727306,0.4705777981928061,7.489963420922149,16,0,4,0
2024-04-29 17:00:00,1.4850489259938031,32.8956364113216,61.99579214826998,0.8003550803142325,3.496742970207719,17,0,4,0
2024-04-29 18:00:00,1.5555733040458226,33.404665789538086,56.367362610826376,0.5963047146391757,9.934612896127913,18,0,4,0
2024-04-29 19:00:00,0.29890242297613623,30.565376313510473,76.00695745203801,0.9712897813528516,0.9498248044822077,19,0,4,0
2024-04-29 20:00:00,0.0,29.302428610435047,78.69719751339477,0.044424605912725235,8.853816451590435,20,0,4,0
2024-04-29 21:00:00,0.0,28.395260788705734,74.43616364552712,0.5711158120640054,7.5908537008334545,21,0,4,0
2024-04-29 22:00:00,0.0,26.647647824295987,68.68577713123638,0.9116272813678831,3.9168092872264326,22,0,4,0
2024-04-29 23:00:00,0.0,25.218926687329557,82.3435862404148,0.12599139354571431,3.7437704571475647,23,0,4,0
2024-04-30 00:00:00,0.0,27.39820327341952,72.38150674414855,0.3674534782005707,0.5293402600016928,0,1,4,0
2024-04-30 01:00:00,0.0,23.65037327054419,84.8754704325819,0.3896594937334942,8.589586641095512,1,1,4,0
2024-04-30 02:00:00,0.0,24.27631166026928,80.90992506374408,0.7196884218195527,9.65685757029217,2,1,4,0
2024-04-30 03:00:00,0.0,23.277514744882467,86.4319073016844,0.7116590618946801,6.110959466838892,3,1,4,0
2024-04-30 04:00:00,0.0,26.260711364257073,86.31944221352147,0.125309317301723,5.922675158659407,4,1,4,0
2024-04-30 05:00:00,0.0,26.926570082608904,74.77595788504685,0.4537732990714698,5.7385940156493795,5,1,4,0
2024-04-30 06:00:00,0.3976985693276641,27.82372041923277,79.25986349360662,0.9298622583672278,0.19983112233447398,6,1,4,0
2024-04-30 07:00:00,1.4181677985159586,28.365192570807892,78.59440332044095,0.22736796793862635,7.285101526656781,7,1,4,0
2024-04-30 08:00:00,1.0525997407676304,30.348935958968603,63.70937448920501,0.9261804519698584,3.008942434007528,8,1,4,0
2024-04-30 09:00:00,4.346192532597744,30.99751992802233,67.80143167198177,0.11887455812028458,5.82224519560726,9,1,4,0
2024-04-30 10:00:00,6.085100411028255,34.323755651020036,58.08037248751291,0.05123382849456626,6.657763598066322,10,1,4,0
2024-04-30 11:00:00,7.44709616266815,31.934239114964292,68.50277754999405,0.2214251717690452,7.3368939776057776,11,1,4,0
2024-04-30 12:00:00,10.009564264560066,32.88219484554234,68.33324996591907,0.06751474487419828,6.2621216141565235,12,1,4,0
2024-04-30 13:00:00,5.589630074316762,34.155167521275565,63.45587740396603,0.5081332232497504,2.076330047499347,13,1,4,0
2024-04-30 14:00:00,3.3951107569345655,34.42061355891796,71.57588490052333,0.5873967355238234,2.990982228333073,14,1,4,0
2024-04-30 15:00:00,6.252340810100949,35.049473202234346,50.84339052143107,0.273520673622878,0.9014830431299792,15,1,4,0
2024-04-30 16:00:00,2.975765762732203,34.93248076812573,57.146332256259335,0.5478610802656805,9.003881824331065,16,1,4,0
2024-04-30 17:00:00,2.292904127582408,33.530490155702736,67.4071964655012,0.5008237047593855,5.678542257057422,17,1,4,0
2024-04-30 18:00:00,0.7819411048937229,32.48261540972064,67.31671380384846,0.9033098949876899,7.403629426767024,18,1,4,0
2024-04-30 19:00:00,0.5546069607799968,32.192079898693926,64.84801235070451,0.7512588967449152,9.341089447837206,19,1,4,0
2024-04-30 20:00:00,0.0,28.53432241341909,77.24395996873174,0.2979365695124926,4.56831509203139,20,1,4,0
2024-04-30 21:00:00,0.0,27.273092916274795,78.51689739319016,0.43788543111534606,8.529206672248359,21,1,4,0
2024-04-30 22:00:00,0.0,27.924058737776434,83.79719003266527,0.32778433389532646,6.341853305651519,22,1,4,0
2024-04-30 23:00:00,0.0,25.66983509876286,75.83049902038633,0.9454357858978968,2.3916346443582737,23,1,4,0
2024-05-01 00:00:00,0.0,25.192095557926372,85.70866519943988,0.4504773775073968,0.34562891286646247,0,2,5,0
2024-05-01 01:00:00,0.0,26.807549483294668,73.38327786338401,0.3128274806995778,2.8145034080634534,1,2,5,0
2024-05-01 02:00:00,0.0,23.881565367954593,83.78015083851864,0.29659870554518475,2.134835330658844,2,2,5,0
2024-05-01 03:00:00,0.0,25.33874941445141,83.51189172166625,0.8982361598479365,8.79160358572035,3,2,5,0
2024-05-01 04:00:00,0.0,26.462294363888663,66.21569858844185,0.8006924387975654,9.45226453520997,4,2,5,0
2024-05-01 05:00:00,0.0,26.735686836749114,82.77472167083384,0.12288701380072287,4.471887521340441,5,2,5,0
2024-05-01 06:00:00,0.5839113626350382,27.703761320353763,70.2544029352837,0.7905662595346201,0.3281699877221955,6,2,5,0
2024-05-01 07:00:00,0.8112388981612401,29.36201681262956,67.17314344738023,0.7848350102142513,1.8251614742042566,7,2,5,0
2024-05-01 08:00:00,1.1071605029531866,32.34696140306364,66.27124592044751,0.8152814733139222,0.8903975950374854,8,2,5,0
2024-05-01 09:00:00,4.553027516575845,31.81622575268981,71.86181102877056,0.07580792311047646,9.070570195701892,9,2,5,0
2024-05-01 10:00:00,4.511542497512342,33.82197353619746,62.548511092035895,0.47438473196034836,6.749641431294484,10,2,5,0
2024-05-01 11:00:00,2.8955153502321838,34.67709344747575,53.871767351542964,0.899546206607896,0.9319849859012053,11,2,5,0
2024-05-01 12:00:00,6.850403795730474,34.586977181770735,63.70643217961605,0.24287248598043654,4.550474576079554,12,2,5,0
2024-05-01 13:00:00,8.359995892523832,35.398613875955434,69.1394809903234,0.3013526905498546,8.372571273236222,13,2,5,0
2024-05-01 14:00:00,3.0468369115035854,35.122721405673765,70.41474345152338,0.8633822835986694,9.136227061831331,14,2,5,0
2024-05-01 15:00:00,4.6686902173906955,36.39699860848397,62.49461895593503,0.2757256524477367,4.478185301347462,15,2,5,0
2024-05-01 16:00:00,3.9220946568767734,38.00065181550064,53.625850817796405,0.14775168934293847,4.728126864205844,16,2,5,0
2024-05-01 17:00:00,2.1063374619487094,33.637225293236135,58.94443959672703,0.1681245929507701,9.600140661703524,17,2,5,0
2024-05-01 18:00:00,1.6533693566246874,33.34630011070357,66.37557849229115,0.3635976944862841,4.052036665282758,18,2,5,0
2024-05-01 19:00:00,0.44121405655182516,32.55699627556473,71.50060930643323,0.6628585758606271,1.6479949382552495,19,2,5,0
2024-05-01 20:00:00,0.0,31.856229945491165,71.23751856493325,0.15712322459970818,8.853993727108996,20,2,5,0
2024-05-01 21:00:00,0.0,31.422673276298667,67.63865483758994,0.297167049405906,3.1987799783007964,21,2,5,0
2024-05-01 22:00:00,0.0,28.59701430784538,71.10956907228375,0.9611373687685557,1.8839809963324972,22,2,5,0
2024-05-01 23:00:00,0.0,27.92702751538124,72.66839070187726,0.09253812239106773,4.037542113643258,23,2,5,0
2024-05-02 00:00:00,0.0,27.476399143540394,72.33381045102921,0.7101641903551582,3.1888651261367293,0,3,5,0
2024-05-02 01:00:00,0.0,27.033506545810184,67.9713360225765,0.3364553037671406,0.5608857849762305,1,3,5,0
2024-05-02 02:00:00,0.0,23.94942739498667,83.29312802325983,0.5674382738859466,1.2696692421131162,2,3,5,0
2024-05-02 03:00:00,0.0,27.714461588586737,72.9987575900565,0.9367711191589198,2.435073759617319,3,3,5,0
2024-05-02 04:00:00,0.0,27.343703750244863,83.70238939371782,0.9492983872668199,1.5012855248830292,4,3,5,0
2024-05-02 05:00:00,0.0,27.292642339300073,77.80170457502935,0.4646299629197622,9.266192271826776,5,3,5,0
2024-05-02 06:00:00,0.5567800156168278,28.077161263675332,83.6352623016902,0.4650211591472361,4.584905034374048,6,3,5,0
2024-05-02 07:00:00,0.8415817328211572,28.715700826352183,67.60000142704145,0.7945673153546797,9.758676688078951,7,3,5,0
2024-05-02 08:00:00,1.9701095212306587,31.008836954222133,72.25002833372349,0.34028676575905925,5.857159998327939,8,3,5,0
2024-05-02 09:00:00,1.8108050825409043,34.62402376840731,63.04646980526634,0.9485425651133953,3.94114355243567,9,3,5,0
2024-05-02 10:00:00,6.691963179654281,33.42666786421606,69.51901486162014,0.3529310442431316,8.777569712630719,10,3,5,0
2024-05-02 11:00:00,6.813289572950113,34.735482137724574,50.55438886177596,0.43887297494719957,0.479199468830227,11,3,5,0
2024-05-02 12:00:00,4.7813824635670255,36.111436257296184,59.20296013631706,0.8614779099748561,9.62069807766816,12,3,5,0
2024-05-02 13:00:00,8.753103235924028,37.7825689592049,56.84138754141764,0.2699328120972011,2.306498409152775,13,3,5,0
2024-05-02 14:00:00,5.726926543529293,35.50941315620176,54.07411390672626,0.5857271704718335,7.457994349103324,14,3,5,0
2024-05-02 15:00:00,5.568106536786458,34.834199017806725,55.962975945427246,0.6419924528277997,3.084001712786417,15,3,5,0
2024-05-02 16:00:00,2.922351091782442,35.75779576915938,58.64508571362555,0.3819380996016186,4.885606398059887,16,3,5,0
2024-05-02 17:00:00,1.2257049841991388,34.291658208040175,66.23382926632267,0.6483230626094307,6.7146788066052014,17,3,5,0
2024-05-02 18:00:00,0.4492085618708248,33.42463138048817,54.07623180384837,0.9967596659511682,4.33439779136367,18,3,5,0
2024-05-02 19:00:00,0.9175971125865579,31.591963207686558,61.861477449332675,0.10251026698409316,9.531370821830293,19,3,5,0
2024-05-02 20:00:00,0.0,31.349122276842326,59.8963956810482,0.058152187467913063,9.935896076763806,20,3,5,0
2024-05-02 21:00:00,0.0,30.694486721583047,77.57208539286822,0.3470889087783129,3.993232501944534,21,3,5,0
2024-05-02 22:00:00,0.0,28.591719927182027,78.68360984635117,0.6844356671664588,8.524448937832865,22,3,5,0
2024-05-02 23:00:00,0.0,26.751368297064673,85.48925140021267,0.9114877382618819,3.1017737788005553,23,3,5,0
2024-05-03 00:00:00,0.0,27.142778912457366,71.0509298122074,0.12694583867678388,2.820891861660242,0,4,5,0
2024-05-03 01:00:00,0.0,25.859276879541774,78.26286107243831,0.6466757787505323,7.9368827783385285,1,4,5,0
2024-05-03 02:00:00,0.0,26.844366936336808,65.56236992193371,0.6550962676327472,5.167301775032309,2,4,5,0
2024-05-03 03:00:00,0.0,26.625945194652143,81.19853757276502,0.19477909977746644,3.0295472943597535,3,4,5,0
2024-05-03 04:00:00,0.0,25.286052841959545,76.82646217316778,0.3246249110122742,0.31471162701508737,4,4,5,0
2024-05-03 05:00:00,0.0,27.682161147207623,79.59417610771413,0.180321686317503,2.7682283635759584,5,4,5,0
2024-05-03 06:00:00,0.999739550346856,28.879547412199223,75.07941469944187,0.05647528550960024,5.190955865002026,6,4,5,0
2024-05-03 07:00:00,1.0225989888096327,30.063520233820896,69.25743370340594,0.8681759351839822,7.805795579842703,7,4,5,0
2024-05-03 08:00:00,2.3419020140202362,32.15580963366682,71.37904623598422,0.43587879672142094,9.039645262544177,8,4,5,0
2024-05-03 09:00:00,3.6878725462977573,33.998479223638576,57.517179137429636,0.27694043925407796,1.7625723893748313,9,4,5,0
2024-05-03 10:00:00,3.3535656633883213,32.29525321359463,68.1499162130955,0.8278750455247734,8.005317495100606,10,4,5,0
2024-05-03 11:00:00,5.487343254256377,34.07702012010373,66.01137238356797,0.44847630848758224,2.2309241441163175,11,4,5,0
2024-05-03 12:00:00,3.3113509556101883,35.8119825025596,61.078094470783505,0.8412065605500425,0.6449892916410882,12,4,5,0
2024-05-03 13:00:00,9.293370472859449,35.25655349973898,58.994584799712875,0.09244616616294343,1.6148478326067495,13,4,5,0
2024-05-03 14:00:00,2.797819913023735,37.250717159807124,50.92013916512447,0.8620214733673166,1.1145556646104549,14,4,5,0
2024-05-03 15:00:00,3.3209100017778628,35.80660413529313,56.06749420829229,0.8229634329373614,4.915523149173286,15,4,5,0
2024-05-03 16:00:00,2.4807447244606498,36.31002781211872,51.960268361905214,0.6241109336012797,4.463352359421426,16,4,5,0
2024-05-03 17:00:00,1.7900839622870333,34.9286304515328,60.493821896474515,0.7389409880796497,3.2104254205996794,17,4,5,0
2024-05-03 18:00:00,1.8271559514562499,33.69852293677463,69.53045666661711,0.1745581309183637,8.424235060388026,18,4,5,0
2024-05-03 19:00:00,0.34182368264513685,32.6859347762442,65.00816055934142,0.7797336118144045,6.477027845130188,19,4,5,0
2024-05-03 20:00:00,0.0,30.558859973476853,65.13101423662708,0.3234170995295734,4.473632166670555,20,4,5,0
2024-05-03 21:00:00,0.0,29.310319432099625,79.64389456970605,0.6859602711309676,4.496385509592473,21,4,5,0
2024-05-03 22:00:00,0.0,27.736267465779292,75.54123040993264,0.012593246632471855,2.610316715674071,22,4,5,0
2024-05-03 23:00:00,0.0,27.502302049686918,78.84844154538727,0.5971859515410434,1.0878648482432252,23,4,5,0
2024-05-04 00:00:00,0.0,26.635248750741805,80.49106352148877,0.9844420559557284,9.740084628885205,0,5,5,1
2024-05-04 01:00:00,0.0,26.24699592217458,75.20021592095797,0.7121894554124119,0.7711950832441739,1,5,5,1
2024-05-04 02:00:00,0.0,26.46196854941094,83.53666107854035,0.15267030914960833,8.562034146714474,2,5,5,1
2024-05-04 03:00:00,0.0,27.742577887708567,69.48196803591436,0.5122020730429528,6.610150073784059,3,5,5,1
2024-05-04 04:00:00,0.0,28.676565790231503,69.67833342043359,0.5114072676992484,7.8304593853992435,4,5,5,1
2024-05-04 05:00:00,0.0,27.358518551069093,71.2355203328957,0.47790964267640246,7.577362088488004,5,5,5,1
2024-05-04 06:00:00,0.5598346901009353,30.035439016234147,67.4646021673898,0.6719662049108733,1.4873370097546845,6,5,5,1
2024-05-04 07:00:00,1.2938834002418158,30.893781684709282,70.23329650287263,0.42896416862987463,1.5139316681831838,7,5,5,1
2024-05-04 08:00:00,1.7020308851564057,29.721314443910703,74.05404000816253,0.43993696895628875,2.1447533181061185,8,5,5,1
2024-05-04 09:00:00,2.012517877814544,31.357414033410524,61.80946308673499,0.5299204480789078,7.230367663425029,9,5,5,1
2024-05-04 10:00:00,3.3945707869317494,32.5152669812216,60.4270412985234,0.8917475828116946,4.387030878797646,10,5,5,1
2024-05-04 11:00:00,7.952957008559421,33.06906416708001,58.11992670771615,0.26856893012310223,4.70161625731887,11,5,5,1
2024-05-04 12:00:00,5.504176047154811,35.15024331509427,48.85487850375909,0.6364861205171605,6.892627032907251,12,5,5,1
2024-05-04 13:00:00,8.750160254293114,37.67903284912361,60.19341618782058,0.27036775719277506,0.3017943066804729,13,5,5,1
2024-05-04 14:00:00,6.750228317930887,34.96322120285893,47.988896987456734,0.35580140508255165,9.557646745980122,14,5,5,1
2024-05-04 15:00:00,5.157949857681585,34.479221125383376,66.62595724927954,0.3342305714094319,3.90734604065335,15,5,5,1
2024-05-04 16:00:00,1.245759380060071,35.506027372956574,56.80503417807823,0.8770725256019728,6.731246214407181,16,5,5,1
2024-05-04 17:00:00,2.0077562117977705,35.22934796864764,57.18722973933028,0.35423260714374305,8.039135572311926,17,5,5,1
2024-05-04 18:00:00,0.9059014112150647,33.043593333230426,52.80232382423008,0.8911625735168022,3.1776914756385866,18,5,5,1
2024-05-04 19:00:00,0.3705554079329163,32.04844979223673,62.947137685585815,0.9761982071926492,5.2780592602210605,19,5,5,1
2024-05-04 20:00:00,0.0,31.345552140069266,68.60983127970403,0.30344358538952276,8.92066083108317,20,5,5,1
2024-05-04 21:00:00,0.0,28.158605245389666,71.60218143447108,0.9819009080689961,6.738788775202557,21,5,5,1
2024-05-04 22:00:00,0.0,28.398073009734233,71.82365843015918,0.916410881860128,8.02456618247712,22,5,5,1
2024-05-04 23:00:00,0.0,27.136439288883416,63.43905460359814,0.47974791128774186,2.336542149030435,23,5,5,1
2024-05-05 00:00:00,0.0,25.861059992080836,87.72230303332631,0.996613288574572,6.690136171281514,0,6,5,1
2024-05-05 01:00:00,0.0,26.43689301953871,72.99434282130963,0.6318700367200563,7.428519138437778,1,6,5,1
2024-05-05 02:00:00,0.0,24.30001938624537,81.03437196090954,0.4960161627742784,9.869662583804429,2,6,5,1
2024-05-05 03:00:00,0.0,26.416400383854644,73.9219770094684,0.5376450193500615,0.4259228752961064,3,6,5,1
2024-05-05 04:00:00,0.0,25.851048802220298,73.90593860271927,0.07474971114182172,3.2983272329387314,4,6,5,1
2024-05-05 05:00:00,0.0,29.169103367750278,70.3776739977307,0.3482708451121933,7.033393067588877,5,6,5,1
2024-05-05 06:00:00,0.6794481781039892,28.78909850595461,73.1040576207569,0.5433396879112884,9.466584101403559,6,6,5,1
2024-05-05 07:00:00,0.46516099650469206,30.69401400212117,62.70987827740129,0.9778820351295865,5.941796045463041,7,6,5,1
2024-05-05 08:00:00,0.8935717534146843,31.57087541944209,70.56975130492027,0.910573408544495,5.704578662074422,8,6,5,1
2024-05-05 09:00:00,2.9511120525802004,33.67534193447383,50.691079418901964,0.4225546349280651,3.7222852696693276,9,6,5,1
2024-05-05 10:00:00,7.986961632109612,33.99265788398266,61.100325298510285,0.15436495354292967,9.001184961474339,10,6,5,1
2024-05-05 11:00:00,4.57122095322338,34.01180663215975,47.85746776776898,0.43145201865193905,5.728578046341989,11,6,5,1
2024-05-05 12:00:00,6.186433381933834,33.87942227292242,63.35530888447168,0.2649402516229711,2.1056677387617473,12,6,5,1
2024-05-05 13:00:00,4.206005097840563,36.20198318958184,67.17340121817375,0.8196106258091054,3.3140363660237346,13,6,5,1
2024-05-05 14:00:00,7.280589843761144,34.867790844949255,59.24622979551438,0.13251719999354405,7.661571282939032,14,6,5,1
2024-05-05 15:00:00,3.423274177721887,34.91206291788956,60.48599811311293,0.8679452145476346,1.9578948047711364,15,6,5,1
2024-05-05 16:00:00,2.3888714372084863,33.751839183169025,64.09559376585875,0.5077561070911405,3.739501852930436,16,6,5,1
2024-05-05 17:00:00,3.2602947988197175,33.53884786001929,61.13692663891196,0.20180644656393787,4.774512033704507,17,6,5,1
2024-05-05 18:00:00,0.9562350851640201,32.56959719699136,59.11821367339457,0.6999040995335017,4.137757031234921,18,6,5,1
2024-05-05 19:00:00,0.43396842553518306,32.554178065027095,66.20580361800432,0.8868127797015003,8.02945019241005,19,6,5,1
2024-05-05 20:00:00,0.0,33.35696160443015,64.52602021388157,0.6828786907108321,2.9965836024521,20,6,5,1
2024-05-05 21:00:00,0.0,29.363019821904732,71.50821969233952,0.6032923530434855,0.49854550066231296,21,6,5,1
2024-05-05 22:00:00,0.0,29.10689543515048,70.08163104735335,0.5610352300766885,1.7245596748272218,22,6,5,1
2024-05-05 23:00:00,0.0,26.58111495068561,82.20226738620556,0.20604374943767556,6.007379438133662,23,6,5,1
2024-05-06 00:00:00,0.0,27.361094317444696,82.81921364942207,0.6900499385457665,2.314891474070645,0,0,5,0
2024-05-06 01:00:00,0.0,26.6927896241906,77.072573610466,0.6053315668468682,7.583597690992823,1,0,5,0
2024-05-06 02:00:00,0.0,27.611258960999283,83.54431299910792,0.7435231393940634,8.424089081660227,2,0,5,0
2024-05-06 03:00:00,0.0,26.447063279621336,72.9416770453148,0.7881128900167648,2.2411580714284716,3,0,5,0
2024-05-06 04:00:00,0.0,25.89964415990516,75.7329587372071,0.056265096964502215,8.019301372562008,4,0,5,0
2024-05-06 05:00:00,0.0,28.002625515167928,69.48056449385567,0.43620558093351325,6.565679817850153,5,0,5,0
2024-05-06 06:00:00,0.6136228709551496,27.728699935797746,83.77150330283217,0.41055654966795174,5.987086802582198,6,0,5,0
2024-05-06 07:00:00,0.8799242243086918,28.18150236145867,71.73319681106929,0.7432012216676965,6.107620101868689,7,0,5,0
2024-05-06 08:00:00,2.561083587794668,30.538946990646465,69.31460184376749,0.0621118829081867,3.3410675175847904,8,0,5,0
2024-05-06 09:00:00,3.736194903958194,30.710915959454272,69.74165246459495,0.4206029919019302,3.334090169532946,9,0,5,0
2024-05-06 10:00:00,2.63497496414305,34.37059698137402,62.034364253163375,0.9945803989587962,6.52455204686887,10,0,5,0
2024-05-06 11:00:00,3.3974508684338542,33.611159468193954,49.98366076752407,0.9038649744099336,4.627237171799282,11,0,5,0
2024-05-06 12:00:00,6.652095737412895,36.675029368288506,53.00922500329635,0.17242866361716758,2.507312482774171,12,0,5,0
2024-05-06 13:00:00,9.080537025135426,36.45850129563869,56.374255314885666,0.08002469244405208,9.3802170872238,13,0,5,0
2024-05-06 14:00:00,6.0491872590886615,34.96830000663481,57.736666419355885,0.015336989104089871,3.942631456669652,14,0,5,0
2024-05-06 15:00:00,3.6842608365780762,35.27415528323087,63.47577248204814,0.9074306718524076,9.277081855674918,15,0,5,0
2024-05-06 16:00:00,1.5662293652064045,36.51779266946427,67.95759442984505,0.9383561321496312,0.04735831586182626,16,0,5,0
2024-05-06 17:00:00,3.220747988144384,32.120591482664935,63.43672369058368,0.16433899694194953,7.543397771488531,17,0,5,0
2024-05-06 18:00:00,1.1662994616652738,33.10164156841018,69.20215520414293,0.6710238504483087,6.256843512800002,18,0,5,0
2024-05-06 19:00:00,0.5795206966513649,32.919056282217085,68.84099169580108,0.5137073287875735,2.271388876711069,19,0,5,0
2024-05-06 20:00:00,0.0,31.7309666888117,68.37419204620981,0.2519563464142358,3.0784059145769813,20,0,5,0
2024-05-06 21:00:00,0.0,29.995561719178877,71.69909210215792,0.015911409487168293,2.1986116358376884,21,0,5,0
2024-05-06 22:00:00,0.0,28.21472033823078,70.7574056912404,0.3299900668092516,0.10879714945419172,22,0,5,0
2024-05-06 23:00:00,0.0,27.552648821268548,71.14858858283856,0.06309210407251953,0.41200865517952656,23,0,5,0
2024-05-07 00:00:00,0.0,27.23537350934527,71.96467214739909,0.1814806656707384,6.298571102654893,0,1,5,0
2024-05-07 01:00:00,0.0,28.194922172878496,74.11793289519906,0.5759337437918916,8.993759624582701,1,1,5,0
2024-05-07 02:00:00,0.0,25.431045465077837,74.38090128741676,0.05950650742614483,5.428374849444636,2,1,5,0
2024-05-07 03:00:00,0.0,25.97502657742136,75.46975122317362,0.44064372291547815,5.714129380350903,3,1,5,0
2024-05-07 04:00:00,0.0,25.671314305927545,82.62131142035811,0.07939021795653423,9.756502443617519,4,1,5,0
2024-05-07 05:00:00,0.0,26.74666666830425,75.32299014834719,0.2429854025313506,2.4011653701721416,5,1,5,0
2024-05-07 06:00:00,0.46654904140813946,28.39387819834453,67.75947583217133,0.7266088286534247,0.8413398543896444,6,1,5,0
2024-05-07 07:00:00,1.6769610252666178,32.86279049002679,71.69969909405012,0.48058091453330587,2.7399613446902005,7,1,5,0
2024-05-07 08:00:00,1.0356291172529284,31.922367432255406,67.36899653216146,0.7354787042822456,9.455901834293607,8,1,5,0
2024-05-07 09:00:00,3.5927485684293434,29.666285182411695,71.47880332348066,0.08210836949124811,1.109633609744044,9,1,5,0
2024-05-07 10:00:00,4.490088090041407,32.92071677019124,56.213796886539455,0.4573090902057829,8.355902218967515,10,1,5,0
2024-05-07 11:00:00,7.043887397438218,35.09435804241961,67.78007954199276,0.24124922329721799,0.4666396714050003,11,1,5,0
2024-05-07 12:00:00,4.032263788216376,34.217214910867014,64.95956601734467,0.9288415130850401,6.369801840759628,12,1,5,0
2024-05-07 13:00:00,6.541657486243661,34.93636810065709,57.208779385764416,0.359546353641637,2.8118486896838,13,1,5,0
2024-05-07 14:00:00,5.872457675324981,36.09115033186184,58.71520779713917,0.08891275784287589,3.6809417188878255,14,1,5,0
2024-05-07 15:00:00,9.431896146362467,35.932891779673454,67.77454616001654,0.10365735635091011,5.628035408351942,15,1,5,0
2024-05-07 16:00:00,4.194127807451165,34.413369303808615,59.143040496900596,0.16997339359975427,7.4784308783785,16,1,5,0
2024-05-07 17:00:00,1.4482789315755,34.55143716118292,50.377586999734035,0.7112913827210697,3.6613077852126894,17,1,5,0
2024-05-07 18:00:00,1.4580356866130608,33.328667069210056,52.864707430721154,0.4854158224834839,9.945764916193596,18,1,5,0
2024-05-07 19:00:00,0.4646115818099313,30.48214066730179,57.49746857252161,0.8971310791492463,9.604784444177014,19,1,5,0
2024-05-07 20:00:00,0.0,30.796247499169393,70.13603904884476,0.31452380449161177,7.076169283401574,20,1,5,0
2024-05-07 21:00:00,0.0,29.51982392251978,65.92374275488842,0.92875656560986,5.1967204930146025,21,1,5,0
2024-05-07 22:00:00,0.0,29.85270143085679,74.28812146186826,0.13729965220464535,4.764032339554048,22,1,5,0
2024-05-07 23:00:00,0.0,27.82572135012564,71.15161207465444,0.8378830537458144,3.832443022126438,23,1,5,0
2024-05-08 00:00:00,0.0,25.763529644694106,78.52810978512069,0.7710457915566933,9.25645218579186,0,2,5,0
2024-05-08 01:00:00,0.0,26.315470409795292,77.19617472656847,0.810676167374047,1.2980306659566587,1,2,5,0
2024-05-08 02:00:00,0.0,26.374114208263816,68.25239494127635,0.7792838880577041,4.376881877360807,2,2,5,0
2024-05-08 03:00:00,0.0,26.552879266684275,77.20992796264194,0.3330111959680677,2.1844176915771483,3,2,5,0
2024-05-08 04:00:00,0.0,27.351658884278763,69.63628784625254,0.4293950887646838,7.7954165036817935,4,2,5,0
2024-05-08 05:00:00,0.0,26.877511464818273,77.78080449463238,0.70301903985179,6.080097581977992,5,2,5,0
2024-05-08 06:00:00,1.150880244382792,29.94547231759691,71.69415889631148,0.04702130989751485,9.67277538952872,6,2,5,0
2024-05-08 07:00:00,0.9017896613466662,30.154743485929735,69.31017186021288,0.8710408710531921,4.5217422170837995,7,2,5,0
2024-05-08 08:00:00,1.9202791910993562,29.247342423198376,60.64166080742518,0.6954140570029262,7.314576553048539,8,2,5,0
2024-05-08 09:00:00,1.7325585185986205,31.61166993699228,65.45365793125269,0.6788188091367326,9.197923117486894,9,2,5,0
2024-05-08 10:00:00,3.729873272396161,34.7342756285684,62.18999324837539,0.7461618153247999,2.3264792557040614,10,2,5,0
2024-05-08 11:00:00,5.528688697614862,36.13837002032778,60.104013348485914,0.38579218631253354,6.009529784683715,11,2,5,0
2024-05-08 12:00:00,4.3915702762099125,34.11468712557388,64.4413272808094,0.7522846842346675,9.092969023616554,12,2,5,0
2024-05-08 13:00:00,8.237170508910094,37.07472768139632,53.2249012898947,0.2696489196819466,8.168466718176248,13,2,5,0
2024-05-08 14:00:00,4.818827945837222,34.64945583659241,59.95416174700149,0.701425952917093,6.323663097129149,14,2,5,0
2024-05-08 15:00:00,4.059826507588891,33.03183306308345,71.16060575835213,0.5076590555566708,9.981294192233108,15,2,5,0
2024-05-08 16:00:00,1.4306265681122692,36.57199398153096,60.158170380659485,0.7503778785647481,9.316643951924876,16,2,5,0
2024-05-08 17:00:00,2.992026311732519,34.49960910357293,69.00066184159017,0.15417321806659934,8.139483383807807,17,2,5,0
2024-05-08 18:00:00,0.7667074476601405,33.1338146104446,65.50528166510463,0.864635149611366,6.621165711074012,18,2,5,0
2024-05-08 19:00:00,0.7087901806822998,32.2035211902337,61.492830036481344,3.91215596672323e-05,5.57320201938211,19,2,5,0
2024-05-08 20:00:00,0.0,31.70787678109114,73.61256954748252,0.5126595736627318,3.7631652266388538,20,2,5,0
2024-05-08 21:00:00,0.0,30.63048657323732,76.59237165328146,0.5172212599656375,9.832604998186778,21,2,5,0
2024-05-08 22:00:00,0.0,27.362329924413043,70.72337898326191,0.3021631187104177,8.404856941895982,22,2,5,0
2024-05-08 23:00:00,0.0,26.975286007489945,72.49220155113507,0.6795055823893593,6.563589523955277,23,2,5,0
2024-05-09 00:00:00,0.0,26.362304770804293,76.76949120436602,0.4758637927656144,8.332280400110832,0,3,5,0
2024-05-09 01:00:00,0.0,24.750738276666436,75.30607495806713,0.35152469689699317,2.812863577418927,1,3,5,0
2024-05-09 02:00:00,0.0,25.700105732163923,85.04008127593843,0.1890570128658009,6.958738799873969,2,3,5,0
2024-05-09 03:00:00,0.0,24.817667109453566,83.3721747823824,0.596866255909882,7.942545013116728,3,3,5,0
2024-05-09 04:00:00,0.0,27.58888970404607,72.53085435916296,0.06480606938327527,0.37048041761066464,4,3,5,0
2024-05-09 05:00:00,0.0,25.546455098936647,88.75800072513324,0.791028330505084,3.1106162757592246,5,3,5,0
2024-05-09 06:00:00,0.4104667612969813,27.376540386855407,70.50346673533295,0.781259385982288,1.1663860971130269,6,3,5,0
2024-05-09 07:00:00,1.7031602436945064,29.13522552233319,77.98432221550667,0.3691799281677556,5.347630675065449,7,3,5,0
2024-05-09 08:00:00,1.5229065912482236,31.260505561026264,69.43880916485688,0.41920321058074494,5.131944385697126,8,3,5,0
2024-05-09 09:00:00,2.255062861570012,30.822973672899558,72.09582184863248,0.45056943889403944,7.953715650437246,9,3,5,0
2024-05-09 10:00:00,6.18511107718587,33.88408819409494,64.82709733547853,0.4696965898691625,4.210118721673765,10,3,5,0
2024-05-09 11:00:00,3.820941184946028,33.734344159779326,73.78886184807156,0.7840118978058654,5.224531024303493,11,3,5,0
2024-05-09 12:00:00,4.158703425021637,34.58519392861795,65.69083135272851,0.9163624573477261,8.44083281277547,12,3,5,0
2024-05-09 13:00:00,4.765740493955916,33.71793834627735,61.539788167630434,0.8117407184806222,2.1907936600788025,13,3,5,0
2024-05-09 14:00:00,7.352122644586236,36.722998375049684,56.26467630614776,0.018757684034508504,6.765514404885443,14,3,5,0
2024-05-09 15:00:00,3.9556572013006264,36.68646240634741,50.98374394671532,0.6140408902887943,5.088863484203221,15,3,5,0
2024-05-09 16:00:00,1.2201729136715587,34.4502793138661,63.35365323759994,0.8684179317635616,7.104634897799683,16,3,5,0
2024-05-09 17:00:00,2.090091117270997,34.399249616346,64.53976213554606,0.2502863727103385,1.246611777591592,17,3,5,0
2024-05-09 18:00:00,1.9759571658714212,32.45213205280249,64.20824526564549,0.20711985285659318,2.6200185370136877,18,3,5,0
2024-05-09 19:00:00,0.6766045787858499,32.19984024417508,64.88452725678488,0.4240205779554791,2.7659569078252644,19,3,5,0
2024-05-09 20:00:00,0.0,30.986373999147574,71.60694717180905,0.5101645341568671,1.3834198970377376,20,3,5,0
2024-05-09 21:00:00,0.0,30.20372054581682,67.36628615725965,0.7877075890417143,3.6506023906004694,21,3,5,0
2024-05-09 22:00:00,0.0,28.991627300570773,73.37550509158224,0.09442851980991718,3.7182621069690267,22,3,5,0
2024-05-09 23:00:00,0.0,26.56361811949701,76.38305017624094,0.8366449994084928,4.633891143965258,23,3,5,0
2024-05-10 00:00:00,0.0,26.612981153780524,70.68701988548418,0.456345205913696,6.87652828415837,0,4,5,0
2024-05-10 01:00:00,0.0,26.425626721876835,79.32961585677751,0.5889059253440428,9.354267642984542,1,4,5,0
2024-05-10 02:00:00,0.0,26.736576262703792,78.41310582580354,0.5225935316171697,9.488584478866484,2,4,5,0
2024-05-10 03:00:00,0.0,25.293286907793483,80.82316801290024,0.5524899786030306,8.974586303550376,3,4,5,0
2024-05-10 04:00:00,0.0,26.635724244616206,72.8451612789791,0.9147502502865537,3.4396598220477403,4,4,5,0
2024-05-10 05:00:00,0.0,28.84582633134696,63.89749667676972,0.20181497959519856,7.8484305342246365,5,4,5,0
2024-05-10 06:00:00,0.3478079604204612,29.654527280571006,66.20632575807907,0.7775260428799065,9.226905872518268,6,4,5,0
2024-05-10 07:00:00,1.0190873688867013,30.186337859081423,71.15906962378111,0.4399063689797935,0.5471678136740821,7,4,5,0
2024-05-10 08:00:00,2.3507952716339946,30.65443584412237,67.83928398114335,0.22457495668461736,4.90004553487865,8,4,5,0
2024-05-10 09:00:00,2.49267900380362,32.23312334052884,64.42569337129552,0.2542809975558865,2.8275475979309217,9,4,5,0
2024-05-10 10:00:00,4.034604397561687,34.77318164187129,68.72386092717436,0.7097778224408791,8.559263418297734,10,4,5,0
2024-05-10 11:00:00,5.886383429742068,34.3141665875719,53.36146694229859,0.30713953534471483,6.958662476754051,11,4,5,0
2024-05-10 12:00:00,3.9702765531324906,34.7509520041957,53.740900967662924,0.8433536546517615,7.358930471455286,12,4,5,0
2024-05-10 13:00:00,6.69839407545439,35.96810495282202,59.61668631949917,0.5263225683364586,0.6293155014458662,13,4,5,0
2024-05-10 14:00:00,7.161182261173738,33.75433986613719,57.579796430521874,0.14833019070681863,7.9998996410455785,14,4,5,0
2024-05-10 15:00:00,2.366262172962307,34.96639821345443,57.472127447333264,0.9914337469945753,7.385932281854943,15,4,5,0
2024-05-10 16:00:00,2.953366452016724,36.51427384778253,57.00160508300461,0.021076784244078883,1.8747549194760005,16,4,5,0
2024-05-10 17:00:00,2.834307457820548,33.76961830459309,65.05956844569405,0.2945937607372382,8.280598346175061,17,4,5,0
2024-05-10 18:00:00,1.5161131066969258,33.06648003148529,58.888330342543554,0.18762675927254246,4.025789527928733,18,4,5,0
2024-05-10 19:00:00,0.42631985467830835,32.11679653086336,66.28386605243891,0.6786924047931733,4.551564534978403,19,4,5,0
2024-05-10 20:00:00,0.0,31.121282642180084,65.30316420495186,0.4337924113380611,9.185784024139581,20,4,5,0
2024-05-10 21:00:00,0.0,31.273909068737527,67.36545597247492,0.6965458927416374,0.703312109353158,21,4,5,0
2024-05-10 22:00:00,0.0,29.305114707086727,71.2476954244381,0.5584818765709583,1.7807009389876083,22,4,5,0
2024-05-10 23:00:00,0.0,27.7593576291762,79.56305271580409,0.5483979400036968,5.090256641255797,23,4,5,0
2024-05-11 00:00:00,0.0,26.874865687037524,66.78993399587031,0.6541752608293911,9.142526194943153,0,5,5,1
2024-05-11 01:00:00,0.0,24.96900939633334,82.20127854406097,0.8446496313476342,7.2070518567114235,1,5,5,1
2024-05-11 02:00:00,0.0,26.86872184691326,85.80081646622433,0.6231024847377146,0.5542724214952366,2,5,5,1
2024-05-11 03:00:00,0.0,27.354290741238387,75.65884233397882,0.40368967810872036,2.0261166069128045,3,5,5,1
2024-05-11 04:00:00,0.0,27.882158186372532,66.42025253143088,0.15701679694565518,5.122475964802207,4,5,5,1
2024-05-11 05:00:00,0.0,29.86505788577342,61.686114799256615,0.1430080290770075,9.464937636979263,5,5,5,1
2024-05-11 06:00:00,0.5484888637629951,27.92584269901009,68.00282694293205,0.5293065619078693,0.6895141120472514,6,5,5,1
2024-05-11 07:00:00,1.2400394851703507,29.664951552521867,67.38908256138609,0.6152142593109456,9.534488886972571,7,5,5,1
2024-05-11 08:00:00,0.9873595373502166,31.8999427543347,70.56127351532302,0.896677386725524,8.172753061226395,8,5,5,1
2024-05-11 09:00:00,3.388010725652754,31.5901275420884,66.08409824191294,0.2841539791442138,9.910219033150634,9,5,5,1
2024-05-11 10:00:00,4.418653135958682,33.75529687567018,63.91696862110858,0.6696517170377386,0.16036186553080034,10,5,5,1
2024-05-11 11:00:00,5.087498948699247,35.72531122870464,58.436421510939724,0.43306247398835274,0.005326164659739119,11,5,5,1
2024-05-11 12:00:00,3.796472441171476,35.4527064287825,62.770486802068525,0.6474694462637631,9.737599868171914,12,5,5,1
2024-05-11 13:00:00,8.910001397879668,35.8829525759653,59.367384169070526,0.0478831796039193,2.2978479688320217,13,5,5,1
2024-05-11 14:00:00,6.510822016757312,36.43141625373451,55.96073902104327,0.3024660099877031,7.285530688740146,14,5,5,1
2024-05-11 15:00:00,2.4909881713849726,36.234288658704045,59.08505311228843,0.985277930614082,9.131880885993821,15,5,5,1
2024-05-11 16:00:00,1.2741874657287522,34.988781184019246,65.20487839310871,0.9382609462834338,9.801248701588694,16,5,5,1
2024-05-11 17:00:00,0.9537021701195776,31.959966668069086,61.31942090520893,0.9773329751502216,9.906921677525048,17,5,5,1
2024-05-11 18:00:00,1.9696383905115737,34.571803587698106,63.16073029588983,0.25215152939361785,6.736236445355706,18,5,5,1
2024-05-11 19:00:00,0.7532159984809236,32.262010908144696,61.576532289665074,0.3304760811154933,6.7930400388861925,19,5,5,1
2024-05-11 20:00:00,0.0,31.092239205964933,74.53953587551797,0.9118415398199999,5.567632890753435,20,5,5,1
2024-05-11 21:00:00,0.0,28.589905391110328,67.85655171993051,0.6463111431252219,5.466423616346617,21,5,5,1
2024-05-11 22:00:00,0.0,27.40030539693737,73.09019129797501,0.09748441243829797,3.8272310770511133,22,5,5,1
2024-05-11 23:00:00,0.0,27.09816401751144,77.22237366213402,0.4236433918632362,9.164110680563255,23,5,5,1
2024-05-12 00:00:00,0.0,27.43109623829303,74.26558039313404,0.3380953954228061,8.111912995102692,0,6,5,1
2024-05-12 01:00:00,0.0,27.3598978815956,81.61901204180765,0.5834136738936053,7.911338564511736,1,6,5,1
2024-05-12 02:00:00,0.0,27.33683919120202,83.11205138783674,0.14938320633621927,2.7047361072529297,2,6,5,1
2024-05-12 03:00:00,0.0,27.098031144884732,70.36928111519289,0.10066975167266601,3.557133149233429,3,6,5,1
2024-05-12 04:00:00,0.0,26.063977336857413,74.02960489241819,0.3636088026603306,1.158935990735691,4,6,5,1
2024-05-12 05:00:00,0.0,29.101412111093587,77.70586476636515,0.7472032932336967,5.807378096483042,5,6,5,1
2024-05-12 06:00:00,0.6597704875057063,29.891786979609076,74.28794351546492,0.6032363074089137,8.008154754426712,6,6,5,1
2024-05-12 07:00:00,1.0792573296621613,28.88477551543555,76.58883103581256,0.6712067430362305,2.6082123864630438,7,6,5,1
2024-05-12 08:00:00,2.560681405163928,30.06293988269529,70.34303204541324,0.47414298253664056,4.462629565478452,8,6,5,1
2024-05-12 09:00:00,1.9640954287187524,33.066124665305516,62.55548814385133,0.7126933374071606,0.5315135345146205,9,6,5,1
2024-05-12 10:00:00,5.174627263995412,33.22191691053363,58.452971871704484,0.4649880432422777,3.811355809589604,10,6,5,1
2024-05-12 11:00:00,4.989392477283754,32.01442214768875,69.47533065692494,0.2805841648512314,1.2649067393268787,11,6,5,1
2024-05-12 12:00:00,2.949727218355131,34.87792928486854,55.73287948446792,0.9626252836197101,8.681220832175589,12,6,5,1
2024-05-12 13:00:00,7.307668235745876,35.41681856538306,56.382474739657845,0.02868194008824032,3.330264414737447,13,6,5,1
2024-05-12 14:00:00,6.0872641410676245,34.98803342525077,59.336586403074655,0.5375636976776758,8.667609497813094,14,6,5,1
2024-05-12 15:00:00,6.376691856302384,36.10065719886171,62.41705772719648,0.07229448831557517,3.9347805490300547,15,6,5,1
2024-05-12 16:00:00,3.3309198271337404,36.102383832113055,57.3368381347339,0.4252123258794265,0.9673369344102067,16,6,5,1
2024-05-12 17:00:00,0.8167071651571625,33.28769888743128,57.009877450101335,0.8834173956521713,7.094282884086274,17,6,5,1
2024-05-12 18:00:00,0.7584543645903526,34.8837665972503,63.344163103776275,0.9362739317618187,3.224345994334322,18,6,5,1
2024-05-12 19:00:00,0.7677525021190241,32.7757728799771,70.70899381245766,0.34058212081980466,9.7516044469817,19,6,5,1
2024-05-12 20:00:00,0.0,30.360153411101642,81.16126317236943,0.9911170312209143,8.599155556721797,20,6,5,1
2024-05-12 21:00:00,0.0,31.262127898594585,69.88700063644785,0.6512654132067526,4.412217997922287,21,6,5,1
2024-05-12 22:00:00,0.0,28.501096397688777,74.70622697258278,0.35561770715335983,1.442084181185923,22,6,5,1
2024-05-12 23:00:00,0.0,28.104403627347732,79.25464327134802,0.8580776733619367,1.4098505254437543,23,6,5,1
2024-05-13 00:00:00,0.0,28.09893149656176,72.5988992551285,0.3994638247098996,6.210250720149151,0,0,5,0
2024-05-13 01:00:00,0.0,26.317233518008745,86.24219053613137,0.7483992549659112,4.661889900695298,1,0,5,0
2024-05-13 02:00:00,0.0,25.055629820146955,78.15495440776954,0.6618840556562398,8.03984846209395,2,0,5,0
2024-05-13 03:00:00,0.0,26.35431409821414,78.17508081555955,0.720649586518787,4.5055745111360626,3,0,5,0
2024-05-13 04:00:00,0.0,27.869175027618663,63.86460883740797,0.2460792235699223,5.452469335299045,4,0,5,0
2024-05-13 05:00:00,0.0,27.04797898257826,80.41779836310434,0.04755559322418601,2.108231121127565,5,0,5,0
2024-05-13 06:00:00,0.8940224128338075,28.09547817995397,66.40811647896884,0.2270410625463153,1.6229826811207793,6,0,5,0
2024-05-13 07:00:00,0.5303744724510948,30.57263232066026,74.12815054803573,0.9762548079840602,8.967863230083678,7,0,5,0
2024-05-13 08:00:00,1.7262352691507272,30.47459659736242,71.1751711469498,0.683659852783306,9.584761481549636,8,0,5,0
2024-05-13 09:00:00,1.8105253731737836,30.98825643995248,73.23406284910897,0.5996520815655073,8.948118602837571,9,0,5,0
2024-05-13 10:00:00,3.942748439746855,32.934554961193825,55.39331757387097,0.7312890956602557,9.321846290317978,10,0,5,0
2024-05-13 11:00:00,6.6665101128164395,34.02970641583571,62.48550479534901,0.5011801211960268,7.717944750421318,11,0,5,0
2024-05-13 12:00:00,4.796881847307442,35.189493330335374,58.05790832674299,0.7838206086598811,5.847279532538287,12,0,5,0
2024-05-13 13:00:00,5.253262530740671,37.03944324854759,53.77234393580616,0.6375861608359767,4.449754581213038,13,0,5,0
2024-05-13 14:00:00,2.27679902787733,37.07687958042275,57.36587620407304,0.9647513244960737,8.034850388296773,14,0,5,0
2024-05-13 15:00:00,3.1596755996369126,34.39412389258486,51.83408434710523,0.7253712305811084,5.215204766290987,15,0,5,0
2024-05-13 16:00:00,1.5533182428695562,33.710485042458,53.996387285686986,0.8722930452216185,2.3117419731138886,16,0,5,0
2024-05-13 17:00:00,3.25264236975133,35.74091250437738,50.46826280440795,0.15300945155154488,2.909463693245854,17,0,5,0
2024-05-13 18:00:00,0.8100977529920315,34.122192367046544,58.04427623186306,0.9102622287843989,0.9996188488722824,18,0,5,0
2024-05-13 19:00:00,0.7613904426040462,31.51767491185885,65.66004367584668,0.33981643136147555,8.120596873219355,19,0,5,0
2024-05-13 20:00:00,0.0,30.159968738640167,64.87869500820523,0.6698153893675716,8.561731864990742,20,0,5,0
2024-05-13 21:00:00,0.0,28.633547230046684,66.62090801276337,0.3870807017231096,6.832155788608793,21,0,5,0
2024-05-13 22:00:00,0.0,28.168609442637383,71.06805430170789,0.9879111207983695,7.501751300391495,22,0,5,0
2024-05-13 23:00:00,0.0,26.35447721314455,79.44703183131448,0.9321437931655863,8.316150035017401,23,0,5,0
2024-05-14 00:00:00,0.0,26.023595605007394,78.39860226086981,0.10540560390939968,5.123706480342049,0,1,5,0
2024-05-14 01:00:00,0.0,24.929411977437127,78.2465072983182,0.7709018565962978,5.568348256171127,1,1,5,0
2024-05-14 02:00:00,0.0,24.88424213875712,86.06334685923935,0.8109982489851871,8.742437032686148,2,1,5,0
2024-05-14 03:00:00,0.0,26.024780309592416,81.77116807132803,0.09585287541721799,8.771918573396976,3,1,5,0
2024-05-14 04:00:00,0.0,26.167279698000655,79.71320523246148,0.5075735220070872,6.789483526913347,4,1,5,0
2024-05-14 05:00:00,0.0,26.985906680430187,74.79244779054257,0.3574421991084977,3.4955734753657386,5,1,5,0
2024-05-14 06:00:00,0.3305231531060095,26.181873265752337,74.19862417120648,0.9591378056163278,6.2667110485263136,6,1,5,0
2024-05-14 07:00:00,1.6768498386320854,27.92721148967965,84.49025292793085,0.2618866365246575,9.895395357067265,7,1,5,0
2024-05-14 08:00:00,0.7237718669546541,29.588870225119056,77.38430910842524,0.9755253629721595,8.040897168862701,8,1,5,0
2024-05-14 09:00:00,1.9202433634698226,31.870990075185485,69.56637638935455,0.7473778908094459,9.397077122654421,9,1,5,0
2024-05-14 10:00:00,7.194815812252442,34.480838299449196,62.75124824389787,0.4463333280127346,7.067902812956342,10,1,5,0
2024-05-14 11:00:00,3.078493548159998,35.854118422113935,61.30040845883225,0.9178688209088939,2.8823767435228187,11,1,5,0
2024-05-14 12:00:00,4.687457623535179,34.43797671621818,65.25439190264929,0.758469951565752,0.7518937490297206,12,1,5,0
2024-05-14 13:00:00,10.510694241010643,36.77324267421547,58.643901160217595,0.024545768781708555,0.8939333535151739,13,1,5,0
2024-05-14 14:00:00,8.797991093258396,34.13287154814896,66.17869378158636,0.04077907390767921,2.6070039897781774,14,1,5,0
2024-05-14 15:00:00,4.409349202162166,35.37745715400135,59.98756135458052,0.7107641880595081,9.35044007924935,15,1,5,0
2024-05-14 16:00:00,0.9278019613745063,35.25999390758367,47.47002357700831,0.9993768837287683,6.978523670786412,16,1,5,0
2024-05-14 17:00:00,2.266611108885121,36.26201713456807,50.54389592487288,0.4612315214154402,9.249680437246209,17,1,5,0
2024-05-14 18:00:00,1.6624423524103753,33.95985846947125,72.02477156297788,0.5261957686953728,5.604288068272161,18,1,5,0
2024-05-14 19:00:00,0.5149416364003561,32.710025934017914,62.81065770631459,0.7801376623570193,4.417845138049557,19,1,5,0
2024-05-14 20:00:00,0.0,30.56050432562264,63.577104441082675,0.33436772768067136,7.775602109174754,20,1,5,0
2024-05-14 21:00:00,0.0,29.680647614933584,74.05968396859994,0.4987918533814355,2.8838159967721246,21,1,5,0
2024-05-14 22:00:00,0.0,26.606888701094427,76.09863352095891,0.7550098227283389,3.2248565573703303,22,1,5,0
2024-05-14 23:00:00,0.0,27.218631213761707,72.03071757355559,0.7134278528100404,0.46433082308413254,23,1,5,0
2024-05-15 00:00:00,0.0,25.956475609367235,78.42216999222877,0.29386473900413845,9.736712630230228,0,2,5,0
2024-05-15 01:00:00,0.0,26.957082102838797,78.08196878563353,0.6006126078247535,2.7865228969915803,1,2,5,0
2024-05-15 02:00:00,0.0,25.348390594575044,88.84846838247142,0.5428459323748682,7.909264234709382,2,2,5,0
2024-05-15 03:00:00,0.0,26.209988760711294,76.49351937405727,0.38202170587677164,6.284755627706707,3,2,5,0
2024-05-15 04:00:00,0.0,27.350899902671575,76.70547270687203,0.8293470864769431,0.6944971065714123,4,2,5,0
2024-05-15 05:00:00,0.0,29.32910314719506,71.65318585922985,0.2622453091890551,5.8607942212754525,5,2,5,0
2024-05-15 06:00:00,0.29464173990821163,30.41028816892776,65.1685236301474,0.835355674048853,4.842043243348373,6,2,5,0
2024-05-15 07:00:00,1.330327077716217,29.68712960243489,61.56114214833638,0.20212102774985952,0.4651587319716599,7,2,5,0
2024-05-15 08:00:00,1.1151689581112816,30.983800650905682,70.36009545559662,0.9577454350825179,3.75183308503235,8,2,5,0
2024-05-15 09:00:00,1.9507521019701732,33.43929148020436,60.05710175220252,0.8164973402773023,1.1159555189895354,9,2,5,0
2024-05-15 10:00:00,6.929507193690572,32.96070367455025,67.6996862305132,0.17933738913490593,0.45615849443207623,10,2,5,0
2024-05-15 11:00:00,5.269066866629287,35.48543923682297,54.647751751631816,0.3314576597730442,6.343404379489109,11,2,5,0
2024-05-15 12:00:00,6.739725784861495,36.21241567852382,52.61322411118732,0.3144907080763658,1.7518802836557124,12,2,5,0
2024-05-15 13:00:00,3.9773929643871777,35.1375723458707,59.16424396781639,0.891501619004313,0.5186317050720823,13,2,5,0
2024-05-15 14:00:00,4.188339402676745,35.76197971196605,56.7342052315,0.7299610943388639,0.3211577823433631,14,2,5,0
2024-05-15 15:00:00,6.970248740232013,36.420990054263704,54.42398282176816,0.46810838700450697,8.76447612398446,15,2,5,0
2024-05-15 16:00:00,3.3120304447094373,36.2090554322298,54.190590355144614,0.06148645149359533,6.434177965684901,16,2,5,0
2024-05-15 17:00:00,2.448229816893022,34.581105208982834,61.448475986468644,0.11774010508799093,6.185402718874618,17,2,5,0
2024-05-15 18:00:00,1.1689177246253954,31.49410252801724,61.15353959845616,0.5008373606102828,8.869915411801378,18,2,5,0
2024-05-15 19:00:00,1.1061124619714946,34.31845989027654,62.674851799799015,0.012666065368333035,4.576981985019791,19,2,5,0
2024-05-15 20:00:00,0.0,30.60215346339033,70.94129848496941,0.8387197200340505,4.09083861630065,20,2,5,0
2024-05-15 21:00:00,0.0,27.63343505958601,71.99788466802713,0.3145822707531283,6.966925103231167,21,2,5,0
2024-05-15 22:00:00,0.0,28.47530222545136,75.7437499104682,0.95471361259289,7.1343930590328695,22,2,5,0
2024-05-15 23:00:00,0.0,26.22372066374368,73.64440627651717,0.489480322029207,0.312435984995878,23,2,5,0
2024-05-16 00:00:00,0.0,26.44473832111369,78.83168662663562,0.33937501760567357,9.255080202219677,0,3,5,0
2024-05-16 01:00:00,0.0,25.539838274658614,80.23372944191476,0.3983908060057795,4.311026907713731,1,3,5,0
2024-05-16 02:00:00,0.0,24.31747217325768,71.29321854565646,0.39903355642483695,3.5063913611621187,2,3,5,0
2024-05-16 03:00:00,0.0,26.232022492292778,77.27918850315665,0.4957725094342553,1.3894133406905151,3,3,5,0
2024-05-16 04:00:00,0.0,25.41856907994675,80.33804212652227,0.36140483833685666,5.945031234140751,4,3,5,0
2024-05-16 05:00:00,0.0,27.187716733162606,72.83902487337438,0.9585492837814448,3.4043933818103755,5,3,5,0
2024-05-16 06:00:00,0.6236472893702752,27.346063463024148,79.95402176507291,0.6210500264606438,7.880402449443192,6,3,5,0
2024-05-16 07:00:00,0.583426569662167,28.96804161284489,81.91949361146693,0.9209979141536176,9.844447736470457,7,3,5,0
2024-05-16 08:00:00,3.040664485084067,29.263889554431476,71.26279408678724,0.0461126009605376,8.046626922584704,8,3,5,0
2024-05-16 09:00:00,3.1216337546549884,32.232586336316615,58.850194050265415,0.2626669282618824,8.400843298778799,9,3,5,0
2024-05-16 10:00:00,5.2467962289672325,34.08009463412228,60.60684446739134,0.43583071651089333,4.269711925751305,10,3,5,0
2024-05-16 11:00:00,4.213300722419466,35.06266858332654,52.85719929445835,0.8320132167224268,7.940619314459546,11,3,5,0
2024-05-16 12:00:00,10.549402660943516,36.89169425417375,56.19395356656232,0.14385653141111532,5.392722545004871,12,3,5,0
2024-05-16 13:00:00,3.459184407875975,35.305114039935255,70.15219644891788,0.8029495684208409,6.545447907559798,13,3,5,0
2024-05-16 14:00:00,3.746598878113029,34.805850814524696,61.40063124781467,0.5368872410672476,4.123607441683702,14,3,5,0
2024-05-16 15:00:00,7.444601781893691,34.27583875893625,61.728919031557915,0.39897592738209575,1.3481242176413388,15,3,5,0
2024-05-16 16:00:00,1.2240999897157205,35.38809590547351,58.06257900493911,0.9624265578023523,3.8472591544996404,16,3,5,0
2024-05-16 17:00:00,3.2653799881256234,35.717598324753546,56.85691769041023,0.10796870214783294,5.4580618652441695,17,3,5,0
2024-05-16 18:00:00,1.3349162231592504,33.17391100996207,60.07528969530853,0.4269268485808161,9.941584415101229,18,3,5,0
2024-05-16 19:00:00,0.3734335432202202,31.860219419443993,68.31117934900409,0.7749771791303108,3.9306121049177047,19,3,5,0
2024-05-16 20:00:00,0.0,31.991731797938495,66.30216181633088,0.25761007305391626,9.227169762530526,20,3,5,0
2024-05-16 21:00:00,0.0,30.607121483360373,63.11866453055446,0.31545934346755966,9.147885569101874,21,3,5,0
2024-05-16 22:00:00,0.0,27.968387898284185,68.24805447164356,0.378793477366864,1.381153052788363,22,3,5,0
2024-05-16 23:00:00,0.0,26.846016036427457,70.68682974245127,0.40249291024948086,8.699236786299393,23,3,5,0
2024-05-17 00:00:00,0.0,28.61336698041665,74.80665645450954,0.9593599581798672,4.250429310063904,0,4,5,0
2024-05-17 01:00:00,0.0,25.33659936552906,72.57463433893481,0.5008133234559052,6.037223770523235,1,4,5,0
2024-05-17 02:00:00,0.0,25.926381290791447,76.09914579782914,0.904193111186053,6.422129515090198,2,4,5,0
2024-05-17 03:00:00,0.0,25.40016443608534,67.98832470903002,0.08684633859632707,1.9161134362343946,3,4,5,0
2024-05-17 04:00:00,0.0,26.0025999428456,76.83844291561945,0.06992565271126772,2.367195928171469,4,4,5,0
2024-05-17 05:00:00,0.0,28.982394046665977,69.27762618939614,0.33638515266907143,6.400240431906251,5,4,5,0
2024-05-17 06:00:00,1.0068458211140459,29.994097591396738,62.1026477178093,0.2774192363402417,4.884460470504108,6,4,5,0
2024-05-17 07:00:00,1.9135083780950628,29.672986133760627,69.50173836750145,0.3195678912757456,3.9921938507818644,7,4,5,0
2024-05-17 08:00:00,2.7757047503821966,31.330167175358937,64.97756151969146,0.31402866882687863,4.262891737841581,8,4,5,0
2024-05-17 09:00:00,2.6077805294650442,32.524264771619315,60.93697315120932,0.6447222427151807,1.6087532106918578,9,4,5,0
2024-05-17 10:00:00,9.332058400175066,33.569655311932145,63.7893651846079,0.002084628150813117,2.2713547954706392,10,4,5,0
2024-05-17 11:00:00,4.56457654598653,34.16363083013466,56.89805250999841,0.27739920856453304,8.101366238151359,11,4,5,0
2024-05-17 12:00:00,4.174369356834219,34.07315261710542,65.29530022162474,0.7062777170903527,6.910682876045282,12,4,5,0
2024-05-17 13:00:00,5.589081566881919,36.889176498219435,50.978652547123545,0.6388077715005598,7.8308643694055196,13,4,5,0
2024-05-17 14:00:00,4.98474872614439,37.300889843415334,59.381522308907094,0.40348919767544,3.975022849590353,14,4,5,0
2024-05-17 15:00:00,5.287401010929267,34.16132023181832,70.0127679857403,0.663395469466948,1.819440186517297,15,4,5,0
2024-05-17 16:00:00,2.994908825262612,35.33857149974176,61.3256275026598,0.46684387214433043,7.749964796675865,16,4,5,0
2024-05-17 17:00:00,2.181547753585092,35.21694205749428,54.77025300449802,0.4679387812936342,6.896341347297001,17,4,5,0
2024-05-17 18:00:00,2.219655427237512,32.823575076865836,67.43241689857467,0.1834805354051261,8.12565604879341,18,4,5,0
2024-05-17 19:00:00,0.36249403382016737,32.20908246196916,73.16226607815,0.7530509797147203,0.12662525912322864,19,4,5,0
2024-05-17 20:00:00,0.0,32.45410471016443,76.25095821666972,0.9686639819174302,6.079544309347071,20,4,5,0
2024-05-17 21:00:00,0.0,28.642040903524737,73.97776423400765,0.13329907995520485,6.903683694929166,21,4,5,0
2024-05-17 22:00:00,0.0,27.030937984153823,69.96721539751542,0.8970092149339942,4.5474891792487195,22,4,5,0
2024-05-17 23:00:00,0.0,28.135096283281012,65.6951748271336,0.1695300283065576,1.20199737215553,23,4,5,0
2024-05-18 00:00:00,0.0,25.875454980599,86.71376206397109,0.3753739778653393,7.485497864557895,0,5,5,1
2024-05-18 01:00:00,0.0,25.731003838867906,78.61152204706598,0.7917172451342076,1.702966110060653,1,5,5,1
2024-05-18 02:00:00,0.0,25.45925939408547,79.10823302319508,0.8021813982393935,6.769868642457054,2,5,5,1
2024-05-18 03:00:00,0.0,25.16094711081898,76.51640325093155,0.3261501530619636,9.220924038094346,3,5,5,1
2024-05-18 04:00:00,0.0,24.33398678660869,78.90488548839808,0.14501690992790062,2.142118950818456,4,5,5,1
2024-05-18 05:00:00,0.0,27.071476910776973,77.84124134094343,0.5043204696417852,8.719980511112468,5,5,5,1
2024-05-18 06:00:00,0.9051579828432782,30.36125318218169,63.96846051733517,0.02461843226683269,7.408882102913182,6,5,5,1
2024-05-18 07:00:00,1.3673754490129608,30.775093247396306,67.32526109496169,0.6640510871749981,2.61543821320989,7,5,5,1
2024-05-18 08:00:00,2.2654424372458837,30.393194800578794,57.57733527822999,0.4073588933909913,0.8587178309469434,8,5,5,1
2024-05-18 09:00:00,1.1524017649782907,31.709726175905292,63.999998269826456,0.8641500021302428,1.3370590950732442,9,5,5,1
2024-05-18 10:00:00,6.5236459633995345,31.461480306292856,76.14134018927878,0.16466041815766808,2.4957127741500837,10,5,5,1
2024-05-18 11:00:00,7.298571056055631,34.23263103368058,64.29397367683038,0.1293372883274332,6.972201748940662,11,5,5,1
2024-05-18 12:00:00,5.043784305167708,33.79344774109115,57.48646355687862,0.7386203574695909,4.17691618449922,12,5,5,1
2024-05-18 13:00:00,6.786405189684437,35.10209615462285,54.78282862460805,0.510657214568689,4.252367892169575,13,5,5,1
2024-05-18 14:00:00,4.524877290018968,34.91741805355058,70.70093083802308,0.7216475285922814,4.497932197351092,14,5,5,1
2024-05-18 15:00:00,5.1298452281304625,35.01307844230994,69.24354528927924,0.5626164207319757,0.514453574201047,15,5,5,1
2024-05-18 16:00:00,1.825241527591152,36.63965550972967,58.52909906534481,0.5754011563602858,2.2331531136286644,16,5,5,1
2024-05-18 17:00:00,2.009161058813338,34.18800402630946,60.594213626140444,0.3068837465533849,5.428542071637009,17,5,5,1
2024-05-18 18:00:00,1.7459732007730127,33.86645306203979,60.2365939627431,0.3428948474570095,3.9768561638309574,18,5,5,1
2024-05-18 19:00:00,0.6126652751353173,33.610820824072974,58.48768128249698,0.60557370870392,7.78278379608826,19,5,5,1
2024-05-18 20:00:00,0.0,29.970106981103154,66.02480305260052,0.31173141827522377,0.10438899161187898,20,5,5,1
2024-05-18 21:00:00,0.0,29.51505719376603,73.22757563625517,0.2329873512066728,4.488466830153456,21,5,5,1
2024-05-18 22:00:00,0.0,28.94718351968196,70.5102381373324,0.2756907455048674,9.171584688437614,22,5,5,1
2024-05-18 23:00:00,0.0,27.635115966049824,74.17124160050363,0.18297266006091062,8.112684732857074,23,5,5,1
2024-05-19 00:00:00,0.0,28.294652900147643,77.54610301020939,0.9652264877890173,9.410754916442789,0,6,5,1
2024-05-19 01:00:00,0.0,26.63198110559436,80.9699468517591,0.8390189127978119,5.504870737843909,1,6,5,1
2024-05-19 02:00:00,0.0,26.925308844758696,69.60904938999182,0.9969001009846942,9.131880788809195,2,6,5,1
2024-05-19 03:00:00,0.0,26.716677239238322,79.66881007982172,0.5037174166933945,0.827495814745064,3,6,5,1
2024-05-19 04:00:00,0.0,25.887492301618142,73.46017867154993,0.8028591403283388,7.263827947836866,4,6,5,1
2024-05-19 05:00:00,0.0,28.578721819015737,70.99222129799017,0.42991060904757017,8.776509497552192,5,6,5,1
2024-05-19 06:00:00,0.6838779128505642,29.337702277324652,65.20392409747463,0.5775832457887264,7.487152050938862,6,6,5,1
2024-05-19 07:00:00,1.3351278976856584,29.949160012086725,65.40046713138354,0.1219966584128207,6.724667409863807,7,6,5,1
2024-05-19 08:00:00,0.9939376200668988,31.887951650672484,68.74274429162628,0.8422169112011799,6.88706073462968,8,6,5,1
2024-05-19 09:00:00,2.8555613979181294,30.853319178840177,61.78030513975933,0.6122745598355408,3.4044149683744953,9,6,5,1
2024-05-19 10:00:00,4.082938868648615,32.16618557935457,67.21186213336324,0.7501299647935536,3.7852671141113103,10,6,5,1
2024-05-19 11:00:00,4.305999913077986,35.53954703014876,60.058911443223415,0.6307640597177212,7.964082659171225,11,6,5,1
2024-05-19 12:00:00,3.5812002736976263,35.47501136229635,61.22432117264596,0.7865079746462686,2.0712977708034197,12,6,5,1
2024-05-19 13:00:00,7.389069234145532,36.041183580196574,65.83520377417037,0.17046622289874303,8.402984151069743,13,6,5,1
2024-05-19 14:00:00,5.2004291610742435,35.802133828175336,48.642728334905044,0.4129808023294228,1.0249177024662692,14,6,5,1
2024-05-19 15:00:00,8.191327579493397,37.28718876434747,50.944299198249674,0.15784881077706092,1.5821689525382665,15,6,5,1
2024-05-19 16:00:00,1.9826689790413652,36.42711128090058,58.55638720229781,0.7806196616272827,0.31583923086788035,16,6,5,1
2024-05-19 17:00:00,2.608495191197436,34.17181188431754,59.15793776539081,0.35369639721178403,8.975540139372987,17,6,5,1
2024-05-19 18:00:00,1.035102900744091,33.445962095742345,62.147515027786355,0.5330147502123296,2.2258875220145766,18,6,5,1
2024-05-19 19:00:00,0.37104346803436333,30.603345397139954,68.21530888497333,0.7631454626884732,8.057774008713226,19,6,5,1
2024-05-19 20:00:00,0.0,30.84803734232245,71.89251265542754,0.6681286987209641,6.157065461953436,20,6,5,1
2024-05-19 21:00:00,0.0,30.47363202321129,68.96339558282979,0.026368821732650205,5.596708542105456,21,6,5,1
2024-05-19 22:00:00,0.0,28.87229830463426,72.62358339453877,0.5716083038202289,3.159352395020756,22,6,5,1
2024-05-19 23:00:00,0.0,26.383726666372713,87.57551053271287,0.8162842665521252,7.5149572909210605,23,6,5,1
2024-05-20 00:00:00,0.0,27.410019989641725,85.14753843477078,0.24676322583456,7.140895192215924,0,0,5,0
2024-05-20 01:00:00,0.0,25.856858989482728,81.35610897857761,0.2285291298396569,5.856204201907964,1,0,5,0
2024-05-20 02:00:00,0.0,24.974639842294312,77.40276705094846,0.7976433403248294,1.3968305539658499,2,0,5,0
2024-05-20 03:00:00,0.0,27.002496907517752,78.09618936365656,0.8359124597878761,2.9716669184352265,3,0,5,0
2024-05-20 04:00:00,0.0,25.3843594842526,76.88922130796986,0.9155906344405125,3.7511648264783,4,0,5,0
2024-05-20 05:00:00,0.0,28.23014962395567,67.86929635623726,0.8504497332950914,3.740085575330714,5,0,5,0
2024-05-20 06:00:00,0.5535484901558552,28.064721744002103,63.85282884342279,0.5695704209476192,9.648614567718086,6,0,5,0
2024-05-20 07:00:00,1.4270523642539752,31.68166356119117,72.72729470918374,0.5744211890751758,1.6589882985504933,7,0,5,0
2024-05-20 08:00:00,1.33351947026061,31.44729385731022,66.34080097169928,0.8932179057779239,3.1116402214419594,8,0,5,0
2024-05-20 09:00:00,1.0533064844710844,32.490996851150804,63.198693353402916,0.989080315271454,3.396267834371278,9,0,5,0
2024-05-20 10:00:00,2.78559549695218,33.93753695356315,56.04410377473878,0.7454369275548032,5.724887639597522,10,0,5,0
2024-05-20 11:00:00,4.021946634448688,33.94103787068502,65.55997056577574,0.738118006522183,2.550515582159154,11,0,5,0
2024-05-20 12:00:00,6.092703502527536,36.68536085406111,54.89832353154866,0.4742587219606158,1.8292472230192791,12,0,5,0
2024-05-20 13:00:00,7.066326012470984,35.414969325729295,53.35931403602486,0.4927066194839713,1.534476356181519,13,0,5,0
2024-05-20 14:00:00,4.975250383655365,34.72869137313178,66.32217904354161,0.5526571750386486,9.504524992377455,14,0,5,0
2024-05-20 15:00:00,5.441346305241879,36.81233263629974,57.71355191074787,0.34085210647803765,4.916667930320618,15,0,5,0
2024-05-20 16:00:00,2.677875703973808,35.10340087449591,62.8777900308535,0.5758187606754654,2.048909788096437,16,0,5,0
2024-05-20 17:00:00,1.2898501363717405,34.207160173173705,68.7164498026812,0.7154895546282106,9.868765809611443,17,0,5,0
2024-05-20 18:00:00,0.5125758436688443,31.948754689944842,64.64611246713304,0.9628058324900556,3.0895261803485132,18,0,5,0
2024-05-20 19:00:00,0.3157285790202258,34.52755727040985,55.18606627824228,0.8263574280908706,3.473692947616102,19,0,5,0
2024-05-20 20:00:00,0.0,31.13301067111555,64.10719543553067,0.7612878184167627,8.150852530100547,20,0,5,0
2024-05-20 21:00:00,0.0,29.97963356601631,72.53259636337708,0.8761012231627043,2.899186443338567,21,0,5,0
2024-05-20 22:00:00,0.0,29.182448386702376,76.01512252175063,0.8524435008559822,9.739998386682137,22,0,5,0
2024-05-20 23:00:00,0.0,29.760607983092957,71.91830023047177,0.6137292544495477,1.3488370169631159,23,0,5,0
2024-05-21 00:00:00,0.0,24.021558523300968,89.83247123920808,0.6710814924925121,9.32145539990547,0,1,5,0
2024-05-21 01:00:00,0.0,28.619515965196424,79.14035127306222,0.7384761384457896,3.5124056385960003,1,1,5,0
2024-05-21 02:00:00,0.0,24.552994952965367,80.30985329748343,0.7863394953806474,2.886786301342743,2,1,5,0
2024-05-21 03:00:00,0.0,25.09491683717694,79.34245827796431,0.3882255364178109,0.13186020212702876,3,1,5,0
2024-05-21 04:00:00,0.0,28.84290335146516,80.24933808228714,0.6210522765313127,0.8312499683433838,4,1,5,0
2024-05-21 05:00:00,0.0,29.746825331466606,71.55969156553061,0.4941662134097754,7.845555470576299,5,1,5,0
2024-05-21 06:00:00,0.42031408563743033,29.330571668766666,66.44870811953842,0.6721063094694395,6.837559116425006,6,1,5,0
2024-05-21 07:00:00,0.6985225557545811,28.74454395337784,66.86993359758232,0.8762423954916256,6.606732459469398,7,1,5,0
2024-05-21 08:00:00,2.472256623530172,31.818985253591748,64.18819983721649,0.3007791247996473,5.809837795524176,8,1,5,0
2024-05-21 09:00:00,3.7755752854246456,33.43186450873435,64.11807323425377,0.03451752100655148,9.901441653196144,9,1,5,0
2024-05-21 10:00:00,3.75079777767102,33.161268249646724,61.69618412678556,0.836295365453267,6.596385066863691,10,1,5,0
2024-05-21 11:00:00,3.4453486183252204,34.90722106756258,60.62946402165978,0.5877864164090146,3.317696810539438,11,1,5,0
2024-05-21 12:00:00,6.163784040157332,36.941700180380955,54.030380055262626,0.5428532324013663,5.815638990743251,12,1,5,0
2024-05-21 13:00:00,6.8861458052841575,36.17080877904003,67.8220057631616,0.28705014914941507,4.36964418825897,13,1,5,0
2024-05-21 14:00:00,6.283351093142049,36.026675089377626,51.73557256049179,0.13391968172748003,5.327682133270477,14,1,5,0
2024-05-21 15:00:00,7.504960001217278,35.619322868036825,60.42845282468592,0.06442547112764074,4.850813241063202,15,1,5,0
2024-05-21 16:00:00,1.5440869617484774,34.57666772332197,53.82665828113706,0.8849376818670653,2.024331515327249,16,1,5,0
2024-05-21 17:00:00,2.6892190143387475,34.251487154284646,68.34492891261884,0.2499374706588532,8.748762388637829,17,1,5,0
2024-05-21 18:00:00,2.272190838218452,34.74520886021293,53.94360937962256,0.03228879186100786,8.97148326497904,18,1,5,0
2024-05-21 19:00:00,0.7688113346152716,31.512874132058517,68.26761610169116,0.46250501434382385,8.384799331965386,19,1,5,0
2024-05-21 20:00:00,0.0,31.38070057864107,61.896160441279704,0.10502560662444016,6.692290602133301,20,1,5,0
2024-05-21 21:00:00,0.0,29.407923610978436,63.43523039620785,0.65149501179292,5.198818921605779,21,1,5,0
2024-05-21 22:00:00,0.0,29.660444008356894,73.19952888504956,0.35195712965802395,6.3410686678054216,22,1,5,0
2024-05-21 23:00:00,0.0,29.436448861918336,64.99747283034812,0.80482150525602,9.644406837342512,23,1,5,0
2024-05-22 00:00:00,0.0,25.228039725854437,83.89508894220612,0.7501994624225765,6.482242058790786,0,2,5,0
2024-05-22 01:00:00,0.0,25.85344033340116,72.95307286478179,0.7554530712816614,1.1530238421639705,1,2,5,0
2024-05-22 02:00:00,0.0,25.423283165553613,79.01860660822888,0.6440328599824886,0.5120345418010686,2,2,5,0
2024-05-22 03:00:00,0.0,26.31957858728349,82.24319496638488,0.7792511289742009,6.831690008997951,3,2,5,0
2024-05-22 04:00:00,0.0,26.565180459265918,82.464090899302,0.16721556477812882,5.533589952659115,4,2,5,0
2024-05-22 05:00:00,0.0,29.342295857395555,78.33837060178669,0.0295108150525365,5.528263066318038,5,2,5,0
2024-05-22 06:00:00,0.47437571741242857,29.673260898420246,64.4351731737955,0.8499082917922267,5.12356482089676,6,2,5,0
2024-05-22 07:00:00,1.2793481817468597,29.624661163114762,73.80157438857898,0.7368885789724425,3.573973574751337,7,2,5,0
2024-05-22 08:00:00,1.7868928510693243,31.517384177243038,62.84742465625476,0.35942194595075894,7.111282912395982,8,2,5,0
2024-05-22 09:00:00,2.53822349394639,33.03121857733259,59.85857925816275,0.5705280670392153,5.147470161943881,9,2,5,0
2024-05-22 10:00:00,2.341794852591911,33.90245738794587,70.89132867100687,0.9938287718675227,9.18726288675673,10,2,5,0
2024-05-22 11:00:00,6.238547397283061,34.02811185746907,70.12984447793306,0.47348887606008117,9.713356415045396,11,2,5,0
2024-05-22 12:00:00,5.367677443858462,36.52745934443994,53.43982064830358,0.5603301089011838,8.172894724975293,12,2,5,0
2024-05-22 13:00:00,10.06396167937383,35.5434696849174,58.18768819284534,0.14657511860956096,5.924945174492957,13,2,5,0
2024-05-22 14:00:00,9.041210294882175,34.77614823013917,62.90803566455417,0.1866009659138097,1.421598519881666,14,2,5,0
2024-05-22 15:00:00,8.531363856571817,36.49809096757994,57.94401990799919,0.13548930958122118,2.63890843189777,15,2,5,0
2024-05-22 16:00:00,2.6406245095736542,35.50497264682963,56.43932099451889,0.34727847616786633,8.333855300376726,16,2,5,0
2024-05-22 17:00:00,0.8039938453125288,34.16865816628954,61.15926383469816,0.9719901897485549,3.8256136363237445,17,2,5,0
2024-05-22 18:00:00,1.4569864363085063,33.43356010284486,66.38815883515883,0.35298610476958137,1.815298460359278,18,2,5,0
2024-05-22 19:00:00,0.7936649339106507,32.766946631839446,63.92878550280151,0.3507445264863337,9.617758375834901,19,2,5,0
2024-05-22 20:00:00,0.0,31.16134452396691,68.65219919944917,0.8868809047244206,0.9893472711744333,20,2,5,0
2024-05-22 21:00:00,0.0,31.082888297465153,67.57941481104695,0.060703044669761064,8.131864763786512,21,2,5,0
2024-05-22 22:00:00,0.0,27.363576687198528,72.84611566119065,0.4520759134846053,3.1906045558232154,22,2,5,0
2024-05-22 23:00:00,0.0,27.741823434105697,76.24651947561662,0.09783544360735619,8.921059383562564,23,2,5,0
2024-05-23 00:00:00,0.0,26.285177587854417,74.11553477507371,0.02783515087424071,7.6676847403873705,0,3,5,0
2024-05-23 01:00:00,0.0,26.420969686700804,73.66334807149616,0.6359890645754347,6.048043400063776,1,3,5,0
2024-05-23 02:00:00,0.0,23.63273289644771,88.7879407865994,0.02909119261586235,3.879192418917705,2,3,5,0
2024-05-23 03:00:00,0.0,25.045176869586548,84.27905319604152,0.674570896973413,8.883750041787405,3,3,5,0
2024-05-23 04:00:00,0.0,25.85575744175689,70.61561674008973,0.039062460181927494,5.51768351415039,4,3,5,0
2024-05-23 05:00:00,0.0,26.10949011847942,83.42246427903244,0.6012404094880834,0.18309241355430328,5,3,5,0
2024-05-23 06:00:00,0.3728318721086752,27.492800285674583,67.51506203345757,0.8334564171539764,9.167994210471782,6,3,5,0
2024-05-23 07:00:00,1.3925793067795533,29.846067868978285,81.5662669497147,0.5609038312575055,4.288801538461177,7,3,5,0
2024-05-23 08:00:00,1.4610028537683288,30.362456628673183,56.0428845463562,0.6462219257139639,2.154037211976788,8,3,5,0
2024-05-23 09:00:00,2.1420257788906576,33.11713159353357,64.8730217131649,0.7867213864229536,8.370645847209552,9,3,5,0
2024-05-23 10:00:00,2.4684941404913943,33.914693299629725,72.14253752255651,0.9455970927765633,3.3232743227161943,10,3,5,0
2024-05-23 11:00:00,6.7276263570564,36.268547302657275,53.55273517361207,0.21627854687567405,7.746469865122997,11,3,5,0
2024-05-23 12:00:00,9.59191019998328,34.99149392701549,61.214992339062896,0.08031672466999495,5.480257466102057,12,3,5,0
2024-05-23 13:00:00,8.878115339779308,35.870187981437994,50.88906723285278,0.2052367854970355,9.651959307471612,13,3,5,0
2024-05-23 14:00:00,8.428375331925968,35.66434770771936,51.82456931554924,0.06058291370400726,6.635748849262467,14,3,5,0
2024-05-23 15:00:00,8.47612730798752,36.79771469099243,62.33570702200284,0.18638923831430498,5.649297522225614,15,3,5,0
2024-05-23 16:00:00,2.736638926677635,34.79378889965408,56.03210686115314,0.1078492609111571,6.060991025497846,16,3,5,0
2024-05-23 17:00:00,1.9560346665583876,34.59281725173611,61.78885662706635,0.5817124178473652,6.977802149879668,17,3,5,0
2024-05-23 18:00:00,1.282827247144731,33.372483373454365,69.49141950768792,0.5280413447453085,2.114061163144083,18,3,5,0
2024-05-23 19:00:00,0.9883168636882328,33.35967178875199,67.21525467143687,0.16903075886979269,0.03153962092776963,19,3,5,0
2024-05-23 20:00:00,0.0,30.905559174184354,67.30584143489251,0.6628964331302027,7.64903906761689,20,3,5,0
2024-05-23 21:00:00,0.0,29.014992605913896,74.37795215725008,0.559585925453059,3.446205199697443,21,3,5,0
2024-05-23 22:00:00,0.0,28.088261909854065,68.96300022767942,0.2639611294340789,6.296308756716446,22,3,5,0
2024-05-23 23:00:00,0.0,27.701001257016866,76.28236248223897,0.9989608185680648,4.260522184232983,23,3,5,0
2024-05-24 00:00:00,0.0,26.361441529166406,74.02257419557753,0.9941335819631559,8.004217099389878,0,4,5,0
2024-05-24 01:00:00,0.0,26.481993990088434,75.08943221583337,0.27770885630003594,3.2625787536657844,1,4,5,0
2024-05-24 02:00:00,0.0,26.69619610717815,74.39203769033138,0.06691496027209543,4.465028632701726,2,4,5,0
2024-05-24 03:00:00,0.0,26.177769708602117,76.6031228890478,0.34855648196341193,9.608804764516595,3,4,5,0
2024-05-24 04:00:00,0.0,25.273192958703138,75.08293987413438,0.4676562551207675,3.5085420544511736,4,4,5,0
2024-05-24 05:00:00,0.0,27.354529228589445,80.62694674102804,0.9493695468467446,2.3786772570281354,5,4,5,0
2024-05-24 06:00:00,0.39064547756960466,28.62697197141255,66.89938695524684,0.8737079982039805,2.407375439419661,6,4,5,0
2024-05-24 07:00:00,0.9512803261469767,27.182287755850847,78.33106434227308,0.6511412352629342,1.633449674005324,7,4,5,0
2024-05-24 08:00:00,3.058135362479984,30.269996380478926,73.59372234884414,0.07785441135730264,1.0318268200631164,8,4,5,0
2024-05-24 09:00:00,1.9585458361715,32.63792345819737,64.20519236686826,0.7049332599975824,7.676906856219102,9,4,5,0
2024-05-24 10:00:00,3.745428716064538,33.81900368652581,59.20998031605295,0.6791160317061462,4.221130852604446,10,4,5,0
2024-05-24 11:00:00,4.297112188092815,34.6395799456001,61.30099597942159,0.6613951210615183,1.7788920390537455,11,4,5,0
2024-05-24 12:00:00,6.200016842700059,36.67207736143122,54.15578596380605,0.447602806544402,2.545940764138881,12,4,5,0
2024-05-24 13:00:00,2.6929348796595147,37.28801295949099,59.7137675348095,0.9874948497324023,0.8023225339979023,13,4,5,0
2024-05-24 14:00:00,4.943108468076242,35.51826503708287,61.94107026345908,0.3297484929555583,7.007196519598882,14,4,5,0
2024-05-24 15:00:00,3.132576822597821,35.32678405745252,60.8496753639109,0.9711047849878031,0.17792281316959535,15,4,5,0
2024-05-24 16:00:00,2.70460844748141,35.54823409948796,57.39582846967947,0.4945617143267942,6.301475552232541,16,4,5,0
2024-05-24 17:00:00,1.207328518432387,35.624159841921575,56.37615978864748,0.801064064486868,4.020450725520073,17,4,5,0
2024-05-24 18:00:00,1.6471625694719259,34.25063857850168,57.48935057470874,0.15007677398961616,4.095358821787405,18,4,5,0
2024-05-24 19:00:00,0.7479367584496823,30.961546574876778,58.848121345166106,0.20138664154676156,4.426308356946272,19,4,5,0
2024-05-24 20:00:00,0.0,32.89017077495365,68.55203063532495,0.5305173709508378,9.332275090357108,20,4,5,0
2024-05-24 21:00:00,0.0,30.379233952733824,78.15561272827094,0.9531219947587991,8.444477449433425,21,4,5,0
2024-05-24 22:00:00,0.0,30.003634367079034,71.28494039064111,0.7772643198351912,6.593567963553707,22,4,5,0
2024-05-24 23:00:00,0.0,26.188192629379124,74.12942293036313,0.13676970089467777,1.9007160807834667,23,4,5,0
2024-05-25 00:00:00,0.0,27.339576221820412,80.01877541897146,0.21326342759141215,6.5870840598811595,0,5,5,1
2024-05-25 01:00:00,0.0,26.115071668811833,76.6659269933909,0.7052687716615668,9.848970094113959,1,5,5,1
2024-05-25 02:00:00,0.0,24.6658336187815,75.49103090790241,0.5540032998107759,9.958188889820288,2,5,5,1
2024-05-25 03:00:00,0.0,26.88478528847297,71.60370247962359,0.7451379359197646,7.155745030247704,3,5,5,1
2024-05-25 04:00:00,0.0,26.314503307824406,78.6032964599455,0.5831645347741419,0.5854608010639906,4,5,5,1
2024-05-25 05:00:00,0.0,27.293913225910813,78.8875771512396,0.1603803041620777,3.25778805630494,5,5,5,1
2024-05-25 06:00:00,0.6825463959909528,30.214578959928307,70.20607347139652,0.5942531549154557,8.379968868914784,6,5,5,1
2024-05-25 07:00:00,1.2353847048463114,30.00067783174143,63.67910155992124,0.3382770619078652,5.93362350336853,7,5,5,1
2024-05-25 08:00:00,3.025829719415327,31.747138136965564,65.76330266959782,0.2984013492783585,7.8317762018272665,8,5,5,1
2024-05-25 09:00:00,1.6416294871645525,31.36223031474871,66.41174210227007,0.9065500771505366,0.5884164783049894,9,5,5,1
2024-05-25 10:00:00,4.939786974732847,33.6894853270012,56.40771649990818,0.44412093821249,8.5254254294645,10,5,5,1
2024-05-25 11:00:00,5.614672239941198,34.53900781769592,60.28965993178486,0.3663019301120196,4.399823498566599,11,5,5,1
2024-05-25 12:00:00,7.8363127868931715,36.737466776215115,58.38445829738418,0.3278045686743235,9.541063687701005,12,5,5,1
2024-05-25 13:00:00,5.097582256713343,34.859582457350385,63.943625760094065,0.49774414044336657,8.035123048899122,13,5,5,1
2024-05-25 14:00:00,2.8688992680026026,36.893215989590914,60.21725014184732,0.866446890711594,9.45491387009621,14,5,5,1
2024-05-25 15:00:00,7.133238398100365,34.30870690611169,64.76212607847916,0.3262734099826131,1.9624678905744952,15,5,5,1
2024-05-25 16:00:00,4.177181333129263,35.21577101629688,55.04591339013977,0.19196053189313778,9.799494992464556,16,5,5,1
2024-05-25 17:00:00,0.8339628634020801,35.91254245264961,57.72191476035119,0.8685138458361309,6.730280317752497,17,5,5,1
2024-05-25 18:00:00,0.6352021668610383,33.17447386041717,65.3731305252398,0.8755658980963928,7.3499980043524324,18,5,5,1
2024-05-25 19:00:00,1.1955898704895782,31.43971315426724,68.28060389774258,0.14293761686120787,0.26668206264586103,19,5,5,1
2024-05-25 20:00:00,0.0,30.226927214407866,71.2902419324784,0.5543161590683905,2.943973997966344,20,5,5,1
2024-05-25 21:00:00,0.0,28.08836016192303,66.1662684766167,0.11726186497763125,0.6001892226574801,21,5,5,1
2024-05-25 22:00:00,0.0,29.069047879455056,67.91152211440775,0.4488230055612732,8.225663856245605,22,5,5,1
2024-05-25 23:00:00,0.0,27.01725263800712,88.68541363472642,0.28632432757795423,9.602606587842507,23,5,5,1
2024-05-26 00:00:00,0.0,26.8948674483136,75.29853537507313,0.10435923234207378,3.773945522180968,0,6,5,1
2024-05-26 01:00:00,0.0,26.290771597452554,86.15393187201403,0.9141132888026829,3.6680210347543896,1,6,5,1
2024-05-26 02:00:00,0.0,27.02199546600401,81.189732800401,0.41515447699263663,0.1385851247817338,2,6,5,1
2024-05-26 03:00:00,0.0,28.045295641723666,70.96957540355211,0.4292140890354962,4.689373362960806,3,6,5,1
2024-05-26 04:00:00,0.0,23.75445669762506,76.19604004046111,0.7333067486789636,1.819278108402882,4,6,5,1
2024-05-26 05:00:00,0.0,27.19596696197815,78.98788874031867,0.6785607154929316,0.6581807844134557,5,6,5,1
2024-05-26 06:00:00,0.8765853315532519,28.716179165721147,63.66066049743715,0.06912113572156253,3.6319001342904924,6,6,5,1
2024-05-26 07:00:00,2.075111446583042,31.201309820894505,74.69479605222733,0.1363937740571356,4.280551811362837,7,6,5,1
2024-05-26 08:00:00,1.4396699342924268,29.986870328453385,73.71221056615032,0.7821486052736571,1.5328003613133567,8,6,5,1
2024-05-26 09:00:00,4.2561942809915205,34.01746770503749,60.56271396588583,0.0632624447198229,7.996972346801571,9,6,5,1
2024-05-26 10:00:00,6.813579659399235,32.28411076119852,68.29206765642611,0.2481390971180466,6.026925790869626,10,6,5,1
2024-05-26 11:00:00,7.556346634154665,33.49401401287242,64.66269634091641,0.024194653834865076,1.093330710225302,11,6,5,1
2024-05-26 12:00:00,5.972133394356021,35.02299690101694,66.53108878487846,0.6487586998717837,6.195420603314597,12,6,5,1
2024-05-26 13:00:00,6.6862112659018225,36.09116850988463,49.993079896160964,0.527321334892814,1.657798709582352,13,6,5,1
2024-05-26 14:00:00,3.583365484655626,35.67695374611924,64.05502959163704,0.9176971698915524,0.15278002435692994,14,6,5,1
2024-05-26 15:00:00,4.987347285781779,36.370806492322366,64.67038088290406,0.6519722413456825,8.260369171734649,15,6,5,1
2024-05-26 16:00:00,3.343814182744001,33.73607306683836,65.5919580602861,0.3111710736386091,2.117023342066404,16,6,5,1
2024-05-26 17:00:00,1.7944524032394393,33.28902020367697,55.34294502398017,0.7901501370775453,8.489109752236407,17,6,5,1
2024-05-26 18:00:00,1.2381233322551912,34.13543217379133,57.06912037616026,0.4270404431242306,8.365651055916757,18,6,5,1
2024-05-26 19:00:00,0.6535919701501878,33.09473601065082,64.26953846675903,0.681109127749036,5.102852585470684,19,6,5,1
2024-05-26 20:00:00,0.0,30.59104985939966,77.61325080642,0.7537020367852618,4.8683378684544785,20,6,5,1
2024-05-26 21:00:00,0.0,29.454261576486957,67.38957041695852,0.8834460606088755,3.738012185182955,21,6,5,1
2024-05-26 22:00:00,0.0,30.157395838075004,66.46430481151197,0.7975924027163553,0.8993712442214008,22,6,5,1
2024-05-26 23:00:00,0.0,27.09625187154398,78.66086259177412,0.31926644846922947,6.490721178755537,23,6,5,1
2024-05-27 00:00:00,0.0,25.370937879041623,78.09837748409294,0.3180238482250296,0.8451025061738249,0,0,5,0
2024-05-27 01:00:00,0.0,26.852312140122038,80.63177625490859,0.10132853176509804,9.98213300861673,1,0,5,0
2024-05-27 02:00:00,0.0,26.759044266439695,90.78088933588685,0.8058116436717453,9.303226780020971,2,0,5,0
2024-05-27 03:00:00,0.0,25.977974195721238,80.57722315468843,0.21602779689388407,4.922872327845499,3,0,5,0
2024-05-27 04:00:00,0.0,25.363287741963855,92.24742870728835,0.4369875433442114,8.697760733601175,4,0,5,0
2024-05-27 05:00:00,0.0,28.024692629681546,68.15911514405299,0.6284271193429017,3.3656703444043803,5,0,5,0
2024-05-27 06:00:00,0.951400818467785,28.437533641080122,69.92668265643329,0.2716968100445798,4.419756574484133,6,0,5,0
2024-05-27 07:00:00,1.022667620804846,29.553657304058934,68.06359304252146,0.7447514376363291,9.402539601158404,7,0,5,0
2024-05-27 08:00:00,1.5562884946444113,32.8784190055017,60.02721726169642,0.7543733872654477,2.663064455462475,8,0,5,0
2024-05-27 09:00:00,2.327931834640676,31.34735981947434,62.57668932529076,0.26793673760952597,6.532530682343492,9,0,5,0
2024-05-27 10:00:00,2.112905618691695,33.32541419106519,62.69602876360159,0.885292514914418,7.655852273975162,10,0,5,0
2024-05-27 11:00:00,6.354941598687124,34.63772599665275,58.2125451183352,0.4750129756033802,3.6514563452480053,11,0,5,0
2024-05-27 12:00:00,8.972192161676043,33.088617126401154,51.388732726791915,0.15134952798942225,6.8435967962421485,12,0,5,0
2024-05-27 13:00:00,3.1085853178557548,36.34407818522593,55.81906950841676,0.9158816733763486,4.934678200321939,13,0,5,0
2024-05-27 14:00:00,2.3004011636918245,36.097717072887,65.93278777653887,0.9609313392016648,4.100927270465626,14,0,5,0
2024-05-27 15:00:00,2.492715689903932,36.318451124807936,46.57207114387049,0.9050048785225769,2.4593824173499623,15,0,5,0
2024-05-27 16:00:00,2.4276810979595966,35.07231172025857,54.18311213699209,0.44302146788819285,6.292306237085196,16,0,5,0
2024-05-27 17:00:00,1.6006641559240478,33.48576548623086,71.80090895989018,0.49010259792453503,8.815272314623385,17,0,5,0
2024-05-27 18:00:00,0.9069727409498276,31.622723737973914,75.14873833949511,0.7176784496329919,3.3077672112734913,18,0,5,0
2024-05-27 19:00:00,1.0692252383097547,33.59327473266273,61.09476824501702,0.12660134624579822,9.493966906483978,19,0,5,0
2024-05-27 20:00:00,0.0,31.154242545340225,65.19067880798107,0.3538374609426448,2.4326649650990673,20,0,5,0
2024-05-27 21:00:00,0.0,30.47875993802443,70.50656454323602,0.12055452383185905,7.584020540963251,21,0,5,0
2024-05-27 22:00:00,0.0,26.935950385349642,77.83567756954172,0.3949144793376226,9.992984667210152,22,0,5,0
2024-05-27 23:00:00,0.0,28.10652363224006,72.75296169419086,0.6128110875380314,7.374959877912877,23,0,5,0
2024-05-28 00:00:00,0.0,26.668367119882113,76.99614294902113,0.3068600199282975,0.32539261468970015,0,1,5,0
2024-05-28 01:00:00,0.0,25.395177296799652,76.21591595445727,0.8568464785513893,5.24665562615045,1,1,5,0
2024-05-28 02:00:00,0.0,25.045889220982488,82.9964839974968,0.22618933779386707,2.1534729771690464,2,1,5,0
2024-05-28 03:00:00,0.0,26.73959803046497,82.26279318276632,0.014961337668010444,5.020360982110802,3,1,5,0
2024-05-28 04:00:00,0.0,27.54800085820222,71.80839537916441,0.9531513680494011,7.538656594153852,4,1,5,0
2024-05-28 05:00:00,0.0,27.580282131656336,76.35422613907994,0.9864981245394547,3.403297121848383,5,1,5,0
2024-05-28 06:00:00,0.6264944334667977,26.7034399473741,72.97191863610743,0.4278636554343417,5.60369115386258,6,1,5,0
2024-05-28 07:00:00,1.2249431893444729,30.190679439935074,72.60020447920202,0.7171640080233895,1.647961925839937,7,1,5,0
2024-05-28 08:00:00,2.325292390543867,30.068764245994785,67.91047567189197,0.028013783676674175,4.583037116348864,8,1,5,0
2024-05-28 09:00:00,4.22469841770125,34.57940855946741,58.37432723539348,0.112953260940577,1.6647325453939532,9,1,5,0
2024-05-28 10:00:00,6.0112446645680615,32.883241019482256,58.30934544909379,0.480006410055969,1.4683849959218798,10,1,5,0
2024-05-28 11:00:00,6.624619101905076,33.70054275001226,65.74690279477764,0.026677875673091322,5.610391998896112,11,1,5,0
2024-05-28 12:00:00,6.446908169775227,36.035465020563855,50.81055015780464,0.37991794905574827,5.187013051306808,12,1,5,0
2024-05-28 13:00:00,5.268315876317386,36.33190370581214,61.229592950032455,0.4969589342561207,1.7458976734537812,13,1,5,0
2024-05-28 14:00:00,5.598344993184577,35.56366438372898,48.21940406252456,0.27989600935880266,1.46595796412325,14,1,5,0
2024-05-28 15:00:00,7.750116191617874,34.90529733354483,62.506826647223576,0.2681731568664091,7.503840758918426,15,1,5,0
2024-05-28 16:00:00,2.8342345819317964,34.54974345161853,65.59338831394805,0.15576431479778796,7.389524986297916,16,1,5,0
2024-05-28 17:00:00,2.8979274102042254,34.84432653826341,59.69227020432001,0.14261179586092787,0.18582093566074653,17,1,5,0
2024-05-28 18:00:00,1.0539998349338597,33.1879484336552,65.09690505316644,0.6225062698483435,0.23655342032918636,18,1,5,0
2024-05-28 19:00:00,0.40083633821930303,31.922231378800756,73.1070100841287,0.8402148776703258,7.61118810775764,19,1,5,0
2024-05-28 20:00:00,0.0,30.884492926950728,64.80854938405112,0.26274574359012626,3.344027692308371,20,1,5,0
2024-05-28 21:00:00,0.0,29.28392927786539,77.20180057090536,0.10612335429686515,1.9778829092118866,21,1,5,0
2024-05-28 22:00:00,0.0,28.503085986419187,81.78847409428424,0.90580009736147,8.357064611382963,22,1,5,0
2024-05-28 23:00:00,0.0,27.466915971284852,81.11317845235307,0.22481704114987766,8.970524859088115,23,1,5,0
2024-05-29 00:00:00,0.0,26.567270148444205,74.61140809694471,0.8469570064215487,5.65869969746922,0,2,5,0
2024-05-29 01:00:00,0.0,25.322397641385066,78.11821843838197,0.2019159166678206,1.457171355636161,1,2,5,0
2024-05-29 02:00:00,0.0,26.551400564772923,70.44392138247437,0.9355380797453966,0.31293912954455605,2,2,5,0
2024-05-29 03:00:00,0.0,26.005291378831487,79.61975792383059,0.19674260369688468,6.9099234280569934,3,2,5,0
2024-05-29 04:00:00,0.0,25.673610809161374,68.93723015386621,0.4789161287519613,2.057692876960732,4,2,5,0
2024-05-29 05:00:00,0.0,27.219510778108017,79.19337521838472,0.11515483494678147,3.873994950772457,5,2,5,0
2024-05-29 06:00:00,1.1629456697848797,28.124797982047614,78.59789036529645,0.01931502606917823,1.4105619980147766,6,2,5,0
2024-05-29 07:00:00,0.6018819113036531,30.20603670383095,68.91826313945384,0.903859946706145,3.1069634887197575,7,2,5,0
2024-05-29 08:00:00,1.1345760386378267,31.495125909944733,63.23680268407158,0.8715751874492705,6.849410349623858,8,2,5,0
2024-05-29 09:00:00,2.8195602578642105,31.292236021241713,65.41989859556885,0.5141071730344835,6.442064173303899,9,2,5,0
2024-05-29 10:00:00,5.533671762917525,34.85236976950077,61.05109361267003,0.5163402121330527,2.4777320663949256,10,2,5,0
2024-05-29 11:00:00,8.795746497816339,34.34153788718539,70.20656320765437,0.2781152620058027,5.974744027480671,11,2,5,0
2024-05-29 12:00:00,9.68557413206114,34.52727668650989,52.60977174780065,0.08976034448570536,6.43485119871413,12,2,5,0
2024-05-29 13:00:00,3.624477390934263,36.081147787140516,54.211422876234764,0.8981026230896834,2.327463598045844,13,2,5,0
2024-05-29 14:00:00,2.7347116925427404,33.807767652594414,68.73227788128526,0.7651010021165447,4.676412550998834,14,2,5,0
2024-05-29 15:00:00,3.48435497584145,36.615479715552986,53.43874499026465,0.7658855640771056,1.8992097474750358,15,2,5,0
2024-05-29 16:00:00,1.1748405990784183,36.273112479770134,60.79960045694559,0.9180412542928316,1.576728127367124,16,2,5,0
2024-05-29 17:00:00,1.7065801584357634,34.47685303726063,70.36843755337716,0.7300907281119016,6.181165351556299,17,2,5,0
2024-05-29 18:00:00,1.2327782423337494,33.54599918291491,58.647296483570344,0.32787761146245187,1.4048241802501138,18,2,5,0
2024-05-29 19:00:00,0.4882780472338413,30.215856302668936,71.96408601122668,0.5521729437223101,6.019021770109872,19,2,5,0
2024-05-29 20:00:00,0.0,32.70643669516739,59.950173359755745,0.10374673388023681,6.427271516709555,20,2,5,0
2024-05-29 21:00:00,0.0,27.939757987675705,81.5007129066586,0.4460044517365599,3.228760297448444,21,2,5,0
2024-05-29 22:00:00,0.0,28.26094319439719,71.06019266506709,0.7342847511184598,7.937313930759185,22,2,5,0
2024-05-29 23:00:00,0.0,28.165281988691618,72.53211141278786,0.4020741798313606,4.417695418251403,23,2,5,0
2024-05-30 00:00:00,0.0,25.524608626346918,81.43483920449351,0.7536159389717848,4.390798403350601,0,3,5,0
2024-05-30 01:00:00,0.0,26.33911036277847,81.40354137714357,0.3010152413103594,4.258301980670158,1,3,5,0
2024-05-30 02:00:00,0.0,25.246082586224716,79.27090889361804,0.2530923125374819,5.386081663875441,2,3,5,0
2024-05-30 03:00:00,0.0,26.27889752604863,74.3337552452443,0.9094261782903628,1.8706253075183776,3,3,5,0
2024-05-30 04:00:00,0.0,25.46500595721311,73.03567797289742,0.5027240095657828,9.220383777206301,4,3,5,0
2024-05-30 05:00:00,0.0,27.917743261961984,75.87309857777068,0.014842319076279309,2.025420952075482,5,3,5,0
2024-05-30 06:00:00,0.8343466630028259,28.76186637333265,73.8356276079506,0.36724350455780286,1.0091159701297225,6,3,5,0
2024-05-30 07:00:00,1.2584288902540468,29.11683003489083,76.33441893892883,0.3969270937908955,0.009226422241629395,7,3,5,0
2024-05-30 08:00:00,2.7224306725144096,32.109420395403475,61.049564021746505,0.2656922104861511,5.888153434782756,8,3,5,0
2024-05-30 09:00:00,2.785106364889251,33.03066723038438,68.41390360713469,0.4094227161427767,9.751112716405324,9,3,5,0
2024-05-30 10:00:00,6.716665889031911,33.136136443751504,65.11108394540749,0.10048440080089649,2.8324965604748953,10,3,5,0
2024-05-30 11:00:00,6.208995426863877,34.73877268494338,63.051320643467726,0.5452857109073951,9.281371994832918,11,3,5,0
2024-05-30 12:00:00,2.6432112541669204,36.15006721287548,56.32915005605053,0.9341299498465365,8.083103906748843,12,3,5,0
2024-05-30 13:00:00,2.376826078910803,33.539646225898565,70.98441978510202,0.9406958242588969,4.770340344384826,13,3,5,0
2024-05-30 14:00:00,2.98649644315442,36.64117761212649,63.810796036347504,0.7919166839974849,6.144379008933404,14,3,5,0
2024-05-30 15:00:00,4.680966279799968,35.58340733290861,72.7157568489894,0.4126778000960234,2.5529213986904487,15,3,5,0
2024-05-30 16:00:00,2.238573956012704,36.59191257690377,63.28099003330123,0.7141252454016942,7.215795075322323,16,3,5,0
2024-05-30 17:00:00,1.532202896914567,35.204993746386165,65.6153948709913,0.4477663805427796,7.1577038813768015,17,3,5,0
2024-05-30 18:00:00,1.5576065911171035,34.383486868359384,69.13356006018773,0.11701991351304086,6.5632522980276224,18,3,5,0
2024-05-30 19:00:00,0.6001851112074507,31.228216500038585,74.12404241665075,0.5472140645868855,0.15227173663625027,19,3,5,0
2024-05-30 20:00:00,0.0,32.04415198714729,71.4869655446733,0.9850958818034797,7.596592578754797,20,3,5,0
2024-05-30 21:00:00,0.0,29.548985120283355,78.12441331967543,0.05456758948777152,4.104277651366144,21,3,5,0
2024-05-30 22:00:00,0.0,27.33582912595222,76.00899039258934,0.2938795769610537,1.6176161933747157,22,3,5,0
2024-05-30 23:00:00,0.0,26.696118099592777,81.03959958161191,0.08722402844508514,1.5311413988531308,23,3,5,0
2024-05-31 00:00:00,0.0,25.004045061028993,74.96062819923866,0.7640331137211066,4.897581247892275,0,4,5,0
2024-05-31 01:00:00,0.0,26.750806171218663,82.87622486217992,0.9312989628775304,3.6469871282251356,1,4,5,0
2024-05-31 02:00:00,0.0,25.450484757899407,68.10724305515491,0.5843897927549326,3.3243723730128707,2,4,5,0
2024-05-31 03:00:00,0.0,23.888650418533807,83.285743160893,0.47942413515345306,1.4002713389155796,3,4,5,0
2024-05-31 04:00:00,0.0,27.27986504656703,71.02287597624196,0.6518799914474909,7.136564522941411,4,4,5,0
2024-05-31 05:00:00,0.0,26.42498550862613,77.69286635101314,0.20340494273784382,2.8762048688328177,5,4,5,0
2024-05-31 06:00:00,0.6322760957143956,29.850971967446135,73.20136946517842,0.5672724975732115,2.933155805951977,6,4,5,0
2024-05-31 07:00:00,1.5075133641057112,28.15731705808273,67.8692786978113,0.4419018068869437,6.029037474193365,7,4,5,0
2024-05-31 08:00:00,1.869871567337136,31.231772159765757,63.60848657773273,0.3618426477279254,0.29679531486905386,8,4,5,0
2024-05-31 09:00:00,2.71096181094885,30.768583068149503,61.91426756021157,0.4972922471808824,9.149173573999894,9,4,5,0
2024-05-31 10:00:00,4.802883402592053,32.77147559003375,59.81107166306831,0.5403202711001079,8.350244192714452,10,4,5,0
2024-05-31 11:00:00,3.7851523039828496,32.326288688683285,59.07068275848332,0.6228831685540083,0.6986410065101567,11,4,5,0
2024-05-31 12:00:00,6.5785506843225106,34.16860578329296,53.20357865712882,0.40541045663508835,1.7484091579069827,12,4,5,0
2024-05-31 13:00:00,3.625610504888234,33.45653211466112,70.63842292246422,0.9872619507378542,5.226355766907381,13,4,5,0
2024-05-31 14:00:00,5.370419060481551,35.62164648049924,60.084711976195045,0.5068073592418759,5.537095260126096,14,4,5,0
2024-05-31 15:00:00,6.896049598205127,33.578559788373724,61.66989861961226,0.4292938054340828,8.589652007809514,15,4,5,0
2024-05-31 16:00:00,3.598879990503952,35.04537012430281,58.12170291695005,0.029737649364075414,9.934443195941858,16,4,5,0
2024-05-31 17:00:00,2.1692150558327152,34.95596462984618,61.458867523122784,0.5760874947853092,2.5533542594998373,17,4,5,0
2024-05-31 18:00:00,2.2140990684691317,34.67903877957418,63.39985212445001,0.08115896952951518,8.45529724281271,18,4,5,0
2024-05-31 19:00:00,0.30210048315643895,31.39405404214672,68.74355169977545,0.99257936228158,3.0302692613370565,19,4,5,0
2024-05-31 20:00:00,0.0,28.212289973568428,73.16667765483648,0.07621796106007073,7.69229281651088,20,4,5,0
2024-05-31 21:00:00,0.0,29.610636324574298,70.90237040084965,0.5056495950558134,8.977733958441057,21,4,5,0
2024-05-31 22:00:00,0.0,28.950883030546816,63.46124315289272,0.04984333168283983,0.9031145742839253,22,4,5,0
2024-05-31 23:00:00,0.0,28.5013486230828,71.28536962507245,0.3569480396835676,8.975114274769277,23,4,5,0
2024-06-01 00:00:00,0.0,28.195620344202922,68.28155475472808,0.707710661544512,4.701380362900254,0,5,6,1
2024-06-01 01:00:00,0.0,27.604853658369034,82.98531643548996,0.9049046994938026,9.694924921574902,1,5,6,1
2024-06-01 02:00:00,0.0,26.411687434536976,78.19383799806192,0.7759932047957971,4.050428404819839,2,5,6,1
2024-06-01 03:00:00,0.0,26.106197232321318,77.92758820239006,0.28334364081767316,4.401876413782944,3,5,6,1
2024-06-01 04:00:00,0.0,27.76981264958933,75.32035767477011,0.6187872413611324,9.186173910755187,4,5,6,1
2024-06-01 05:00:00,0.0,28.54153115100628,77.32997049770972,0.2552688786025523,3.45189014511409,5,5,6,1
2024-06-01 06:00:00,0.5601537283080537,30.182338335029538,67.21869440213813,0.42362525943790075,0.013835043648048329,6,5,6,1
2024-06-01 07:00:00,1.5789290709056445,31.39861925047242,70.10066028395802,0.3113689941379424,4.716007803707068,7,5,6,1
2024-06-01 08:00:00,3.10454602700514,30.08326040724617,67.56718343220867,0.07778322565948337,1.9261738069964673,8,5,6,1
2024-06-01 09:00:00,1.4185266745373089,33.70319753870484,63.40918685259806,0.84087698031518,8.476569092938522,9,5,6,1
2024-06-01 10:00:00,9.259351839282338,36.56079994132924,63.1112103793333,0.10135831825365871,4.531015479519654,10,5,6,1
2024-06-01 11:00:00,6.986473221240286,36.94642654491508,62.061378490941046,0.18165181405955866,3.529113207016561,11,5,6,1
2024-06-01 12:00:00,10.635612488490919,36.23196104971862,53.32316875665765,0.14529098601165136,9.317919722392405,12,5,6,1
2024-06-01 13:00:00,3.4133273520075624,37.43100232597323,47.61909416537898,0.9398561294809127,6.710906768690805,13,5,6,1
2024-06-01 14:00:00,6.380152767543925,37.218117752550185,53.506517235185555,0.5076751654407198,3.157757545648572,14,5,6,1
2024-06-01 15:00:00,6.611207706658319,36.8449546346229,46.97855575862865,0.4185213425970601,9.548792031607531,15,5,6,1
2024-06-01 16:00:00,1.6590221573077444,36.15055829102437,63.15892847192464,0.940177464370532,8.8428670698526,16,5,6,1
2024-06-01 17:00:00,3.202794068263796,36.259965364045,64.57491345547429,0.06899687779285502,9.573317228969497,17,5,6,1
2024-06-01 18:00:00,0.952037047484486,33.51564322912729,60.64311351805079,0.6412260863190352,3.8061068483910643,18,5,6,1
2024-06-01 19:00:00,1.1705434455452395,34.13766339186323,68.38800224733197,0.0011395230567472492,2.949003805325112,19,5,6,1
2024-06-01 20:00:00,0.0,31.245662419902843,57.39990793794695,0.4800690564392889,1.0163576137976316,20,5,6,1
2024-06-01 21:00:00,0.0,31.680331717691814,68.61876818362303,0.44231496056053454,2.068130731268747,21,5,6,1
2024-06-01 22:00:00,0.0,30.381730179772774,62.66464268110438,0.7423217303637021,2.459864741171962,22,5,6,1
2024-06-01 23:00:00,0.0,29.609142484327357,75.86939826170635,0.3438960287217776,1.6872063272107218,23,5,6,1
2024-06-02 00:00:00,0.0,30.257565790571714,80.96220294324233,0.26710345738632035,2.855886494148775,0,6,6,1
2024-06-02 01:00:00,0.0,28.45724246098391,77.78829465252319,0.6253708803085823,6.084367698172651,1,6,6,1
2024-06-02 02:00:00,0.0,27.013941251827635,71.77621670619278,0.8653237144074594,4.408500125908029,2,6,6,1
2024-06-02 03:00:00,0.0,26.452148294300013,76.7538432062081,0.23960369299573825,9.213641236178495,3,6,6,1
2024-06-02 04:00:00,0.0,28.54935547875298,80.78618727702992,0.28723132462391976,6.5836920898758455,4,6,6,1
2024-06-02 05:00:00,0.0,29.16668330759355,73.27198213173963,0.040661477144416924,7.351026619253574,5,6,6,1
2024-06-02 06:00:00,0.5687018866509321,26.082033697396078,74.60222060659606,0.3562522437720034,2.352350337113378,6,6,6,1
2024-06-02 07:00:00,1.5285748852454955,32.148328591978974,60.67807519519421,0.43229650748029447,8.650801040035814,7,6,6,1
2024-06-02 08:00:00,2.0025170267943606,33.606440961823026,52.78456414928211,0.6109518572023339,2.7931677456285797,8,6,6,1
2024-06-02 09:00:00,2.7826977428329474,34.131852686533946,63.26962058012676,0.40432176352987725,9.926513106214317,9,6,6,1
2024-06-02 10:00:00,9.17833891554515,33.7708237294634,61.64551958977121,0.09120479826963557,9.463115248853608,10,6,6,1
2024-06-02 11:00:00,3.926782384391052,35.82947302082496,49.38339187855058,0.8083305274383699,3.1755616657490373,11,6,6,1
2024-06-02 12:00:00,3.0047121022065086,37.111998183651274,48.72731996864955,0.9529040900160247,6.260521846014678,12,6,6,1
2024-06-02 13:00:00,5.757502382091868,38.72708258385679,65.43670253701558,0.7992595624801313,6.854884391533334,13,6,6,1
2024-06-02 14:00:00,2.80361679123904,37.211358769953335,54.61481317481121,0.9965021662486488,9.321736273423793,14,6,6,1
2024-06-02 15:00:00,7.516756341466905,37.272616329139524,51.322519277527,0.14355890304849261,4.797313134823057,15,6,6,1
2024-06-02 16:00:00,3.981362449434301,36.9925100940699,59.150239960442285,0.20840916487428762,9.230420131133295,16,6,6,1
2024-06-02 17:00:00,1.3027513458654736,35.658094999157555,47.92958066620871,0.9048438129487837,2.090727673201229,17,6,6,1
2024-06-02 18:00:00,1.0276315258066318,36.44137502292008,58.578326477811245,0.7627181642094786,8.435195635698484,18,6,6,1
2024-06-02 19:00:00,0.8064263891473273,33.09159645119525,58.34905100789126,0.23184561292889383,1.1033176153616153,19,6,6,1
2024-06-02 20:00:00,0.0,32.59556997155432,65.38601469869894,0.046285558328903575,7.912666365644544,20,6,6,1
2024-06-02 21:00:00,0.0,31.256186290077324,68.06861038314437,0.20393265838240326,6.43761931619213,21,6,6,1
2024-06-02 22:00:00,0.0,29.84371044819533,60.30170094616932,0.16343568401385866,2.426027286065527,22,6,6,1
2024-06-02 23:00:00,0.0,28.752584329447075,75.97230071689899,0.8875409183995796,1.7539228271802554,23,6,6,1
2024-06-03 00:00:00,0.0,28.55050616021865,72.1100186766309,0.46332338639112813,5.4171110121996255,0,0,6,0
2024-06-03 01:00:00,0.0,26.821368869813515,71.77386326410807,0.2014065040417402,6.0615332839843505,1,0,6,0
2024-06-03 02:00:00,0.0,25.97802784967286,67.36610835553243,0.39016219233207583,6.85598304097055,2,0,6,0
2024-06-03 03:00:00,0.0,28.596610325061878,64.17277988755347,0.38706551652728716,7.832771240465846,3,0,6,0
2024-06-03 04:00:00,0.0,27.457345853680188,67.93273255641415,0.5489276865107947,5.142657371038953,4,0,6,0
2024-06-03 05:00:00,0.0,29.188639177850764,73.3780384930438,0.8378978685173347,6.71425417924799,5,0,6,0
2024-06-03 06:00:00,0.706609899742012,29.096648685961803,77.3535305865728,0.6018117976682236,2.504957116911867,6,0,6,0
2024-06-03 07:00:00,2.196055883758442,33.15065748213953,53.11261052509889,0.0824846777051268,1.4358833659669268,7,0,6,0
2024-06-03 08:00:00,1.7660386670586916,33.1129187920337,61.488098750351,0.7178324227354,6.6780120748616465,8,0,6,0
2024-06-03 09:00:00,2.5277380090331696,31.28667766139204,62.65952327659805,0.2841451961745177,4.143641970546708,9,0,6,0
2024-06-03 10:00:00,3.987349368370881,34.56204668999772,57.440265783334986,0.8488337128902118,6.716796263313788,10,0,6,0
2024-06-03 11:00:00,2.8717205764815756,35.38762270704844,63.52483297955354,0.9476724545971252,7.831300154380239,11,0,6,0
2024-06-03 12:00:00,4.080259718462619,39.112829948231905,50.70511683069315,0.8921562227968843,8.09661953437901,12,0,6,0
2024-06-03 13:00:00,4.204814202829644,38.005928970871366,53.23698944668336,0.8992969550952146,6.239398478981202,13,0,6,0
2024-06-03 14:00:00,6.1009768239461595,37.978273906442496,48.12374053148365,0.17259298716836136,4.4558464280699095,14,0,6,0
2024-06-03 15:00:00,9.179495775816756,37.52000709818877,60.858284851821146,0.1713151273064969,9.933533130217263,15,0,6,0
2024-06-03 16:00:00,1.8455917464176277,37.71447856869648,48.76200734519399,0.5541412061263771,2.174891835094325,16,0,6,0
2024-06-03 17:00:00,2.1177564214680973,36.379425481711934,61.42721964637771,0.04791246973352625,9.933341091966042,17,0,6,0
2024-06-03 18:00:00,1.6381437526657077,35.40919169145755,57.86824618326004,0.11435239976815248,5.10851084391017,18,0,6,0
2024-06-03 19:00:00,0.5454397480032008,32.35578397037616,60.340904632726044,0.6975151577629033,3.6204781505837036,19,0,6,0
2024-06-03 20:00:00,0.0,34.72283525424254,59.120368010480306,0.09089609535801557,6.341727800150396,20,0,6,0
2024-06-03 21:00:00,0.0,30.69538027013958,61.67319632879466,0.6642144680690419,4.501815431159933,21,0,6,0
2024-06-03 22:00:00,0.0,29.479073070251605,83.35857170450402,0.016219133083421378,1.1523773388820935,22,0,6,0
2024-06-03 23:00:00,0.0,30.094460667824148,64.25317555513945,0.1671838333877338,2.9141087854968264,23,0,6,0
2024-06-04 00:00:00,0.0,29.310681300446078,65.22309734702603,0.14141210100181556,1.4858807732169543,0,1,6,0
2024-06-04 01:00:00,0.0,27.04258174060263,71.98513435879497,0.3859643113597294,3.4441224571620155,1,1,6,0
2024-06-04 02:00:00,0.0,27.061587033025233,75.74146111811172,0.695820767509282,3.0326025592526307,2,1,6,0
2024-06-04 03:00:00,0.0,27.4265668041616,82.48173129265916,0.9468374889028838,8.055387929336437,3,1,6,0
2024-06-04 04:00:00,0.0,28.075526677343678,65.40777879913811,0.9217848396573619,2.595713024514801,4,1,6,0
2024-06-04 05:00:00,0.0,29.0744083601074,71.93764157719485,0.45081727484408407,7.300184603727496,5,1,6,0
2024-06-04 06:00:00,0.9207133991953952,31.077384539687134,70.17254561630699,0.2285262947774933,6.730475233606612,6,1,6,0
2024-06-04 07:00:00,1.3205745374958426,31.71958297104353,70.56856345952708,0.5893788005224037,9.736097147747353,7,1,6,0
2024-06-04 08:00:00,1.3202876530624907,32.480265159397405,67.4540904186945,0.652841174113214,0.7819588596436278,8,1,6,0
2024-06-04 09:00:00,3.8082534629504354,33.80987110862134,65.52105047157087,0.2727937016480936,1.7270417344720235,9,1,6,0
2024-06-04 10:00:00,7.558282496252853,34.82868504171098,59.71672963024787,0.4766785511903864,6.298285380264945,10,1,6,0
2024-06-04 11:00:00,4.44465895654213,36.490740694649865,54.92880864583473,0.5291837306684746,4.6937247102095006,11,1,6,0
2024-06-04 12:00:00,4.395667917937965,37.493346444777885,54.646676729046355,0.6587146008152391,9.739671422617528,12,1,6,0
2024-06-04 13:00:00,5.1899358765037595,37.8296765948955,45.899702035281194,0.7552984829165786,0.9539256944253849,13,1,6,0
2024-06-04 14:00:00,3.726882452479442,37.13744023765138,54.87694950507625,0.730689622565956,7.38777001921978,14,1,6,0
2024-06-04 15:00:00,5.509861834757272,37.53857883349604,64.16178749856013,0.6325193216400605,6.911975962907203,15,1,6,0
2024-06-04 16:00:00,1.7110317738905878,35.98026787370013,57.04660390418249,0.8651635513231082,9.772705128222848,16,1,6,0
2024-06-04 17:00:00,3.100579460962837,38.12940798411195,56.73675749887181,0.06857724129860054,2.9470801482292988,17,1,6,0
2024-06-04 18:00:00,0.7911189843252949,33.797337844381445,67.83290685942154,0.6409364571560077,8.292815453941268,18,1,6,0
2024-06-04 19:00:00,0.3996496144798951,33.422303010700595,68.65723594600274,0.6284934697950025,3.8107322923404583,19,1,6,0
2024-06-04 20:00:00,0.0,32.89645794035475,63.54645821616412,0.086214924515149,6.879930906119399,20,1,6,0
2024-06-04 21:00:00,0.0,32.801356929198654,63.9848288410444,0.22969589873859497,1.2314146351378386,21,1,6,0
2024-06-04 22:00:00,0.0,30.496840130287563,63.61380915366137,0.5387870934191001,7.034160291296443,22,1,6,0
2024-06-04 23:00:00,0.0,30.101949808217185,65.26538222823301,0.06648619053312887,9.228828659425222,23,1,6,0
2024-06-05 00:00:00,0.0,29.595697850258315,66.89851188866857,0.18087415864508793,9.156551797889579,0,2,6,0
2024-06-05 01:00:00,0.0,26.984457921468877,74.26913051648866,0.477221542424921,8.78198854153467,1,2,6,0
2024-06-05 02:00:00,0.0,28.156271077996898,79.75341479734985,0.08025739147330702,8.016983479121523,2,2,6,0
2024-06-05 03:00:00,0.0,27.302538913634166,75.23145049930575,0.5429056666866989,7.237807732449292,3,2,6,0
2024-06-05 04:00:00,0.0,27.232581777642135,74.09668559158612,0.38735183605378154,2.5895816207981213,4,2,6,0
2024-06-05 05:00:00,0.0,29.282857825285305,61.97070568613762,0.31949187118571765,3.1567798130148086,5,2,6,0
2024-06-05 06:00:00,0.4576295167271443,30.042244589188076,82.8327377129726,0.7084543760617095,4.900485283148521,6,2,6,0
2024-06-05 07:00:00,1.1219868397866306,31.67288012233284,66.40293972140294,0.7390244198045108,0.3497496630201624,7,2,6,0
2024-06-05 08:00:00,0.7982307282791172,31.69712200506594,73.9702596719887,0.9556808469068925,5.927797770380941,8,2,6,0
2024-06-05 09:00:00,2.6223467036723274,33.86479975658643,66.07799671343281,0.3286629170444767,5.408221445934499,9,2,6,0
2024-06-05 10:00:00,2.74863121182077,34.67970818090754,52.07602147346037,0.9836260220569785,8.477382541089085,10,2,6,0
2024-06-05 11:00:00,4.925191652264408,35.62790252723284,62.318395793202015,0.7338482762899182,2.0700444815227925,11,2,6,0
2024-06-05 12:00:00,8.319604961649324,36.914611302935214,55.48696501618616,0.240012720989897,9.853702125619897,12,2,6,0
2024-06-05 13:00:00,5.331117936504552,37.14085063783521,45.108891051891874,0.6323400368282462,9.535937413540374,13,2,6,0
2024-06-05 14:00:00,2.7363268416628697,39.69541744814589,46.089131086890454,0.9569297044286319,9.905692458135215,14,2,6,0
2024-06-05 15:00:00,5.096224199927178,38.337244026803745,53.91005604620078,0.5438996772249207,6.421121502217332,15,2,6,0
2024-06-05 16:00:00,2.9415434929186755,36.37728088838797,59.38924192063945,0.2809811716128019,1.5710430580988433,16,2,6,0
2024-06-05 17:00:00,1.9086039136113333,35.191084969739,54.00061966024525,0.39827235055708254,9.347174624860116,17,2,6,0
2024-06-05 18:00:00,1.315054018992132,35.37571286102905,54.62769179691241,0.6635121501514348,6.6143246147929435,18,2,6,0
2024-06-05 19:00:00,0.8826538167880981,33.537396950763366,57.43063716025695,0.3069530298796166,8.629522842122025,19,2,6,0
2024-06-05 20:00:00,0.0,32.064618918323625,51.79713663605392,0.9286362087356806,1.6128109384877154,20,2,6,0
2024-06-05 21:00:00,0.0,31.12646023221089,69.62716321336104,0.6359323664239129,6.674483921785258,21,2,6,0
2024-06-05 22:00:00,0.0,31.81744115776158,66.50270865201735,0.6184797863906786,4.556245350239645,22,2,6,0
2024-06-05 23:00:00,0.0,28.815036345116926,59.28015905253661,0.021698724396933655,3.5410804653856243,23,2,6,0
2024-06-06 00:00:00,0.0,27.371463538338407,72.24968423038109,0.8582553184442191,0.5395013946268534,0,3,6,0
2024-06-06 01:00:00,0.0,30.36709423587555,69.34050284343758,0.399705680589845,7.598565791896155,1,3,6,0
2024-06-06 02:00:00,0.0,25.39471210819375,82.49982575816139,0.017380485303690185,3.4863810288231836,2,3,6,0
2024-06-06 03:00:00,0.0,27.178448116655087,70.48866079478653,0.5435926115970706,2.073023404091713,3,3,6,0
2024-06-06 04:00:00,0.0,28.75517051121112,71.75292425718803,0.5233114409837889,2.360304513455811,4,3,6,0
2024-06-06 05:00:00,0.0,28.204882252391428,67.62306263063752,0.01004142074664871,1.3297573648897731,5,3,6,0
2024-06-06 06:00:00,0.8891962940876871,28.88351849513075,79.17937252144519,0.12010296028812406,4.966448006781082,6,3,6,0
2024-06-06 07:00:00,1.577473891814027,31.523298887589252,70.92728772489697,0.2989103618064113,3.6535057173779153,7,3,6,0
2024-06-06 08:00:00,1.1539951234150463,32.7991018033231,67.79508142590878,0.8253908436853103,7.394104184533212,8,3,6,0
2024-06-06 09:00:00,3.5014850728780047,32.604347242758614,66.37730723759535,0.3420229322869882,8.326713610747294,9,3,6,0
2024-06-06 10:00:00,7.495538265123627,35.577331174375075,60.84288892006178,0.08791108439383,3.100792787426203,10,3,6,0
2024-06-06 11:00:00,6.126171012978627,35.75922742745301,53.52192338698973,0.17911945031477428,3.8405845645655123,11,3,6,0
2024-06-06 12:00:00,8.058083301881734,37.26779850000738,48.728642392005824,0.25161986549858506,5.584136053229679,12,3,6,0
2024-06-06 13:00:00,10.14429769395734,37.554752454355835,47.297161794778575,0.30784713887952686,6.478720993240058,13,3,6,0
2024-06-06 14:00:00,4.740037724635628,36.36026877577616,56.95234162605458,0.6367367786467314,8.12211679558214,14,3,6,0
2024-06-06 15:00:00,6.782077843779174,37.196207696428694,60.93399707242507,0.03772609420915174,1.3400867120695437,15,3,6,0
2024-06-06 16:00:00,4.78232442920717,38.077392105882076,54.069909462422196,0.03255517594020374,6.678267289652587,16,3,6,0
2024-06-06 17:00:00,2.4363270093080924,35.69840339145035,53.11179410373687,0.24759511735405793,2.507678569752103,17,3,6,0
2024-06-06 18:00:00,1.7121063168605324,36.13355317444443,57.011433882922624,0.32352270012463147,0.1262605968631969,18,3,6,0
2024-06-06 19:00:00,0.8096065950123286,32.27931547615657,70.6989923073853,0.5633752714076536,4.047041859418342,19,3,6,0
2024-06-06 20:00:00,0.0,31.8808686439589,68.48432570201153,0.8498858557944629,2.5893825287421555,20,3,6,0
2024-06-06 21:00:00,0.0,31.683927819746582,64.53118772612738,0.8506085055017196,6.3792439508923495,21,3,6,0
2024-06-06 22:00:00,0.0,29.891747468808703,69.373211828184,0.995408994658829,3.709068665951879,22,3,6,0
2024-06-06 23:00:00,0.0,29.020843663409966,77.2149424143619,0.05069068057253534,6.484457590596158,23,3,6,0
2024-06-07 00:00:00,0.0,28.266083115316537,74.19931845388959,0.6194558509841147,3.331871890219632,0,4,6,0
2024-06-07 01:00:00,0.0,26.387887199233365,76.26053383034144,0.019839554808542492,5.341510333990783,1,4,6,0
2024-06-07 02:00:00,0.0,26.47172488509306,81.12758296374348,0.1471051518679456,3.043374154017504,2,4,6,0
2024-06-07 03:00:00,0.0,30.081057396580977,65.55090763875805,0.9084713501060864,9.761690352010328,3,4,6,0
2024-06-07 04:00:00,0.0,27.828483277415227,74.81349042830108,0.01791463618466327,1.378069440718116,4,4,6,0
2024-06-07 05:00:00,0.0,28.93773750904929,77.43753894948196,0.8292640494081048,4.9638882058159215,5,4,6,0
2024-06-07 06:00:00,0.612651268478892,29.67327993443906,71.11051603562282,0.6377763891847443,0.9536898541411953,6,4,6,0
2024-06-07 07:00:00,1.3558759699833192,30.33125884028084,75.97235256012206,0.2428514163217238,8.480306567249473,7,4,6,0
2024-06-07 08:00:00,3.0872837428514908,31.776615535681056,71.35428007108149,0.131464303307963,5.801116762588183,8,4,6,0
2024-06-07 09:00:00,2.679160674590351,32.35311289484183,58.072559506607114,0.5596823935506641,7.248848132013023,9,4,6,0
2024-06-07 10:00:00,5.867519693704981,36.32401308066894,57.621095554814445,0.24275677844827115,1.0846179997652095,10,4,6,0
2024-06-07 11:00:00,4.114404656023875,35.368310379404356,62.672304602626035,0.7718026199306726,6.254586826147184,11,4,6,0
2024-06-07 12:00:00,5.195318882868692,36.648860553833835,56.52934917410902,0.6188512238063918,3.937557885308345,12,4,6,0
2024-06-07 13:00:00,6.584510413594345,36.73577767132436,61.8713171514769,0.6713197574379896,1.8217689189861164,13,4,6,0
2024-06-07 14:00:00,5.153987467253173,36.526922551546406,60.30735720970779,0.37462625355603474,6.259453520498002,14,4,6,0
2024-06-07 15:00:00,4.770289493526809,38.111208037477695,39.94177704339616,0.5814075676697285,2.2753014703573893,15,4,6,0
2024-06-07 16:00:00,3.4013269937736204,36.85264323917783,56.51557049186693,0.2778004106809042,7.959169788015554,16,4,6,0
2024-06-07 17:00:00,2.5476571879719576,36.653036476121166,56.241249178464884,0.2671769581972878,2.553382863946516,17,4,6,0
2024-06-07 18:00:00,0.9919063113570892,35.712821266834105,57.816108705567295,0.434401827570848,8.080514129118606,18,4,6,0
2024-06-07 19:00:00,0.5776819944040253,33.978322660809944,62.29365940273488,0.6282372239823747,5.950818671212177,19,4,6,0
2024-06-07 20:00:00,0.0,31.257163354418886,69.13762521602195,0.44727186133071306,8.99246402420631,20,4,6,0
2024-06-07 21:00:00,0.0,31.038690270923226,63.725966911083866,0.25444865695891683,7.01883250665631,21,4,6,0
2024-06-07 22:00:00,0.0,31.69476179140225,68.64781671220676,0.6162992917970267,6.43389229551643,22,4,6,0
2024-06-07 23:00:00,0.0,28.773964713898973,74.05924868153599,0.29769698353384233,6.501531680250152,23,4,6,0
2024-06-08 00:00:00,0.0,28.646181849512438,71.75881340550484,0.2775977081034917,6.469217743027818,0,5,6,1
2024-06-08 01:00:00,0.0,26.86626901332499,78.44282415503817,0.7671301286801406,5.465867189123513,1,5,6,1
2024-06-08 02:00:00,0.0,26.88226148027964,77.44460208332653,0.3650304770748216,8.465379669859116,2,5,6,1
2024-06-08 03:00:00,0.0,27.979737816910234,72.17555632893641,0.47401300432622384,0.884703889373909,3,5,6,1
2024-06-08 04:00:00,0.0,27.775519782454694,75.73595560496518,0.22185118117917468,6.177954428295953,4,5,6,1
2024-06-08 05:00:00,0.0,28.44314323992983,75.62790639319373,0.015878595531527373,8.228468429199637,5,5,6,1
2024-06-08 06:00:00,0.6573347770893488,30.04313149773393,79.79868395808377,0.5953119656233544,3.221246768701235,6,5,6,1
2024-06-08 07:00:00,0.9494736264910577,31.5356078367278,58.292196639478604,0.8488966292440668,2.369965801392513,7,5,6,1
2024-06-08 08:00:00,2.16739437159843,33.17091341827909,59.72725999210872,0.043219308902859854,3.7837607065433865,8,5,6,1
2024-06-08 09:00:00,2.1184908535179905,33.71260007997915,60.16754563750566,0.6278647795982097,3.9380214182974695,9,5,6,1
2024-06-08 10:00:00,7.295807701173413,33.84109971271343,62.071468243326194,0.023155580265174724,3.3589270512285143,10,5,6,1
2024-06-08 11:00:00,4.219920172672041,36.32783194192448,59.6647439299301,0.6252096008985262,8.38131206132816,11,5,6,1
2024-06-08 12:00:00,11.00690917920942,36.40481963750482,62.18596145718255,0.04810611822474131,6.742078653592923,12,5,6,1
2024-06-08 13:00:00,8.533125035832152,38.494618041585106,50.98136385967214,0.2690132383861996,0.9782975578154063,13,5,6,1
2024-06-08 14:00:00,2.409984334297671,37.023801736057166,55.96955776898276,0.9736562388047906,3.274969055659356,14,5,6,1
2024-06-08 15:00:00,6.056330810846448,36.58145320235901,63.846413989135485,0.25480386027527535,3.7553107777343344,15,5,6,1
2024-06-08 16:00:00,1.5647834042178739,37.72614982761675,52.12421806239522,0.8358596404988944,0.962338901613301,16,5,6,1
2024-06-08 17:00:00,1.1131578944677416,36.630796068151724,59.60366069856758,0.7893968156809956,0.5351330846253921,17,5,6,1
2024-06-08 18:00:00,1.9858894996806629,34.47999631696021,57.38751406947586,0.06872321447584673,1.2130668757282592,18,5,6,1
2024-06-08 19:00:00,0.7746704440124694,33.280351427496036,57.497955396374586,0.4723698294935209,5.756580779642721,19,5,6,1
2024-06-08 20:00:00,0.0,29.974960126890807,73.03656323864978,0.8843712791758275,6.485088655152527,20,5,6,1
2024-06-08 21:00:00,0.0,28.776474963673664,67.29303606658927,0.25475887687637977,6.3417292485634675,21,5,6,1
2024-06-08 22:00:00,0.0,30.622763475315946,59.66265576500764,0.685206878512823,5.325563789126165,22,5,6,1
2024-06-08 23:00:00,0.0,29.21315633607678,69.14753236102125,0.3895944548936201,1.5563876533718513,23,5,6,1
2024-06-09 00:00:00,0.0,27.929900870195315,86.23162565904155,0.26553326760315243,6.450757074599936,0,6,6,1
2024-06-09 01:00:00,0.0,27.62308243397728,80.17196713126094,0.9310331184184377,1.2573822608590624,1,6,6,1
2024-06-09 02:00:00,0.0,27.19488618395688,75.42040062441275,0.045554017150720605,6.789793875569977,2,6,6,1
2024-06-09 03:00:00,0.0,25.59927876030257,80.08955191323415,0.3712310935672891,7.66468885468209,3,6,6,1
2024-06-09 04:00:00,0.0,27.82044996383268,76.04581026912979,0.08206581491203435,7.9301864612758095,4,6,6,1
2024-06-09 05:00:00,0.0,28.90452941601329,72.11926562756574,0.8742289300435021,2.23910968679447,5,6,6,1
2024-06-09 06:00:00,0.6369400474833338,29.54235111790294,72.6389537181566,0.4765322166381152,6.8558638206081906,6,6,6,1
2024-06-09 07:00:00,0.5764250236984131,31.185694133064533,73.63882333710613,0.909163722397171,3.9885412838023813,7,6,6,1
2024-06-09 08:00:00,1.2168376018474112,32.38798081416691,70.52589219829677,0.8107377331076231,3.6345617984223564,8,6,6,1
2024-06-09 09:00:00,3.0835116418568687,33.407605148273646,65.13845783381973,0.5407331566997928,3.7647511861971052,9,6,6,1
2024-06-09 10:00:00,4.906960471804186,35.14448074506557,55.38994260369966,0.4305856867140645,3.816192991668046,10,6,6,1
2024-06-09 11:00:00,3.5088527461588757,36.1095813134865,60.02307251760438,0.6292944096394667,7.786712925122434,11,6,6,1
2024-06-09 12:00:00,8.205163247273072,35.105426421713005,67.21973924048407,0.05443378144270772,6.741542321074615,12,6,6,1
2024-06-09 13:00:00,3.52748764926512,36.681992182326475,55.40448844878796,0.8590474293445639,0.35221907809095065,13,6,6,1
2024-06-09 14:00:00,6.114767409577822,37.36854771652204,50.64742415975526,0.33734403483551667,5.1761579645097004,14,6,6,1
2024-06-09 15:00:00,5.9911627221446535,38.31825822052457,49.962551524476936,0.347319965071478,8.946645833088482,15,6,6,1
2024-06-09 16:00:00,2.0343348163450274,37.58518832498526,63.41253268853192,0.5046224062312379,7.24601250676388,16,6,6,1
2024-06-09 17:00:00,2.3738031710613985,36.11132211009528,50.846743903739174,0.5552212419372086,1.6976738725750296,17,6,6,1
2024-06-09 18:00:00,2.1350225813790273,36.144084761809495,54.2026198852105,0.08214179699095148,5.420304885080024,18,6,6,1
2024-06-09 19:00:00,0.49793670172184484,33.34276407896801,64.88370394831783,0.5498658113151274,4.652678067788022,19,6,6,1
2024-06-09 20:00:00,0.0,32.39226436091784,60.327120185959444,0.6601219457401746,5.25632465791368,20,6,6,1
2024-06-09 21:00:00,0.0,31.634078429550232,79.29262945785905,0.354421236073558,5.011006361687009,21,6,6,1
2024-06-09 22:00:00,0.0,29.575404667691597,69.99950018407544,0.16908577207803532,7.663176739237304,22,6,6,1
2024-06-09 23:00:00,0.0,30.520054040013605,66.98252835504225,0.044697911560322434,0.20212898454259887,23,6,6,1
2024-06-10 00:00:00,0.0,27.593651335429904,70.37191757785378,0.6107422016103162,0.8016473668682389,0,0,6,0
2024-06-10 01:00:00,0.0,28.241899545515064,71.61359205246325,0.6807409144355643,6.600684303818159,1,0,6,0
2024-06-10 02:00:00,0.0,29.272021966394316,72.93811719968869,0.9833617111063719,7.672052151432474,2,0,6,0
2024-06-10 03:00:00,0.0,29.362043778908703,73.78862217251769,0.8836841391433056,0.40026009562519893,3,0,6,0
2024-06-10 04:00:00,0.0,27.47924491786484,70.72010560778004,0.2477373377420673,5.8784599107308875,4,0,6,0
2024-06-10 05:00:00,0.0,28.46747089844403,83.06110561524426,0.5383532951465264,9.279307236626233,5,0,6,0
2024-06-10 06:00:00,0.7599938287321424,29.582837292978382,64.29877347833467,0.30038146944660205,5.48302588277481,6,0,6,0
2024-06-10 07:00:00,2.050390360931844,30.37363407661238,63.18661612077548,0.06105023615675209,5.780473587776951,7,0,6,0
2024-06-10 08:00:00,1.2791792578933283,30.60351613616894,61.20898677799099,0.7319708068242248,3.51169072327014,8,0,6,0
2024-06-10 09:00:00,1.3333049159461243,34.36250192838496,62.94430580601357,0.8349716060723905,5.224345626666808,9,0,6,0
2024-06-10 10:00:00,6.177388593184261,34.616895274040445,62.389039055003735,0.33669626982525247,0.16505133033859254,10,0,6,0
2024-06-10 11:00:00,2.4477202441827797,35.929834423814064,59.222558295216245,0.8892979062142781,9.074185106350743,11,0,6,0
2024-06-10 12:00:00,5.179189496727438,35.72017085218031,62.09299818136343,0.6149484669900734,9.58242363872477,12,0,6,0
2024-06-10 13:00:00,8.423974761896506,39.02230225977472,60.38564900660609,0.2753086860972844,3.6644876614011768,13,0,6,0
2024-06-10 14:00:00,4.616136720747774,37.69451783814486,58.8881058043066,0.5039239440697663,8.971849418856195,14,0,6,0
2024-06-10 15:00:00,5.77344510014435,36.97208064297183,58.820167059241314,0.588679495280567,9.445699296382033,15,0,6,0
2024-06-10 16:00:00,4.990362378590914,37.202735323852394,56.426737175728,0.06168083749737785,3.7902270627442283,16,0,6,0
2024-06-10 17:00:00,1.0174789218736493,35.98201967352495,60.51442094151389,0.8247247714470504,5.39962702993515,17,0,6,0
2024-06-10 18:00:00,0.5097135367290329,35.824405806991294,60.40426600143286,0.9309747060002248,3.5109994346608495,18,0,6,0
2024-06-10 19:00:00,0.9500333978826417,33.42592063961111,77.48905897880633,0.33317293766374345,5.333954400122282,19,0,6,0
2024-06-10 20:00:00,0.0,31.829459286891044,65.68824461093335,0.2468426361785485,7.269940286137285,20,0,6,0
2024-06-10 21:00:00,0.0,30.749411346002244,72.60806149051066,0.6119107312737462,3.2685158820119864,21,0,6,0
2024-06-10 22:00:00,0.0,29.384499650294863,68.55318006614807,0.678138373898715,4.809077245980458,22,0,6,0
2024-06-10 23:00:00,0.0,32.83679306388219,61.1769796797211,0.9617957700311206,7.504983277569179,23,0,6,0
2024-06-11 00:00:00,0.0,28.357031202673195,73.33457301536187,0.37941336280278803,3.700606860842821,0,1,6,0
2024-06-11 01:00:00,0.0,29.32250209165574,66.5160221604165,0.37298753738583335,6.598438635946162,1,1,6,0
2024-06-11 02:00:00,0.0,27.59090719466719,79.10255100318132,0.017624828112777546,8.725442103271746,2,1,6,0
2024-06-11 03:00:00,0.0,28.869614275801652,78.46612648897299,0.7144918430837127,3.403499861396728,3,1,6,0
2024-06-11 04:00:00,0.0,27.017330059205,70.68112655535928,0.058243064246024545,2.3782144914826944,4,1,6,0
2024-06-11 05:00:00,0.0,29.29775889324805,69.95913420873686,0.8675830507480193,9.531951033054257,5,1,6,0
2024-06-11 06:00:00,0.8701486350242065,31.57765514797944,65.35476726103994,0.08827006268090798,1.5420774317224561,6,1,6,0
2024-06-11 07:00:00,1.1474265057544493,31.831277243193632,70.66266289001463,0.6385791682798616,4.780662107458495,7,1,6,0
2024-06-11 08:00:00,2.1225418453928935,31.388636589292208,62.895268677273414,0.03621352834789737,7.177044374423841,8,1,6,0
2024-06-11 09:00:00,3.472232654761234,33.67631239616635,63.53840519668073,0.2474907085681809,6.923367478234286,9,1,6,0
2024-06-11 10:00:00,4.036290959755164,35.605568518206105,58.83827841861955,0.7388309101746688,2.5196809356188754,10,1,6,0
2024-06-11 11:00:00,3.0308088788689527,36.083538670068954,56.60867157751138,0.9121385936829656,9.058305862069663,11,1,6,0
2024-06-11 12:00:00,3.709208842301406,35.13294287093396,55.109447850284965,0.9657673939792979,2.1198466012271053,12,1,6,0
2024-06-11 13:00:00,6.852204343921371,37.29558271278944,54.046255717260046,0.6287161535110243,5.729888800051162,13,1,6,0
2024-06-11 14:00:00,7.581270326768065,36.33664093605168,50.09143713203087,0.1788769372913277,3.304884334032624,14,1,6,0
2024-06-11 15:00:00,6.194011813859257,36.301263915545185,57.0776283562789,0.293212996617235,9.20313773303818,15,1,6,0
2024-06-11 16:00:00,3.281554555456077,36.5826653283411,57.09413329950831,0.39195997579611197,8.092125776352473,16,1,6,0
2024-06-11 17:00:00,2.0010762652579257,36.47281842135761,56.704006210011826,0.39687481447151174,2.246826011418955,17,1,6,0
2024-06-11 18:00:00,1.228734831950464,34.49739996333058,61.39405853241729,0.3471768206162793,0.16909456561755132,18,1,6,0
2024-06-11 19:00:00,0.30723282377812156,31.59551990154975,77.33485370071222,0.9981574853593839,0.8336325985197468,19,1,6,0
2024-06-11 20:00:00,0.0,33.63920103826205,65.54629843474537,0.11518591859165617,0.3858427239106055,20,1,6,0
2024-06-11 21:00:00,0.0,32.0596012665843,67.17996037442414,0.40103152653815843,8.24640128291871,21,1,6,0
2024-06-11 22:00:00,0.0,32.02560770800162,67.42904777469066,0.9964884259393882,2.58923796832377,22,1,6,0
2024-06-11 23:00:00,0.0,29.092480053153082,72.50052048025213,0.28546905944854306,9.268695161418353,23,1,6,0
2024-06-12 00:00:00,0.0,28.398898711734603,71.27176240493176,0.37491811117299656,3.4034981834030766,0,2,6,0
2024-06-12 01:00:00,0.0,26.521895528548836,81.39507578926184,0.23345137527020632,4.37565412186059,1,2,6,0
2024-06-12 02:00:00,0.0,28.14373125081751,76.96088403884319,0.5778508670605113,5.0544531724492625,2,2,6,0
2024-06-12 03:00:00,0.0,24.655024805461156,80.91077250622855,0.982949900451631,0.7728551211681733,3,2,6,0
2024-06-12 04:00:00,0.0,28.935168780636925,72.32026387345789,0.5777856419305631,0.1548306952360845,4,2,6,0
2024-06-12 05:00:00,0.0,29.887223804033322,69.35002661130748,0.38235814878454777,7.430310104978073,5,2,6,0
2024-06-12 06:00:00,1.0642897425512003,29.725490163636124,73.10307283230173,0.0645593701821987,2.3983753379838335,6,2,6,0
2024-06-12 07:00:00,1.2774344324565583,30.56569866448982,67.81661651705471,0.6261433329017903,0.24900107366401691,7,2,6,0
2024-06-12 08:00:00,0.9411061212804886,30.7841569045218,72.4020704137276,0.9901532363170074,2.9013807819307527,8,2,6,0
2024-06-12 09:00:00,1.9757132555141839,33.223651775816656,76.1143904502516,0.8389470699196033,6.00164681780981,9,2,6,0
2024-06-12 10:00:00,6.091711461223368,33.90016799983825,66.23415915635124,0.3773174322453212,3.5466523286092357,10,2,6,0
2024-06-12 11:00:00,6.49389045357077,35.47844896570103,56.80442281131602,0.35328630062513333,5.767777460021631,11,2,6,0
2024-06-12 12:00:00,3.8822934741220863,37.147985701943846,53.19417295519885,0.9181655423713053,9.712834900887374,12,2,6,0
2024-06-12 13:00:00,8.79767007557116,37.0609242094713,54.78134424118106,0.24877767184621769,5.510780781234034,13,2,6,0
2024-06-12 14:00:00,3.077897900708632,39.32656859562291,48.94383236649678,0.7769557574084558,6.146154221610684,14,2,6,0
2024-06-12 15:00:00,3.949373507788677,37.220488427563254,55.52701823998889,0.8671656503686708,2.1633928292396707,15,2,6,0
2024-06-12 16:00:00,2.819578825685277,38.18601399271558,50.51554833249611,0.37686022453042545,0.6097445414031044,16,2,6,0
2024-06-12 17:00:00,3.017882769921945,35.70224952290095,66.22181432634073,0.1883328763130514,8.873384043446581,17,2,6,0
2024-06-12 18:00:00,1.6263007989091605,35.66837330032719,65.08634458469119,0.4791461586819694,8.664767672569706,18,2,6,0
2024-06-12 19:00:00,0.44133875813485896,35.87188177173896,62.32356234867229,0.8978320624352485,0.5165143227175906,19,2,6,0
2024-06-12 20:00:00,0.0,33.3758194056588,63.51337246334071,0.4452036995787222,4.355506660745508,20,2,6,0
2024-06-12 21:00:00,0.0,32.161923908554854,59.87074209547498,0.30987690250429956,7.747566835677118,21,2,6,0
2024-06-12 22:00:00,0.0,31.606029876318058,64.04485298946534,0.8780500855592768,8.903120477445675,22,2,6,0
2024-06-12 23:00:00,0.0,28.989412639895516,64.36646979022458,0.7897637228266341,4.105532502739525,23,2,6,0
2024-06-13 00:00:00,0.0,27.640679542155134,88.71029658019641,0.34026874038245203,8.289585342110437,0,3,6,0
2024-06-13 01:00:00,0.0,29.438376552557873,67.10492433228659,0.10080552564842438,1.785021252337502,1,3,6,0
2024-06-13 02:00:00,0.0,28.286893309826734,73.28151492954666,0.56097093796182,5.158688163116865,2,3,6,0
2024-06-13 03:00:00,0.0,27.060933016328786,73.95077964499173,0.7262615736036074,5.287363513653803,3,3,6,0
2024-06-13 04:00:00,0.0,30.510329235886704,71.36155760995895,0.2709956515898494,0.7953345399753631,4,3,6,0
2024-06-13 05:00:00,0.0,28.59075295385817,74.93425007191519,0.9787486880869154,8.972934895334218,5,3,6,0
2024-06-13 06:00:00,0.7530719340482909,28.094214135395323,80.11035792136718,0.20609981621439677,2.267654149879621,6,3,6,0
2024-06-13 07:00:00,1.2629618237763987,30.74919845049565,62.17239728768768,0.7074347943613324,4.077702655143219,7,3,6,0
2024-06-13 08:00:00,3.4327784412352953,33.63003704522206,57.955051423313726,0.04515331216107643,8.374981838799195,8,3,6,0
2024-06-13 09:00:00,3.6420557374462725,32.79242881742635,61.95892033281609,0.28423643654338127,6.57156151355599,9,3,6,0
2024-06-13 10:00:00,3.1287047849106897,34.66158452198078,58.65467462444431,0.9754021323973638,9.142962339880192,10,3,6,0
2024-06-13 11:00:00,2.2318483302217387,35.586540459099226,55.82018073390572,0.9663458035447801,4.384288849107424,11,3,6,0
2024-06-13 12:00:00,5.011241544863632,37.693896732946314,53.527882010253315,0.5085402318226244,9.895304086045394,12,3,6,0
2024-06-13 13:00:00,7.897513111006216,38.40056237140456,53.56395584084908,0.3574846591980939,9.644465583033071,13,3,6,0
2024-06-13 14:00:00,8.84938058445984,38.64131709383085,52.765850832984015,0.07781858079893589,6.88533207916697,14,3,6,0
2024-06-13 15:00:00,5.639506895195554,38.071716722649235,46.84296169383087,0.39315352522230407,1.5499508723560973,15,3,6,0
2024-06-13 16:00:00,3.927605549757771,35.546247443139144,66.34643269286418,0.08075699951535809,8.147338434491088,16,3,6,0
2024-06-13 17:00:00,0.722272082751309,35.812206721736246,60.84721829416121,0.9643384637054806,9.72540479154855,17,3,6,0
2024-06-13 18:00:00,1.0968441701254952,34.07594915620199,71.18539405160027,0.39281956223800596,4.5134886254985,18,3,6,0
2024-06-13 19:00:00,0.4435049675328598,33.82925548824239,60.384949436818445,0.7933788465971578,6.857925691754931,19,3,6,0
2024-06-13 20:00:00,0.0,32.45157364127453,57.43796090320548,0.7643994155060031,1.7882854600097997,20,3,6,0
2024-06-13 21:00:00,0.0,30.886013759202207,71.02319202131174,0.6254234457098161,2.628311453201385,21,3,6,0
2024-06-13 22:00:00,0.0,29.442605165283233,68.96825121974484,0.3386145562526566,4.060141465224241,22,3,6,0
2024-06-13 23:00:00,0.0,29.27551747890999,78.27915441647811,0.501191340982381,6.808534149624318,23,3,6,0
2024-06-14 00:00:00,0.0,27.071113599155645,76.23471857032683,0.7384729910635329,1.823433546309402,0,4,6,0
2024-06-14 01:00:00,0.0,29.45222893677948,78.56488780652033,0.9566311743568551,1.999013454642653,1,4,6,0
2024-06-14 02:00:00,0.0,26.82920062629505,70.98357537290393,0.9464827462557723,5.117086082436843,2,4,6,0
2024-06-14 03:00:00,0.0,28.04134961299962,77.33970810182329,0.48224915201766105,0.010004344433869328,3,4,6,0
2024-06-14 04:00:00,0.0,28.404244668478164,66.55301274620233,0.4471992919478238,7.945655045057055,4,4,6,0
2024-06-14 05:00:00,0.0,29.41183509643903,66.23667049095265,0.7732382916355571,0.6717439480708665,5,4,6,0
2024-06-14 06:00:00,0.7444212015121363,30.099798255622606,71.41728703766456,0.386331528629403,8.367775613940044,6,4,6,0
2024-06-14 07:00:00,1.6317409384239203,31.66505675082769,70.07674223462944,0.33874686559324974,3.472096863453744,7,4,6,0
2024-06-14 08:00:00,2.1603468864716344,36.30312665486837,63.32926994700554,0.5716434013149277,8.712586550062603,8,4,6,0
2024-06-14 09:00:00,3.3091797203435815,34.220668249969805,59.426114896976905,0.05438229184782761,0.8555114464518043,9,4,6,0
2024-06-14 10:00:00,7.204829859205589,35.680137278962334,56.00572940114514,0.08190256968506482,6.584095512214805,10,4,6,0
2024-06-14 11:00:00,3.4331052987812956,34.26026148986221,56.01472929100611,0.8506588504510064,4.8581436450629765,11,4,6,0
2024-06-14 12:00:00,6.181475565585854,37.13131053076809,50.50042729183257,0.4600373080789131,4.785609392323755,12,4,6,0
2024-06-14 13:00:00,3.576096494172569,36.72605274255418,53.993501826640745,0.8638319197950876,9.870784391244687,13,4,6,0
2024-06-14 14:00:00,7.401579420964802,38.63157574121185,45.66639453216268,0.2526896998314695,6.5594233902467645,14,4,6,0
2024-06-14 15:00:00,3.7951974597384304,39.09666969847017,54.645577429783344,0.8257736149899292,6.766090698738933,15,4,6,0
2024-06-14 16:00:00,3.801538517638786,36.41914093642217,66.56997156206636,0.10966960840559725,7.210910503075931,16,4,6,0
2024-06-14 17:00:00,1.5667727229715431,37.20940493036695,56.394167848994634,0.6640847263012649,3.5893920059594753,17,4,6,0
2024-06-14 18:00:00,0.7005217151026698,36.020505974919026,57.020390529656304,0.9935729283681133,6.765164105266804,18,4,6,0
2024-06-14 19:00:00,0.8482120357822155,35.769381977148385,65.5567208949563,0.3442886536288703,9.837626838322391,19,4,6,0
2024-06-14 20:00:00,0.0,34.83809190185579,61.28860002101025,0.7436091667165732,2.4851641886345566,20,4,6,0
2024-06-14 21:00:00,0.0,30.561741921873605,71.57011013853578,0.8133288040326582,4.253385518035058,21,4,6,0
2024-06-14 22:00:00,0.0,31.014259527543242,68.21271473485943,0.9998156383326013,8.023842926252486,22,4,6,0
2024-06-14 23:00:00,0.0,27.808616563915713,76.88507907472444,0.4007470406560054,7.666641584587065,23,4,6,0
2024-06-15 00:00:00,0.0,28.23726028737378,69.51393527515779,0.5607905876514656,3.9010751251147346,0,5,6,1
2024-06-15 01:00:00,0.0,26.36816993987476,79.80104210966184,0.010687839149665979,3.2114580808732396,1,5,6,1
2024-06-15 02:00:00,0.0,27.566808914261824,73.09553204032993,0.842816932860101,8.655688123821083,2,5,6,1
2024-06-15 03:00:00,0.0,28.058697009936306,71.3423668386276,0.36878489774201484,9.824896941675961,3,5,6,1
2024-06-15 04:00:00,0.0,27.60831138776374,75.56855491835783,0.07654883169125792,5.469544442859428,4,5,6,1
2024-06-15 05:00:00,0.0,27.597657268824285,68.25294419862516,0.66105567549643,4.0031056310249715,5,5,6,1
2024-06-15 06:00:00,1.0170709955706927,30.03359861013354,64.5409499543673,0.22005757432259188,8.995461064766213,6,5,6,1
2024-06-15 07:00:00,1.3265024246722896,29.965442488909346,70.6823752732206,0.5287205822522296,3.4158579680427725,7,5,6,1
2024-06-15 08:00:00,2.854333386783602,32.34382934075499,67.86802193455183,0.1879389799724196,5.399107224258808,8,5,6,1
2024-06-15 09:00:00,1.567705907006205,33.330269127875084,60.48771735663896,0.651341665113096,0.22952945368821753,9,5,6,1
2024-06-15 10:00:00,6.675040091321998,36.84056506175506,47.839371073080684,0.19139862755326809,7.82903975626448,10,5,6,1
2024-06-15 11:00:00,3.6818653927235885,34.59171534155648,49.34715407480439,0.9022103000251908,8.645597593953232,11,5,6,1
2024-06-15 12:00:00,7.880834590472523,37.73684149745494,57.430436057471816,0.32821403053450127,5.043600144459157,12,5,6,1
2024-06-15 13:00:00,6.6520384293621415,38.38036320341701,53.82621516017419,0.2302013626675926,6.092305247546638,13,5,6,1
2024-06-15 14:00:00,8.27000327165874,37.0921784322913,57.050513675497236,0.24382870091978415,5.3644711433957575,14,5,6,1
2024-06-15 15:00:00,6.232146619968694,36.85761905589141,55.553522518662554,0.410171145037485,3.5927256173421274,15,5,6,1
2024-06-15 16:00:00,2.7506094314871814,36.25205427417053,53.15091312647514,0.48338053850437834,4.348109961202673,16,5,6,1
2024-06-15 17:00:00,2.7905962539583635,35.68371702694607,58.988053212963905,0.3929599539755778,8.082173302435443,17,5,6,1
2024-06-15 18:00:00,1.1753685213125364,31.99833699722408,59.29450879970096,0.4196759873816127,0.8131082516751109,18,5,6,1
2024-06-15 19:00:00,0.7030930442040156,33.194061923617454,68.71738237690892,0.222505189549981,4.626723912631099,19,5,6,1
2024-06-15 20:00:00,0.0,33.59046776612134,55.00921739235545,0.4223831753203193,6.663241729128659,20,5,6,1
2024-06-15 21:00:00,0.0,30.122263033861245,72.43628377820409,0.550770177389591,6.499284760740064,21,5,6,1
2024-06-15 22:00:00,0.0,29.439492720598402,69.1507933038979,0.1503914469182489,8.337274764228928,22,5,6,1
2024-06-15 23:00:00,0.0,29.301874536122384,66.5488834683831,0.6071425461791132,0.9216405474285727,23,5,6,1
2024-06-16 00:00:00,0.0,28.239086296795023,78.66187198568967,0.6538103609660048,0.5344297261713293,0,6,6,1
2024-06-16 01:00:00,0.0,27.86084319941163,81.84615439622262,0.32867278089216234,4.524236442129594,1,6,6,1
2024-06-16 02:00:00,0.0,25.878469747179352,73.68254544314206,0.22509087544286577,4.5426074863167045,2,6,6,1
2024-06-16 03:00:00,0.0,26.58478696450784,74.27207019456807,0.4459015830153479,3.838112047193202,3,6,6,1
2024-06-16 04:00:00,0.0,29.83450359039043,68.98133019109463,0.7184255267217244,9.831514238983823,4,6,6,1
2024-06-16 05:00:00,0.0,29.92116995460083,71.72004128398561,0.022693109877039874,1.9828110845861413,5,6,6,1
2024-06-16 06:00:00,0.8297075054337142,29.345177312715446,74.34717049648157,0.24979594629444346,8.686291158788958,6,6,6,1
2024-06-16 07:00:00,0.8604521744289269,31.493630832135292,64.28211407317956,0.9401001337184702,6.0836375625583,7,6,6,1
2024-06-16 08:00:00,2.976791641717541,33.06447184262003,65.43068959346567,0.01548062614066481,2.9601919345279617,8,6,6,1
2024-06-16 09:00:00,1.2652710184194325,34.69165524074993,65.04383010674236,0.7884079908720784,3.2594002461553617,9,6,6,1
2024-06-16 10:00:00,8.546882388642857,35.0749770797132,59.42485739216303,0.1155397268986148,3.384937150523377,10,6,6,1
2024-06-16 11:00:00,3.7806693237952564,37.41889957135871,50.28987858832438,0.7021514825159689,0.32604734086133624,11,6,6,1
2024-06-16 12:00:00,6.555971454737173,36.36983369618883,56.667008600994464,0.3880764633722702,1.4448595534962283,12,6,6,1
2024-06-16 13:00:00,5.307254999445368,37.27785296750527,49.67646942575511,0.7137053788762456,7.818174347196479,13,6,6,1
2024-06-16 14:00:00,7.850672224785126,38.72389713119516,54.76953678635953,0.1122194326681537,7.116227576051034,14,6,6,1
2024-06-16 15:00:00,3.747185730511144,37.609113815366435,56.37259417607603,0.8277917714953748,9.966561602820573,15,6,6,1
2024-06-16 16:00:00,2.1965718637098535,35.972056715461314,51.99908251497501,0.7678797088556953,6.553091680944581,16,6,6,1
2024-06-16 17:00:00,2.1315353056175987,36.95664865655255,58.50846005145485,0.4085371790471267,2.4700410061864897,17,6,6,1
2024-06-16 18:00:00,1.960974424794465,34.143616340147986,54.00429216282592,0.18189510598865677,3.8686148622952956,18,6,6,1
2024-06-16 19:00:00,0.7063335179794077,33.20927074665529,65.65728945977709,0.16090867094345984,0.38595429404376436,19,6,6,1
2024-06-16 20:00:00,0.0,32.77264378393241,70.17844632741554,0.292940291453901,1.779833722209434,20,6,6,1
2024-06-16 21:00:00,0.0,31.557811597611938,69.32467992000323,0.14235247985780697,1.3678135996259888,21,6,6,1
2024-06-16 22:00:00,0.0,30.005645434405718,63.465131853424296,0.10839896910557067,4.300461822100622,22,6,6,1
2024-06-16 23:00:00,0.0,29.028483553656603,70.15342619688363,0.16571742146018598,2.339888346096454,23,6,6,1
2024-06-17 00:00:00,0.0,28.126736952958264,71.84399517734684,0.5273826978836139,8.453540143081458,0,0,6,0
2024-06-17 01:00:00,0.0,26.47479265810858,88.31190446021641,0.6146992409289069,5.451623144006041,1,0,6,0
2024-06-17 02:00:00,0.0,28.178116194257175,75.32438398231606,0.23307986102421163,2.185118300099983,2,0,6,0
2024-06-17 03:00:00,0.0,27.670779828158,76.37608878333677,0.20953001258859083,8.269474742624423,3,0,6,0
2024-06-17 04:00:00,0.0,28.855915636419798,77.94629960246243,0.36210116634143485,5.94362914852039,4,0,6,0
2024-06-17 05:00:00,0.0,29.395892206119196,65.70941022783765,0.7879620600393782,2.6174060110105577,5,0,6,0
2024-06-17 06:00:00,0.33074713580775666,29.75335210720414,68.42179080115577,0.9135706925229828,8.825502403445336,6,0,6,0
2024-06-17 07:00:00,1.4753535631850339,32.11440683926352,60.647896118963956,0.4503043482618312,1.8751207248670987,7,0,6,0
2024-06-17 08:00:00,2.049546966128831,32.789193750059084,63.127771181875495,0.23324632433717218,2.7316494635295663,8,0,6,0
2024-06-17 09:00:00,3.273839156478337,33.44519186754893,59.996137350732646,0.2720760809528895,2.101965821072352,9,0,6,0
2024-06-17 10:00:00,7.230373422965657,34.5549859019539,64.31489784789893,0.06297555057199278,9.310897058464496,10,0,6,0
2024-06-17 11:00:00,6.160445726415626,36.657078843390394,52.41612003600033,0.4617321471465773,1.134031641231279,11,0,6,0
2024-06-17 12:00:00,6.68946690083099,36.458247530854784,59.920862943053635,0.6366850147272347,6.611539689209182,12,0,6,0
2024-06-17 13:00:00,5.211647321056198,37.402281888025925,45.32118188629518,0.6478355272524325,0.6588945089698439,13,0,6,0
2024-06-17 14:00:00,5.090198293075198,38.45407314568237,57.090288563307354,0.40566217186289244,2.5951728790822504,14,0,6,0
2024-06-17 15:00:00,3.1571021591816035,36.59018991222051,62.87480632136638,0.9234398926420766,0.5589682741602597,15,0,6,0
2024-06-17 16:00:00,2.4717133679456023,37.56567501753009,48.17668297794102,0.667795209103542,8.05278164348593,16,0,6,0
2024-06-17 17:00:00,2.6396527829133953,34.73903033893614,62.80038292758275,0.4282978355125946,0.46641857276721765,17,0,6,0
2024-06-17 18:00:00,1.6373927216406847,34.531186015139106,52.49105887120923,0.3979862191461092,8.882000179303486,18,0,6,0
2024-06-17 19:00:00,0.572325238357299,33.63001378672364,65.41668243786359,0.26448860438294364,1.7936290865984572,19,0,6,0
2024-06-17 20:00:00,0.0,33.7811165619493,58.100427884737016,0.4175339602446124,4.337354626585298,20,0,6,0
2024-06-17 21:00:00,0.0,33.50666957017689,68.03417110748828,0.5362239824762902,7.3049347516421514,21,0,6,0
2024-06-17 22:00:00,0.0,30.44322141708749,72.7581617552103,0.7815974442815333,9.28769302039221,22,0,6,0
2024-06-17 23:00:00,0.0,29.89634866401289,63.99819446341159,0.1835744998414116,8.184635661144101,23,0,6,0
2024-06-18 00:00:00,0.0,28.701833065475775,72.72509612034717,0.5261175672236306,2.202391992323186,0,1,6,0
2024-06-18 01:00:00,0.0,27.51508776254013,81.28263982517618,0.5810164668102802,7.8449314168790405,1,1,6,0
2024-06-18 02:00:00,0.0,28.160877655830035,79.59494651648886,0.24446822799076384,2.389554651732264,2,1,6,0
2024-06-18 03:00:00,0.0,27.781022959518253,75.1391833989101,0.9126060091826702,9.972775461745398,3,1,6,0
2024-06-18 04:00:00,0.0,27.144986229792117,67.40275714395388,0.9833795704407278,1.0005865738476194,4,1,6,0
2024-06-18 05:00:00,0.0,29.228759312059243,69.52739893662459,0.6187090853308488,6.333390461982825,5,1,6,0
2024-06-18 06:00:00,0.578220184089274,29.10337813392809,71.60398888394987,0.3482701100050578,6.571253783621537,6,1,6,0
2024-06-18 07:00:00,0.6385021345300073,30.746066271368214,73.48587872886743,0.9214594468141142,7.044568494554552,7,1,6,0
2024-06-18 08:00:00,0.7366925972679705,30.59239854081313,63.32423675232571,0.9748522164388189,0.24257194130642756,8,1,6,0
2024-06-18 09:00:00,2.388860720538541,33.068156864966205,67.87240327208711,0.517669693080828,2.3272648332189263,9,1,6,0
2024-06-18 10:00:00,5.312130144364436,34.69904834442871,66.04644831800078,0.3750752178121003,1.1789536342462614,10,1,6,0
2024-06-18 11:00:00,9.010412634658133,35.67962111390932,71.24479471977709,0.010685275897037605,9.813638767038494,11,1,6,0
2024-06-18 12:00:00,5.967691370169171,37.906181177360104,56.935430008751275,0.38122719080948053,9.416363162293928,12,1,6,0
2024-06-18 13:00:00,9.630971218972812,37.72646963876733,54.632475072548424,0.20054601794579419,2.045392100954868,13,1,6,0
2024-06-18 14:00:00,6.048538407840542,36.74597250226755,56.76880961372254,0.05404406428382036,4.0646259257144255,14,1,6,0
2024-06-18 15:00:00,4.219743278148383,37.90535969250998,55.43772411350715,0.7835377622278066,0.3074598470987422,15,1,6,0
2024-06-18 16:00:00,2.7626462568733783,36.590119596160434,62.55863106745548,0.24863829395709924,4.073344129073826,16,1,6,0
2024-06-18 17:00:00,1.7116305530870395,35.65655867609897,60.3542486880523,0.6579825763233722,4.251566066124845,17,1,6,0
2024-06-18 18:00:00,1.2749227020125908,34.45628921059241,61.5359083153503,0.5601775187097675,8.610284168814996,18,1,6,0
2024-06-18 19:00:00,0.5434624434611781,34.135706724261176,68.03768590572763,0.29620055785476695,2.929921152784808,19,1,6,0
2024-06-18 20:00:00,0.0,33.526671447264775,64.94317887740135,0.24222654359647078,7.391513790444173,20,1,6,0
2024-06-18 21:00:00,0.0,30.956134467883842,68.08958334526866,0.13477536865419992,9.89063144494541,21,1,6,0
2024-06-18 22:00:00,0.0,28.182067381748862,67.73282408150594,0.18302828955014772,5.17306051230176,22,1,6,0
2024-06-18 23:00:00,0.0,28.38331665531711,77.51481310492572,0.9526903594245224,1.677653567521682,23,1,6,0
2024-06-19 00:00:00,0.0,29.293859588137163,70.71516088967296,0.5834411854449392,3.64870894565565,0,2,6,0
2024-06-19 01:00:00,0.0,27.06660357193203,81.43811307854688,0.12179812321564931,4.412514148018801,1,2,6,0
2024-06-19 02:00:00,0.0,25.645626739788437,84.0996876251299,0.1596685484991769,5.967016534123383,2,2,6,0
2024-06-19 03:00:00,0.0,26.705426416080435,77.47413992766414,0.32802643412078614,0.8602829558716651,3,2,6,0
2024-06-19 04:00:00,0.0,27.966066299935505,72.8813472382402,0.2841744510347697,6.158173578696836,4,2,6,0
2024-06-19 05:00:00,0.0,29.370725365508587,69.39627560508596,0.8424308774689764,5.321958447369818,5,2,6,0
2024-06-19 06:00:00,0.8031439176974434,29.591342895122693,75.20787355493592,0.38196810291613525,1.8093316569253504,6,2,6,0
2024-06-19 07:00:00,1.8081342780191625,31.20832146082903,68.9613186576011,0.013259239890088148,4.793263061306559,7,2,6,0
2024-06-19 08:00:00,2.6994340113113564,32.20555527442765,66.28931311303386,0.14696435453877987,1.8452515323948804,8,2,6,0
2024-06-19 09:00:00,3.4789135877263977,32.59818664779393,66.55805296454034,0.13245113481117055,1.2423582381824894,9,2,6,0
2024-06-19 10:00:00,5.790221249382594,34.65323346877218,62.94087791898859,0.4047135199792985,9.235086641104056,10,2,6,0
2024-06-19 11:00:00,6.763112656803955,34.768331521781576,55.754824298493006,0.46418354743968626,0.30311543606100777,11,2,6,0
2024-06-19 12:00:00,7.932605495916431,36.220934082368686,63.09529504609438,0.148978627333898,1.8803057060075523,12,2,6,0
2024-06-19 13:00:00,5.25354964559479,37.60813907392475,52.169151144207966,0.6950044146784156,2.4717163553236157,13,2,6,0
2024-06-19 14:00:00,3.5859545676664273,36.062587762799865,56.30722350269492,0.7599991384571041,0.14288189579947597,14,2,6,0
2024-06-19 15:00:00,9.289005085711535,36.71983702043951,48.16122125814174,0.03453151552088207,3.419333513037367,15,2,6,0
2024-06-19 16:00:00,4.782126418948447,38.09780693243269,50.966536923566615,0.0675825799899199,2.429983422022218,16,2,6,0
2024-06-19 17:00:00,1.3989732744651149,38.13352382722847,54.87855751289399,0.7903019805894621,6.90190528380924,17,2,6,0
2024-06-19 18:00:00,1.5252473070630173,35.26403443304749,63.13786077015361,0.5680242164457765,9.20306467445595,18,2,6,0
2024-06-19 19:00:00,0.4302245314664957,34.91297819842739,60.264762823293005,0.7189265837292778,8.902614001072012,19,2,6,0
2024-06-19 20:00:00,0.0,32.18846067696269,62.26926772759438,0.2015218647862651,6.148288303888042,20,2,6,0
2024-06-19 21:00:00,0.0,33.11652872020708,63.49140932742316,0.5076928534517609,0.7101238157585044,21,2,6,0
2024-06-19 22:00:00,0.0,29.852341428912624,76.70950974516171,0.6941075729661507,8.77677350249426,22,2,6,0
2024-06-19 23:00:00,0.0,28.7178038825688,70.71036133360495,0.21849365224996853,8.588919866393066,23,2,6,0
2024-06-20 00:00:00,0.0,27.155592195462955,80.23774993546655,0.49070310288147956,5.816065932868419,0,3,6,0
2024-06-20 01:00:00,0.0,27.877152125032776,75.5668526688607,0.011440646675165866,0.11003596603441301,1,3,6,0
2024-06-20 02:00:00,0.0,25.575070970687673,72.03699684377575,0.36067767885897783,9.361714589959137,2,3,6,0
2024-06-20 03:00:00,0.0,27.795763655817716,76.68142164385169,0.778747179423176,3.0885350227082564,3,3,6,0
2024-06-20 04:00:00,0.0,26.933176372172902,74.96343079957856,0.6138731688014807,9.335472734375339,4,3,6,0
2024-06-20 05:00:00,0.0,29.202728280432652,63.55410879218769,0.4969958259195273,2.4074204716892944,5,3,6,0
2024-06-20 06:00:00,0.8263552695272554,29.339955395734542,71.31965480571037,0.020675689019395427,7.746610772494122,6,3,6,0
2024-06-20 07:00:00,0.8989998878155949,31.305882195026264,72.35934315322967,0.6786989379189395,5.234881285939544,7,3,6,0
2024-06-20 08:00:00,1.126236369332336,32.739890685319786,63.00443259598905,0.7089845431719595,7.729867894363713,8,3,6,0
2024-06-20 09:00:00,2.6039455966157394,32.65666114997433,71.56206887327859,0.4981222443237795,9.634921050038237,9,3,6,0
2024-06-20 10:00:00,5.924052747475369,33.51922937989482,65.1948638241807,0.4186581231253136,2.8906933965297954,10,3,6,0
2024-06-20 11:00:00,6.8005072218163845,36.84949227876932,61.658634610585366,0.25394714519212214,6.603507969059928,11,3,6,0
2024-06-20 12:00:00,5.094927084189927,36.645531694780786,52.16536362153291,0.48447181844462517,4.9088440450794435,12,3,6,0
2024-06-20 13:00:00,6.938491221815994,37.07283028429649,46.92133764968986,0.41105757727014514,7.104168564452323,13,3,6,0
2024-06-20 14:00:00,3.5541759418739898,38.85169789692397,52.89581316260924,0.7465454711360312,1.541662328020127,14,3,6,0
2024-06-20 15:00:00,2.776469006894539,38.48838164195564,49.72382619076337,0.8361571277722655,8.976059489863124,15,3,6,0
2024-06-20 16:00:00,2.984999786490292,36.79188540101475,51.31817954844025,0.5698831879720162,8.919661450966359,16,3,6,0
2024-06-20 17:00:00,2.111932493747577,37.3959189824754,52.4181443245631,0.20655504356440646,0.4733021016484129,17,3,6,0
2024-06-20 18:00:00,0.980067841350243,35.737147930182374,63.32204015414831,0.5919770345178031,2.113479680306117,18,3,6,0
2024-06-20 19:00:00,0.38918459347614354,34.5512273854458,57.53769180989826,0.9176717149689907,1.2681559189182734,19,3,6,0
2024-06-20 20:00:00,0.0,33.40455647406838,68.41707430313491,0.3267202088038036,1.01726770741692,20,3,6,0
2024-06-20 21:00:00,0.0,32.062314339325596,66.59210092708145,0.13293017958425923,8.656837153306256,21,3,6,0
2024-06-20 22:00:00,0.0,29.836122422440226,70.69079473025229,0.4278546272068402,0.20397624686306015,22,3,6,0
2024-06-20 23:00:00,0.0,27.94636374993058,70.87504594926098,0.6217284837277351,7.892412195637492,23,3,6,0
2024-06-21 00:00:00,0.0,27.698910279804792,86.14696174279058,0.42428537189755344,1.5483412121471773,0,4,6,0
2024-06-21 01:00:00,0.0,27.29365208869317,68.65044395718886,0.6368137579405306,9.008114922246916,1,4,6,0
2024-06-21 02:00:00,0.0,26.128636531987276,84.70776889572821,0.778577207404242,7.414463354087458,2,4,6,0
2024-06-21 03:00:00,0.0,28.12611158768522,71.56181221880384,0.1549615486694349,1.461003793746889,3,4,6,0
2024-06-21 04:00:00,0.0,26.058815761598932,79.83984148811847,0.16777150728365908,2.743810143992432,4,4,6,0
2024-06-21 05:00:00,0.0,28.118562795008604,64.33517427765264,0.3702005710203644,5.7790908262699165,5,4,6,0
2024-06-21 06:00:00,0.4868571665358848,29.400297137481793,75.90601490090904,0.6824245389945085,9.071228076766456,6,4,6,0
2024-06-21 07:00:00,1.9831770023603588,32.51876554608789,66.30468637272593,0.02454279669350834,6.247880149415897,7,4,6,0
2024-06-21 08:00:00,1.6581992182731318,33.57147220179391,54.252483893608904,0.42416996244989125,9.042837042329685,8,4,6,0
2024-06-21 09:00:00,1.571916301366341,34.40183587010942,54.15969380382191,0.8422370700309872,6.559363026952369,9,4,6,0
2024-06-21 10:00:00,6.727630214748496,33.233545165860484,72.27789906953,0.20376898217704764,7.073262144595132,10,4,6,0
2024-06-21 11:00:00,4.593213026706232,36.79474451295559,58.46004798809117,0.5232676843716488,8.398596560298731,11,4,6,0
2024-06-21 12:00:00,4.62974684378307,39.30666798465953,50.15105252392945,0.8182130574961558,8.707322459454447,12,4,6,0
2024-06-21 13:00:00,7.276132860093023,37.15640926216684,46.15683217861124,0.39784525719445896,0.7921519449132397,13,4,6,0
2024-06-21 14:00:00,3.8563814666775516,36.710130957271325,48.64987137900226,0.6639095902754473,0.2409682958917192,14,4,6,0
2024-06-21 15:00:00,5.86949065271839,37.835240006001726,51.71995708507178,0.3665326344398959,9.247024363228535,15,4,6,0
2024-06-21 16:00:00,1.4773671411067395,35.991381959436076,52.35863421032947,0.9395188621508267,4.4359551281043155,16,4,6,0
2024-06-21 17:00:00,1.8610765643304361,36.406661642651024,57.459318148412684,0.4708105282530386,7.547625804062038,17,4,6,0
2024-06-21 18:00:00,1.0672658255313527,35.81317408593286,62.038689664485474,0.8357530317389948,2.5048141672250592,18,4,6,0
2024-06-21 19:00:00,0.8219250168511267,32.84683534561475,69.87981760824682,0.4779014515695157,4.2457017134415755,19,4,6,0
2024-06-21 20:00:00,0.0,33.22851269377089,63.94330504923053,0.47029050863421207,6.113988886756454,20,4,6,0
2024-06-21 21:00:00,0.0,31.567323102222648,65.52256525068199,0.15567756359629625,7.088545851922497,21,4,6,0
2024-06-21 22:00:00,0.0,28.455414530574846,70.52348361342047,0.2221547008383331,5.1109875548573855,22,4,6,0
2024-06-21 23:00:00,0.0,28.468487971427685,79.54980128230679,0.4991114287281305,8.107655340019935,23,4,6,0
2024-06-22 00:00:00,0.0,27.898129617348992,74.70292266582511,0.5047252489600729,3.083371526179852,0,5,6,1
2024-06-22 01:00:00,0.0,25.773283162529328,80.59036701295356,0.06756361801317723,5.081109712717891,1,5,6,1
2024-06-22 02:00:00,0.0,27.30020693005728,83.0871951627799,0.5018841593418012,9.421514210215108,2,5,6,1
2024-06-22 03:00:00,0.0,27.534226837056867,69.42434955545782,0.5984732072289473,0.6696304423930055,3,5,6,1
2024-06-22 04:00:00,0.0,28.055109909251833,69.05952812709073,0.7028130641292937,4.138281456503384,4,5,6,1
2024-06-22 05:00:00,0.0,28.61199160880567,73.63214622276263,0.14096338130712083,0.8430543862011386,5,5,6,1
2024-06-22 06:00:00,0.9309387503636845,32.139790533119005,63.62223841570155,0.23376781133012847,7.290263248150546,6,5,6,1
2024-06-22 07:00:00,0.823767806440503,32.216619229482525,67.1284183557372,0.7189837026181283,8.21186037744985,7,5,6,1
2024-06-22 08:00:00,2.139190624875771,33.15413945433773,61.11312409935919,0.10283918041466855,6.1404492207665875,8,5,6,1
2024-06-22 09:00:00,2.4104331059385458,33.69180801579394,60.72913846065085,0.534752777806505,6.600032706342921,9,5,6,1
2024-06-22 10:00:00,4.087526278809755,34.963899149608906,60.63611719471611,0.712473922566282,3.139818367761219,10,5,6,1
2024-06-22 11:00:00,5.133594821450556,37.1383879971477,55.28603311259423,0.5083015869545163,3.5394024241254596,11,5,6,1
2024-06-22 12:00:00,3.6945101931935733,37.07151999949324,54.33160075470962,0.9252054179905596,5.548787208541758,12,5,6,1
2024-06-22 13:00:00,9.539856563776988,37.41267639099908,58.86226651808859,0.23242958734095553,0.8086714042453236,13,5,6,1
2024-06-22 14:00:00,6.28047552653213,37.07815991225294,55.99978823951561,0.32584359445414024,9.188185986429838,14,5,6,1
2024-06-22 15:00:00,4.6466415794835125,38.767321693266176,51.616946928756896,0.6964985966372895,2.293909718225815,15,5,6,1
2024-06-22 16:00:00,1.838113880622738,39.28719596099242,48.072991990245264,0.6839234355655224,8.326409247721301,16,5,6,1
2024-06-22 17:00:00,1.782054100821945,36.0356939916186,58.92930261620519,0.4747972542703901,3.5561339072478937,17,5,6,1
2024-06-22 18:00:00,1.1899481900427686,34.06897217032568,69.01824423463057,0.49688266774383527,0.10273601278179334,18,5,6,1
2024-06-22 19:00:00,0.5500703000411408,32.51996582403323,66.52823247618052,0.7481860729188085,4.160166288394023,19,5,6,1
2024-06-22 20:00:00,0.0,30.855930056865756,73.35376542288743,0.5504895221518266,1.6497674302421594,20,5,6,1
2024-06-22 21:00:00,0.0,31.75230529123832,74.75062941047591,0.9317846614091502,6.796037728290903,21,5,6,1
2024-06-22 22:00:00,0.0,28.544046126641714,71.59743094068429,0.24361500378598877,3.3887118643285263,22,5,6,1
2024-06-22 23:00:00,0.0,28.62071164641142,75.9528565528377,0.18243890757733383,3.2878803587806607,23,5,6,1
2024-06-23 00:00:00,0.0,27.899287516579996,75.39692990029643,0.5799559430802993,1.9300266282044143,0,6,6,1
2024-06-23 01:00:00,0.0,28.085403734945377,77.20978075256976,0.23201828940116953,4.936757194091656,1,6,6,1
2024-06-23 02:00:00,0.0,28.40892725641318,75.95791222007504,0.3689972937378443,1.761336420937858,2,6,6,1
2024-06-23 03:00:00,0.0,27.87393579259339,73.43189033556119,0.6568823138614689,9.539280019285833,3,6,6,1
2024-06-23 04:00:00,0.0,28.490515388533595,66.85900802009753,0.1731381500079705,1.9931652570957459,4,6,6,1
2024-06-23 05:00:00,0.0,30.128852521071366,65.80846800988377,0.40926165338843634,1.2998993262968905,5,6,6,1
2024-06-23 06:00:00,0.42832528829522987,30.79505783577468,69.9136289055932,0.8860806956847534,7.562376797341667,6,6,6,1
2024-06-23 07:00:00,0.9698078229868444,32.205465192812795,61.560762831201565,0.640847776058432,4.601542485143286,7,6,6,1
2024-06-23 08:00:00,2.9004323007838093,33.05228380371477,58.05780074871877,0.18877471034399418,1.453680934340782,8,6,6,1
2024-06-23 09:00:00,1.530355409826262,35.02661945418971,53.817962827499734,0.7417866462895519,7.258324846676136,9,6,6,1
2024-06-23 10:00:00,4.983785278979982,36.041761387459246,53.333587473868704,0.723997066476458,0.08721143352239724,10,6,6,1
2024-06-23 11:00:00,6.29439151970557,34.49960357541036,58.376405089018874,0.24209431974490414,4.316926344909265,11,6,6,1
2024-06-23 12:00:00,8.436269850409435,37.10312777691762,58.93528563509464,0.3285312118811642,5.785251753946997,12,6,6,1
2024-06-23 13:00:00,6.879234852227601,37.03297271477589,49.45366178740734,0.4453548764278209,1.0779161921347336,13,6,6,1
2024-06-23 14:00:00,5.813436380752337,36.78049884451138,59.10349163678331,0.5530075430685115,5.821326650447852,14,6,6,1
2024-06-23 15:00:00,6.103955121005308,36.419727692138025,62.87317653227607,0.40099629000728876,7.3568799131231035,15,6,6,1
2024-06-23 16:00:00,1.9826777406538516,37.23697438895384,55.417793813035814,0.7493467122881445,9.55444603809814,16,6,6,1
2024-06-23 17:00:00,1.0356885322491227,35.88878143516173,68.2521722966404,0.9000706678694633,7.188387500813792,17,6,6,1
2024-06-23 18:00:00,1.0221394187449566,34.54522884820464,66.72009013350215,0.653109871357535,9.71864772491312,18,6,6,1
2024-06-23 19:00:00,1.076995266435024,34.05416238596349,53.858279179013095,0.11676567266975968,6.551323927205818,19,6,6,1
2024-06-23 20:00:00,0.0,32.74349481822275,56.34844573387156,0.29851539495928225,1.7244580892089434,20,6,6,1
2024-06-23 21:00:00,0.0,31.187000580673814,64.958996887243,0.4930445394420936,1.2687741070949532,21,6,6,1
2024-06-23 22:00:00,0.0,28.98347476187235,72.5519845002729,0.7884208873690203,4.3226421796847925,22,6,6,1
2024-06-23 23:00:00,0.0,29.1675914106743,74.03232249081778,0.44243420422404367,7.222666229400689,23,6,6,1
2024-06-24 00:00:00,0.0,26.015806242000103,71.92936895029308,0.46097640833469,6.241425970268558,0,0,6,0
2024-06-24 01:00:00,0.0,27.435042383984342,75.18253223735084,0.7870971099449752,1.5109019322299677,1,0,6,0
2024-06-24 02:00:00,0.0,28.81316281292289,73.56202213097757,0.8866930607314312,9.608599718968287,2,0,6,0
2024-06-24 03:00:00,0.0,26.927303064922757,74.30334613115541,0.21334600774767964,7.172647887737322,3,0,6,0
2024-06-24 04:00:00,0.0,28.72358389018046,75.38630427571813,0.856964282702147,6.909354613936003,4,0,6,0
2024-06-24 05:00:00,0.0,28.744456084029203,78.42534838763929,0.3920990448388131,5.34686742845976,5,0,6,0
2024-06-24 06:00:00,0.4668717549392401,31.432183207608645,71.13309033241438,0.8394160320812116,1.5998871085091804,6,0,6,0
2024-06-24 07:00:00,1.521741927814607,31.355370659741013,69.06105535695025,0.049617757787142946,7.465881369649424,7,0,6,0
2024-06-24 08:00:00,1.0805397412214972,32.095833339110435,71.72032737767643,0.958967615891327,6.009483111387148,8,0,6,0
2024-06-24 09:00:00,3.370196390972446,35.084956220567214,63.65671458146802,0.07971542767018147,8.70510916046653,9,0,6,0
2024-06-24 10:00:00,3.8820099927872143,34.60276730378815,60.078205798610746,0.8983309280271203,2.008345478261593,10,0,6,0
2024-06-24 11:00:00,9.459886741586558,36.3667250113408,58.88222220771249,0.057734406434987284,7.514673241953221,11,0,6,0
2024-06-24 12:00:00,10.686770450791942,35.81071070910524,55.585048111611485,0.05601866073046502,3.9223187909551562,12,0,6,0
2024-06-24 13:00:00,6.93762681444533,37.60350516156195,68.10995644874119,0.45226311204242264,1.8459889139909702,13,0,6,0
2024-06-24 14:00:00,4.295056042047934,39.027559962504725,44.103768173779976,0.6021248044765738,6.323790428013978,14,0,6,0
2024-06-24 15:00:00,3.2039107683574586,37.62099779306507,53.62794463716126,0.9159619216324837,1.0203277921114973,15,0,6,0
2024-06-24 16:00:00,1.9020480808167468,38.5166213801519,60.86527895251417,0.7891950597581137,6.561522630132535,16,0,6,0
2024-06-24 17:00:00,2.4684820784300507,36.348484578499566,62.17756524238477,0.20913496854960079,9.162042132274811,17,0,6,0
2024-06-24 18:00:00,0.9081277609059544,35.855312083998236,58.5365731550033,0.5368072096139991,6.597839652356154,18,0,6,0
2024-06-24 19:00:00,0.49994855169525415,33.647671185215366,60.761115692398604,0.8736528110032418,7.031170788632534,19,0,6,0
2024-06-24 20:00:00,0.0,31.49291281646001,65.38551756140482,0.9702048742718036,6.470572521041788,20,0,6,0
2024-06-24 21:00:00,0.0,31.429683427827555,65.03070073500776,0.7924497596996998,1.6574446246107022,21,0,6,0
2024-06-24 22:00:00,0.0,29.13217511136154,67.31338427630908,0.3354598439652078,4.912643687809677,22,0,6,0
2024-06-24 23:00:00,0.0,28.205308689255492,71.9578854672862,0.36416235524312557,9.416278327394007,23,0,6,0
2024-06-25 00:00:00,0.0,30.935094541550725,72.02503993520033,0.2573236610326839,2.4671006768223833,0,1,6,0
2024-06-25 01:00:00,0.0,26.645595380931475,83.14647581959133,0.7261247419359919,4.443772223428899,1,1,6,0
2024-06-25 02:00:00,0.0,26.214914015549766,76.35675060742322,0.15091537271591293,5.4606996571948425,2,1,6,0
2024-06-25 03:00:00,0.0,27.396866305992276,82.21526075214263,0.28657809568412085,7.304589939897372,3,1,6,0
2024-06-25 04:00:00,0.0,29.337579752871964,76.45113452124372,0.3402466944865904,6.238541314833254,4,1,6,0
2024-06-25 05:00:00,0.0,27.395211059568513,82.67102345676996,0.8368481573473673,0.4558257581689229,5,1,6,0
2024-06-25 06:00:00,0.37370674533386167,28.90994453830468,67.18989752869427,0.9943002050309812,1.2471744764202042,6,1,6,0
2024-06-25 07:00:00,1.02085897340118,31.952755406542238,75.15266152437965,0.7074966294231398,5.433127449549645,7,1,6,0
2024-06-25 08:00:00,3.1860428032383616,31.592934925152864,69.77941256017212,0.05865241099019314,2.595932658855858,8,1,6,0
2024-06-25 09:00:00,2.6099157248573244,33.360831790111874,66.94200885733072,0.4643759520929681,7.685835769106034,9,1,6,0
2024-06-25 10:00:00,3.284204558626037,35.386417852975654,65.20080748844077,0.7998593696869013,3.156358449161718,10,1,6,0
2024-06-25 11:00:00,6.025585906118737,34.63343087352879,62.162079887632395,0.26412898200758217,7.547089838674203,11,1,6,0
2024-06-25 12:00:00,6.773240250010794,36.40854787584921,64.27693017496316,0.4713622817818176,8.494955086435597,12,1,6,0
2024-06-25 13:00:00,5.460544563682578,37.9318446843286,48.28330259553368,0.5055570549485326,8.090116478668287,13,1,6,0
2024-06-25 14:00:00,6.223536759658987,38.17758475922322,56.08089789175752,0.16610474819106102,2.638362307523142,14,1,6,0
2024-06-25 15:00:00,7.317125988409822,38.168315471705974,53.940073554670256,0.028304019880970532,6.752259735938958,15,1,6,0
2024-06-25 16:00:00,1.8568990869882955,37.0575102419867,48.56297609662287,0.6263150709359339,8.167347914227543,16,1,6,0
2024-06-25 17:00:00,2.024736130405942,37.561236692486105,52.63060119222975,0.554592333756248,8.796977614822078,17,1,6,0
2024-06-25 18:00:00,1.141758339517191,33.77543631851786,65.44560489654867,0.3267023991207124,8.641603743169256,18,1,6,0
2024-06-25 19:00:00,0.6116771527325746,34.5446624503127,65.3012083345269,0.3384023074516411,4.293320994913191,19,1,6,0
2024-06-25 20:00:00,0.0,32.4030614331688,65.34531186663685,0.3529111993941195,1.9503352766715631,20,1,6,0
2024-06-25 21:00:00,0.0,32.84425112036227,71.22423715925643,0.6091885110952943,6.623257354017325,21,1,6,0
2024-06-25 22:00:00,0.0,29.333454251001793,78.01094530039279,0.2656785403498204,4.230004826903182,22,1,6,0
2024-06-25 23:00:00,0.0,30.59357004017012,74.66571826926933,0.4185687930072326,9.157798929460103,23,1,6,0
2024-06-26 00:00:00,0.0,27.25534059225409,71.95987751739302,0.5626377385312559,6.425520359709336,0,2,6,0
2024-06-26 01:00:00,0.0,29.086181655587,71.61120549653663,0.5520623632680725,0.6956065994578298,1,2,6,0
2024-06-26 02:00:00,0.0,28.04286317863972,71.53536161460477,0.22022825023959025,0.19535758984126406,2,2,6,0
2024-06-26 03:00:00,0.0,28.9304125376696,72.699546959195,0.8370665266446078,6.453787971919967,3,2,6,0
2024-06-26 04:00:00,0.0,27.266948613466138,69.18622930076084,0.2552332762311923,9.238069834586023,4,2,6,0
2024-06-26 05:00:00,0.0,29.602349680092242,74.66767657426855,0.591330289867657,8.848239738527043,5,2,6,0
2024-06-26 06:00:00,0.811004592807591,30.34068685138578,76.56077323819667,0.41408212809808076,3.448527770368651,6,2,6,0
2024-06-26 07:00:00,0.9358614828955004,30.404560156925015,67.88643493288585,0.7978316608681174,5.168254287600526,7,2,6,0
2024-06-26 08:00:00,1.6028205452882063,33.88154512923789,47.85261474769368,0.5854556140422164,7.138278446299058,8,2,6,0
2024-06-26 09:00:00,4.412396751149674,33.75528703989311,58.38279308575312,0.14047361465751906,8.51015555495031,9,2,6,0
2024-06-26 10:00:00,2.66190201773584,37.32865509698334,53.826503970314356,0.9317836422275633,9.693937756458707,10,2,6,0
2024-06-26 11:00:00,6.861705202775656,35.56549197041982,69.70143391645824,0.5244053019311314,5.264033920559129,11,2,6,0
2024-06-26 12:00:00,3.793740056756151,40.0,42.147830382957075,0.8431274119843555,1.2355679389317997,12,2,6,0
2024-06-26 13:00:00,7.178534066635705,37.820588013608166,61.49504988307095,0.22826873138722126,5.238225303119844,13,2,6,0
2024-06-26 14:00:00,2.3466725607168346,37.4540057625898,62.316372877616736,0.9351309354991214,4.751622252206117,14,2,6,0
2024-06-26 15:00:00,5.345741499718692,37.64386613586586,60.63847248094879,0.5627086776261425,9.285001012374414,15,2,6,0
2024-06-26 16:00:00,2.430949393329996,36.240378020855935,59.849744601800744,0.7075308476799136,1.9058413441451316,16,2,6,0
2024-06-26 17:00:00,1.1020537087813804,36.82898916829599,52.93997355933226,0.9518833240713364,2.4311575685380737,17,2,6,0
2024-06-26 18:00:00,2.085003892778197,34.62111739560081,64.34215831607641,0.009191295475995065,7.570630192562887,18,2,6,0
2024-06-26 19:00:00,0.2924387255419294,34.46303617268218,66.57952872261154,0.9669183287331446,8.75164632074295,19,2,6,0
2024-06-26 20:00:00,0.0,32.32721660534401,68.79312292189104,0.811347817510714,2.262333036099852,20,2,6,0
2024-06-26 21:00:00,0.0,30.4880685614717,63.04618702405179,0.2044692021492186,4.6338258181115775,21,2,6,0
2024-06-26 22:00:00,0.0,29.554370999981074,68.95714667736054,0.0848837017439763,8.869558020439355,22,2,6,0
2024-06-26 23:00:00,0.0,27.828390593567217,73.5655007462599,0.3986598763149509,1.1230413718138343,23,2,6,0
2024-06-27 00:00:00,0.0,27.94337341963139,80.66565259529025,0.6127238838566571,7.903084727927995,0,3,6,0
2024-06-27 01:00:00,0.0,27.772564718620064,78.85340122821097,0.5135655500407239,9.190669171382481,1,3,6,0
2024-06-27 02:00:00,0.0,27.681533118469808,79.90188714437181,0.8732800914599532,5.566198403542852,2,3,6,0
2024-06-27 03:00:00,0.0,29.67588069116524,66.4432980457278,0.6376964832554718,4.2857655793420495,3,3,6,0
2024-06-27 04:00:00,0.0,29.40120370844438,74.7763401913815,0.6531415988389977,9.779286526498442,4,3,6,0
2024-06-27 05:00:00,0.0,28.95954725608773,70.34987599507988,0.7048365851469085,1.6208375135509,5,3,6,0
2024-06-27 06:00:00,0.8560466834964248,30.050690002549,75.244886504886,0.2787891344379767,4.542635389958275,6,3,6,0
2024-06-27 07:00:00,1.5896350202355944,32.55553827702927,69.67656515067208,0.2123747468507381,6.270633858317422,7,3,6,0
2024-06-27 08:00:00,2.890738254429885,33.82860545340811,58.23761906273793,0.2034105790235866,6.367073359325978,8,3,6,0
2024-06-27 09:00:00,4.841216330438627,33.83613091830666,64.1012072515607,0.12606435617855027,8.075067039498416,9,3,6,0
2024-06-27 10:00:00,7.140128687786727,35.403372601698486,56.83701394613243,0.12131554634978325,8.312236922024457,10,3,6,0
2024-06-27 11:00:00,9.61711263662323,35.13893383378897,66.1184749959806,0.1753194492804162,3.2959180279294795,11,3,6,0
2024-06-27 12:00:00,4.183535420272118,35.677169437788,57.59341238425768,0.8093909257723402,0.3566515298269013,12,3,6,0
2024-06-27 13:00:00,5.808691999599648,37.90043775086293,55.77823273491489,0.5320278961819732,4.018528481853171,13,3,6,0
2024-06-27 14:00:00,5.391165746219547,38.16167601480779,54.110942539901465,0.4645635974942084,6.019431846146737,14,3,6,0
2024-06-27 15:00:00,4.648571608806096,37.29029031309405,52.578872840013545,0.6750111697472692,7.693889444513977,15,3,6,0
2024-06-27 16:00:00,2.63746038108484,36.415250934323915,58.31525738259721,0.23749893079229167,2.96956735676295,16,3,6,0
2024-06-27 17:00:00,2.0289670808172477,36.18114051423884,54.34729594907758,0.32484420501606526,9.592700640526223,17,3,6,0
2024-06-27 18:00:00,0.8059610764834848,33.97376662113263,59.9104661477273,0.8018862316893403,7.4621043319383915,18,3,6,0
2024-06-27 19:00:00,0.29107564177677114,34.08432271862305,55.36144120577438,0.9719777708246716,0.7126255382726132,19,3,6,0
2024-06-27 20:00:00,0.0,31.09467493810974,64.82219672374046,0.464112792038486,5.577526655692118,20,3,6,0
2024-06-27 21:00:00,0.0,29.724449855077605,73.02473272920554,0.8604119200254822,7.258373726021256,21,3,6,0
2024-06-27 22:00:00,0.0,32.13030251284959,65.51865444433078,0.38523778177021073,6.4191019716728945,22,3,6,0
2024-06-27 23:00:00,0.0,28.159609709762748,69.84072857533195,0.6168038020102091,2.474501747585612,23,3,6,0
2024-06-28 00:00:00,0.0,27.683325064914424,74.47119609877639,0.6495409762699716,0.9542086619750212,0,4,6,0
2024-06-28 01:00:00,0.0,26.740062823637885,72.97171242621855,0.3873400174209001,4.886017809315532,1,4,6,0
2024-06-28 02:00:00,0.0,27.844999318212086,79.17542772124074,0.0061366967039752085,8.258382469377086,2,4,6,0
2024-06-28 03:00:00,0.0,27.524506999883837,74.4774289609786,0.9397015801834334,8.640189336243065,3,4,6,0
2024-06-28 04:00:00,0.0,27.49292091292469,69.26483573259499,0.5068395264793515,2.226939141997104,4,4,6,0
2024-06-28 05:00:00,0.0,28.193675220077935,75.39646326819653,0.7331359646667681,0.33538422873388374,5,4,6,0
2024-06-28 06:00:00,0.3944864228128772,30.553081521990862,58.014509539832694,0.6676994353481207,3.3186623831390447,6,4,6,0
2024-06-28 07:00:00,1.9394775026667241,30.65115144138735,62.028017141834965,0.06619808360420465,1.557713518107583,7,4,6,0
2024-06-28 08:00:00,2.236436990978887,30.909596013493967,67.87606896595888,0.49810952242827267,6.720030389415571,8,4,6,0
2024-06-28 09:00:00,2.453769954823236,35.388098559298754,62.732346781644424,0.4434801400213989,3.063013780375191,9,4,6,0
2024-06-28 10:00:00,6.8054352760640215,33.83994628633516,56.328352827147825,0.45224140172347504,2.878903713774603,10,4,6,0
2024-06-28 11:00:00,4.272488674770919,36.54899928158551,56.65009870287278,0.8414130866709414,1.0881852862324215,11,4,6,0
2024-06-28 12:00:00,6.386879754543555,36.817969621597506,57.29691260895017,0.6806870486568758,2.91371964384476,12,4,6,0
2024-06-28 13:00:00,3.2757911421021677,38.00078040171289,53.44617727838209,0.8636633244148195,6.323627839864897,13,4,6,0
2024-06-28 14:00:00,2.7032363556481305,39.36681911815167,56.884648667588344,0.8548680553694815,9.30872721509422,14,4,6,0
2024-06-28 15:00:00,8.329587300497693,36.34085948611407,55.04091679751847,0.2644230615890091,0.6747873579520969,15,4,6,0
2024-06-28 16:00:00,2.423240710398196,36.83562477071736,52.26951192281611,0.6956089724798611,6.148768603181349,16,4,6,0
2024-06-28 17:00:00,1.4244561480246278,35.812294215524346,62.92517115552198,0.6446463873377989,6.916338178005287,17,4,6,0
2024-06-28 18:00:00,0.9159303492083518,35.656435410383665,48.93484062803583,0.7187202400737378,0.2985111901189841,18,4,6,0
2024-06-28 19:00:00,0.7952167660798609,34.19840593547718,60.85488175463282,0.03063955421643727,1.760343377676542,19,4,6,0
2024-06-28 20:00:00,0.0,33.20362718431745,60.95366015475935,0.3192974396126612,0.970311318125241,20,4,6,0
2024-06-28 21:00:00,0.0,31.624441399755252,71.25974395531594,0.37378892490042204,6.117950594982928,21,4,6,0
2024-06-28 22:00:00,0.0,29.022859849635463,77.43621281934816,0.4282193195941554,5.83944527003662,22,4,6,0
2024-06-28 23:00:00,0.0,28.64092550701538,69.8347882268664,0.6501971234321456,1.1765645009172299,23,4,6,0
2024-06-29 00:00:00,0.0,29.13491967586631,66.04353847337421,0.6227385953491074,5.427078144856463,0,5,6,1
2024-06-29 01:00:00,0.0,26.516275118723986,70.12903830268462,0.811618375529168,3.276020297524603,1,5,6,1
2024-06-29 02:00:00,0.0,27.394335093788946,74.69961000161831,0.5906412071255983,5.614347912713904,2,5,6,1
2024-06-29 03:00:00,0.0,27.628518660152814,79.45183702545987,0.2652159178490807,3.5149949762983113,3,5,6,1
2024-06-29 04:00:00,0.0,29.059471527148094,71.73494291146514,0.3059284640543104,8.15581319772231,4,5,6,1
2024-06-29 05:00:00,0.0,30.11646033045444,65.39682373732494,0.6805579913652585,5.749422158683175,5,5,6,1
2024-06-29 06:00:00,0.6203247295708542,30.20245105353107,64.08916291227281,0.2916451485682312,9.313415882870762,6,5,6,1
2024-06-29 07:00:00,1.408203501940902,30.70819917214496,74.02029466115336,0.5476790430465385,5.656341711717102,7,5,6,1
2024-06-29 08:00:00,1.5178355977174152,32.96921816473803,65.8858664221352,0.7703482302778819,5.627902677655724,8,5,6,1
2024-06-29 09:00:00,2.723645397558469,33.90613177769719,65.9618344368556,0.5121537469213123,3.5999484526555525,9,5,6,1
2024-06-29 10:00:00,5.882149780519286,36.19841250196495,59.56628047434174,0.4146017654207198,6.6269023899019555,10,5,6,1
2024-06-29 11:00:00,6.839193257555427,35.77179163242676,61.31766353240013,0.10276242736012509,7.356778677794375,11,5,6,1
2024-06-29 12:00:00,3.4091245768545684,35.791557982489884,56.31520150849115,0.9171013864781755,4.904572000474825,12,5,6,1
2024-06-29 13:00:00,6.281575719204497,36.67950974476783,47.08515806311514,0.35353885025432397,3.189803459548105,13,5,6,1
2024-06-29 14:00:00,6.448341941169022,37.48692649767464,45.420353372393656,0.4635562377096166,6.651954615533073,14,5,6,1
2024-06-29 15:00:00,2.4074188836065424,37.00411780601508,51.68581423566869,0.8885349704138881,9.992444716504604,15,5,6,1
2024-06-29 16:00:00,2.4227281293162117,37.38869214852478,50.097929311507,0.3247817346309264,5.1906159900143365,16,5,6,1
2024-06-29 17:00:00,1.1045143556295716,36.12246911777697,64.26088736908828,0.9478674603479285,1.4741563476774733,17,5,6,1
2024-06-29 18:00:00,2.0061029238329255,34.1849595987228,60.225697463564074,0.13078341244698477,0.8463263349031847,18,5,6,1
2024-06-29 19:00:00,0.7467622582687912,35.24329181841129,44.95633533574333,0.4842035409469253,9.661159790925701,19,5,6,1
2024-06-29 20:00:00,0.0,32.91202905363996,69.77734399260828,0.5619954348129464,7.993772327713828,20,5,6,1
2024-06-29 21:00:00,0.0,32.02124627073519,72.85892362225215,0.33823023876794966,6.60669102064718,21,5,6,1
2024-06-29 22:00:00,0.0,28.884073364545028,75.94277143228852,0.6232867761461253,6.17298238272919,22,5,6,1
2024-06-29 23:00:00,0.0,29.48616721485022,80.07372279272953,0.6392255789705873,3.8637917630694254,23,5,6,1
2024-06-30 00:00:00,0.0,27.19254094224468,81.7393696348597,0.4917092645825816,7.907239177271997,0,6,6,1
2024-06-30 01:00:00,0.0,28.68460679218048,77.16226566373298,0.9604418713122163,3.841470326218539,1,6,6,1
2024-06-30 02:00:00,0.0,28.20465298133913,71.42917782581881,0.45483707911930893,0.24495256330343773,2,6,6,1
2024-06-30 03:00:00,0.0,29.290541890219743,76.95419068403082,0.2176119544787124,6.84299010748297,3,6,6,1
2024-06-30 04:00:00,0.0,29.19924202245575,79.55564683261616,0.2900990988801575,7.7636210576680575,4,6,6,1
2024-06-30 05:00:00,0.0,29.14396878113435,68.3655678904658,0.3745364812671115,9.468483333975149,5,6,6,1
2024-06-30 06:00:00,0.8862200373713732,30.472739634537618,67.05144241559243,0.20489894474779746,6.378709864809563,6,6,6,1
2024-06-30 07:00:00,1.2622145284692061,30.384879887085585,77.23510072451018,0.7349536517140975,7.961135746710325,7,6,6,1
2024-06-30 08:00:00,2.9301599451338642,30.738538782474965,66.89469783910033,0.24636527134369668,7.10327001170188,8,6,6,1
2024-06-30 09:00:00,3.811445744247503,32.8963896643028,65.94347647614676,0.3577850249360651,5.020126758660784,9,6,6,1
2024-06-30 10:00:00,4.235571003567491,34.39208014856659,59.64913462910756,0.6302319411254581,2.06642007822433,10,6,6,1
2024-06-30 11:00:00,9.305631058521245,34.52775763926118,61.75933807276998,0.21726331952471145,6.971306195167917,11,6,6,1
2024-06-30 12:00:00,4.9025265828071385,37.083578508591884,54.80878057390939,0.8703757849173519,9.800676427903204,12,6,6,1
2024-06-30 13:00:00,9.249927011679338,38.78731733267143,44.00177617715911,0.13450516086448783,6.586900209943972,13,6,6,1
2024-06-30 14:00:00,3.9980789666052923,36.587833911772485,66.84678787929047,0.8432437742040948,2.7782124841988773,14,6,6,1
2024-06-30 15:00:00,9.502065862856233,38.095224194659686,56.69340583109765,0.10778841644637571,3.145122412676622,15,6,6,1
2024-06-30 16:00:00,4.015295912837345,36.5446744267099,59.93933390392956,0.01789313009114324,7.009346449164182,16,6,6,1
2024-06-30 17:00:00,1.894913636872111,35.00499401306359,51.88818247963279,0.6212739375502435,7.841051900189012,17,6,6,1
2024-06-30 18:00:00,1.3853873541944874,34.75115768897742,52.51561606310822,0.5819993428976643,6.802532002703284,18,6,6,1
2024-06-30 19:00:00,0.4876244600538654,33.247810320907796,59.54003783173397,0.5927855941006746,8.613112350975626,19,6,6,1
2024-06-30 20:00:00,0.0,32.677481297890694,61.72065401489903,0.4420455365470436,2.3187762288834355,20,6,6,1
2024-06-30 21:00:00,0.0,31.515194088030242,73.38669851980829,0.33026583381853103,8.464591942800487,21,6,6,1
2024-06-30 22:00:00,0.0,30.687775741676397,65.75670651406769,0.8332689053070423,4.932742983498465,22,6,6,1
2024-06-30 23:00:00,0.0,28.34064076669126,75.32823646746102,0.0895449567860871,3.2475550655763916,23,6,6,1
